# Blender 4.4.1
# www.blender.org
mtllib Black And Pink Hair.mtl
o Object_2
v 0.212386 -1.641899 -1.009579
v 0.477758 -1.485586 -1.093125
v 0.500000 -1.490429 -1.074956
v 0.211051 -1.641595 -1.010928
v -0.156969 -1.646336 -1.012180
v -0.425062 -1.496957 -1.099549
v -0.155639 -1.646254 -1.013535
v -0.447436 -1.501231 -1.081502
v -0.129170 -1.640793 -0.982954
v -0.473791 -1.525943 -0.931207
v -0.398158 -1.507325 -1.051733
v 0.184083 -1.637029 -0.980761
v 0.450501 -1.496739 -1.045724
v 0.524915 -1.513095 -0.924072
v -0.129170 -1.640793 -0.982954
v -0.276914 -1.476057 -1.098659
v 0.184083 -1.637029 -0.980761
v 0.329142 -1.468341 -1.094345
v 0.027747 -1.680434 -0.949725
v -0.181800 -1.542333 -1.091219
v 0.027122 -1.542367 -1.112973
v 0.026066 -1.430699 -1.161399
v -0.260046 -1.434171 -1.133364
v 0.235634 -1.537666 -1.088348
v 0.311663 -1.427459 -1.129388
v -0.543488 -1.541763 -0.796406
v -0.762517 -1.401200 -0.739425
v -0.694989 -1.380855 -0.824974
v 0.593187 -1.527979 -0.788415
v 0.740945 -1.363450 -0.814895
v 0.807753 -1.382666 -0.728474
v -0.543488 -1.541763 -0.796406
v -0.755424 -1.412324 -0.619349
v 0.593187 -1.527979 -0.788415
v 0.799276 -1.392871 -0.608327
v -0.473791 -1.525943 -0.931207
v -0.527773 -1.400011 -1.058784
v -0.398158 -1.507325 -1.051733
v -0.645406 -1.427129 -0.874782
v -0.574889 -1.311791 -1.030568
v -0.710629 -1.341877 -0.810489
v 0.577465 -1.386418 -1.050977
v 0.524915 -1.513095 -0.924072
v 0.450501 -1.496739 -1.045724
v 0.693250 -1.411087 -0.865407
v 0.621914 -1.297501 -1.022194
v 0.755326 -1.324293 -0.800208
v -0.847045 -1.301433 -0.711486
v -0.755424 -1.412324 -0.619349
v -0.858304 -1.310867 -0.523321
v -0.762517 -1.401200 -0.739425
v 0.889346 -1.279624 -0.699147
v 0.799276 -1.392871 -0.608327
v 0.807753 -1.382666 -0.728474
v 0.898303 -1.290097 -0.511083
v 0.020906 1.424027 -0.670851
v 0.047090 1.470013 -0.534107
v 0.070216 1.434539 -0.642164
v 0.069218 1.464981 -0.551085
v 0.083492 1.457889 -0.572602
v 0.088566 1.449637 -0.596542
v 0.019281 1.473245 -0.523265
v -0.011460 1.474520 -0.519597
v -0.040525 1.423581 -0.671228
v -0.042148 1.472840 -0.523645
v -0.069701 1.468844 -0.534893
v -0.090460 1.431905 -0.643407
v -0.091460 1.462334 -0.552330
v -0.105264 1.454879 -0.574047
v -0.109806 1.447163 -0.597940
v -0.307854 -1.353641 -1.123058
v -0.398158 -1.507325 -1.051733
v -0.276914 -1.476057 -1.098659
v 0.357324 -1.346405 -1.118518
v 0.577465 -1.386418 -1.050977
v 0.329142 -1.468341 -1.094345
v 1.145568 -0.777445 0.379618
v 1.162252 -0.932025 0.251517
v 1.201703 -0.864029 0.226521
v 1.172600 -0.724764 0.373568
v -1.130567 -0.804869 0.363651
v -1.182396 -0.893205 0.209733
v -1.141540 -0.959874 0.235352
v -1.158844 -0.752972 0.357193
v -0.123299 1.364688 -0.517015
v -0.014139 1.390396 -0.489882
v -0.091976 1.351278 -0.558866
v -0.014379 1.396452 -0.466999
v 0.096021 1.366881 -0.515542
v 0.065654 1.353063 -0.557769
v -0.093357 1.351318 -0.558855
v -0.014141 1.390396 -0.489886
v -0.012832 1.345745 -0.596743
v 0.067034 1.352994 -0.557777
v -0.163639 1.314286 -0.616579
v -0.212657 1.334605 -0.557614
v 0.138969 1.317662 -0.614503
v 0.186632 1.339341 -0.554824
v -0.093357 1.351318 -0.558855
v -0.011971 1.314268 -0.665662
v -0.166329 1.314446 -0.616567
v -0.012832 1.345745 -0.596743
v 0.141657 1.317512 -0.614515
v 0.067034 1.352994 -0.557777
v 0.599729 -1.329142 0.550203
v 0.664334 -1.356108 0.473667
v 0.658116 -1.248805 0.553858
v 0.609032 -1.424908 0.474715
v 0.757598 -1.274306 0.466588
v 0.751185 -1.158720 0.553361
v 0.807077 -1.226616 0.457367
v 0.798955 -1.104815 0.551901
v -0.636206 -1.371368 0.464613
v -0.573379 -1.342774 0.542046
v -0.633780 -1.264547 0.544762
v -0.579197 -1.438657 0.466461
v -0.731349 -1.292580 0.456085
v -0.729045 -1.176511 0.542986
v -0.781942 -1.246081 0.446174
v -0.778107 -1.123930 0.540812
v -0.014479 1.397064 -0.449450
v 0.138510 1.366292 -0.499613
v -0.014430 1.395765 -0.454809
v 0.144450 1.367800 -0.490845
v -0.172111 1.364206 -0.493023
v -0.165960 1.363024 -0.501683
v 0.550280 -1.418136 -1.099140
v 0.605842 -1.350210 -1.086308
v 0.576955 -1.422948 -1.075896
v 0.635564 -1.355037 -1.057344
v 0.652387 -1.242256 -1.018751
v 0.614047 -1.237397 -1.051857
v -0.526048 -1.435696 -1.083545
v -0.586529 -1.369852 -1.065935
v -0.556660 -1.364522 -1.094507
v -0.499184 -1.429939 -1.106381
v -0.606794 -1.257905 -1.027665
v -0.568138 -1.251515 -1.060137
v 0.236342 1.327964 -0.538789
v 0.245898 1.329857 -0.526939
v -0.272020 1.324002 -0.530504
v -0.262325 1.322035 -0.542277
v -0.797892 -1.095911 0.539611
v -0.803850 -1.218184 0.439871
v -0.172041 1.413068 -0.394780
v -0.284671 1.395203 -0.264000
v -0.201584 1.423063 -0.248737
v -0.308648 1.370687 -0.430419
v -0.379634 1.370368 -0.281317
v 0.141891 1.416792 -0.392591
v 0.253060 1.401897 -0.260196
v 0.279944 1.378399 -0.426185
v 0.348857 1.378956 -0.276240
v 0.169163 1.427480 -0.246149
v 0.828444 -1.198274 0.451366
v 0.818020 -1.076001 0.551011
v -0.014378 1.383922 -0.443804
v -0.126539 1.367601 -0.463006
v -0.015649 1.429582 -0.336852
v -0.172041 1.413068 -0.394780
v 0.098476 1.370479 -0.461396
v 0.141891 1.416792 -0.392591
v 1.213205 -0.821545 0.218797
v 1.177475 -0.705126 0.370556
v -1.164107 -0.733668 0.354058
v -1.194860 -0.851275 0.201784
v -0.016108 1.393288 -0.202631
v -0.103087 1.421488 -0.088739
v -0.017061 1.398868 -0.081189
v -0.101636 1.416892 -0.224654
v -0.207908 1.423651 -0.096800
v -0.201584 1.423063 -0.248737
v -0.289059 1.404280 -0.107411
v -0.284671 1.395203 -0.264000
v 0.068547 1.423513 -0.087548
v 0.069080 1.418905 -0.223453
v 0.173326 1.428469 -0.094093
v 0.169163 1.427480 -0.246149
v 0.255121 1.410586 -0.103634
v 0.253060 1.401897 -0.260196
v -0.391655 1.357908 -0.121627
v -0.379634 1.370368 -0.281317
v 0.359053 1.367162 -0.116322
v 0.348857 1.378956 -0.276240
v -0.634642 -0.991226 -0.983333
v -0.637165 -1.072156 -0.954762
v -0.681142 -0.994355 -0.941520
v -0.593570 -1.068390 -0.992568
v 0.677103 -1.056739 -0.945602
v 0.672882 -0.975368 -0.974148
v 0.718910 -0.976879 -0.931605
v 0.633939 -1.052905 -0.983837
v -0.015649 1.429582 -0.336852
v -0.101636 1.416892 -0.224654
v -0.016108 1.393288 -0.202631
v 0.069080 1.418905 -0.223453
v -0.015649 1.429582 -0.336852
v -0.222580 1.338268 -0.491723
v -0.126539 1.367601 -0.463006
v -0.017543 1.380076 0.030733
v -0.111208 1.399625 0.033570
v -0.206887 1.409083 0.036205
v -0.276151 1.399402 0.031461
v 0.195562 1.342847 -0.488849
v 0.098476 1.370479 -0.461396
v 0.075562 1.401761 0.034857
v 0.170896 1.414040 0.038933
v 0.240444 1.405371 0.035026
v -0.222580 1.338268 -0.491723
v -0.308648 1.370687 -0.430419
v 0.195562 1.342847 -0.488849
v 0.279944 1.378399 -0.426185
v 0.847164 -1.159365 0.444509
v 0.830952 -1.047674 0.548536
v -0.811565 -1.066985 0.537086
v -0.823542 -1.180069 0.432699
v 1.219870 -1.261029 0.367587
v 1.210273 -1.190179 0.291434
v 1.237171 -1.199867 0.356573
v 1.221708 -1.157168 0.293074
v -1.211133 -1.229286 0.339418
v -1.195868 -1.186381 0.276107
v -1.183587 -1.219753 0.274523
v -1.192429 -1.290543 0.350594
v -0.421432 1.283755 -0.451549
v -0.514100 1.263882 -0.300491
v 0.395133 1.294155 -0.445717
v 0.486250 1.276622 -0.293360
v 1.099425 -0.980488 0.271752
v 1.089443 -0.830642 0.379848
v -1.077856 -1.006660 0.256486
v -1.073079 -0.856684 0.364679
v -0.197005 1.253603 -0.660622
v -0.269847 1.277746 -0.596976
v 0.174407 1.257971 -0.658035
v 0.245785 1.284723 -0.593236
v 1.221585 -0.757671 0.206805
v 1.179895 -0.686251 0.366900
v -1.167003 -0.714560 0.350434
v -1.204647 -0.787344 0.189709
v -0.276151 1.399402 0.031461
v -0.275012 1.349989 0.163217
v -0.206887 1.409083 0.036205
v -0.197269 1.366734 0.165055
v 0.238774 1.356087 0.166801
v 0.240444 1.405371 0.035026
v 0.170896 1.414040 0.038933
v 0.160636 1.370898 0.167539
v -0.234753 1.183646 -0.710107
v -0.331053 1.215269 -0.638725
v 0.214632 1.188461 -0.707050
v 0.309068 1.223026 -0.634235
v 0.075562 1.401761 0.034857
v 0.071361 1.366228 0.165093
v -0.111208 1.399625 0.033570
v -0.107908 1.363645 0.163771
v -0.319127 1.276534 -0.523949
v 0.294118 1.283867 -0.519670
v -0.345207 1.318532 0.160807
v -0.353396 1.356589 0.025123
v 0.309688 1.326383 0.165395
v 0.318769 1.364454 0.029797
v -0.010654 1.240323 -0.725045
v -0.200513 1.253813 -0.660607
v 0.177979 1.258779 -0.657887
v -0.421432 1.283755 -0.451549
v -0.319127 1.276534 -0.523949
v 0.294118 1.283867 -0.519670
v 0.395133 1.294155 -0.445717
v -0.009343 1.166095 -0.782457
v -0.239420 1.182937 -0.710254
v 0.219296 1.189226 -0.706908
v -0.126539 1.367601 -0.463006
v -0.014378 1.383922 -0.443804
v 0.098476 1.370479 -0.461396
v -0.017963 1.339065 0.162180
v -0.017543 1.380076 0.030733
v 0.088566 1.449637 -0.596542
v 0.103994 1.398724 -0.650009
v 0.070216 1.434539 -0.642164
v 0.129956 1.419970 -0.585527
v -0.529734 1.234085 -0.147539
v -0.514100 1.263882 -0.300491
v 0.500500 1.247052 -0.140213
v 0.486250 1.276622 -0.293360
v 1.166877 -1.234766 0.290645
v 1.170443 -1.319083 0.369678
v -1.139096 -1.263454 0.274320
v -1.141646 -1.347365 0.353378
v 0.083492 1.457889 -0.572602
v 0.122740 1.431029 -0.551752
v -0.109806 1.447163 -0.597940
v -0.090460 1.431905 -0.643407
v -0.123150 1.395932 -0.651606
v -0.150612 1.416295 -0.587542
v -0.105264 1.454879 -0.574047
v -0.109806 1.447163 -0.597940
v -0.144152 1.427591 -0.553667
v -0.115018 1.294400 0.279406
v -0.018080 1.233066 0.382762
v -0.017953 1.277639 0.277404
v -0.124189 1.241933 0.386080
v -0.210598 1.294728 0.280803
v -0.230217 1.232430 0.388970
v -0.275630 1.281272 0.272461
v -0.294209 1.205936 0.377580
v 0.078658 1.296129 0.280663
v 0.087731 1.244625 0.387581
v 0.174157 1.299334 0.283493
v 0.193857 1.236697 0.391814
v 0.239620 1.287227 0.276042
v 0.258640 1.212737 0.381481
v -0.696968 -0.686320 -0.962458
v -0.396245 -0.662081 -1.085999
v -0.392453 -0.750329 -1.088528
v -0.692624 -0.781521 -0.966824
v -0.592550 -1.096599 -0.945799
v -0.319352 -1.083482 -1.044482
v 0.727256 -0.668296 -0.952319
v 0.426182 -0.741008 -1.082873
v 0.427708 -0.651085 -1.080045
v 0.725338 -0.764120 -0.956823
v 0.633040 -1.082023 -0.937221
v 0.360872 -1.075149 -1.039675
v -0.866264 -0.996334 0.342327
v -0.886615 -1.114861 0.251044
v -0.853109 -1.048423 0.342115
v -0.902860 -1.091586 0.253151
v -0.892985 -0.954923 0.344372
v 0.886493 -0.975407 0.354586
v 0.911026 -1.092528 0.263755
v 0.926643 -1.069124 0.266046
v 0.912165 -0.933071 0.357052
v -0.275630 1.281272 0.272461
v -0.210598 1.294728 0.280803
v 0.239620 1.287227 0.276042
v 0.174157 1.299334 0.283493
v -0.481424 1.230217 -0.001593
v -0.353396 1.356589 0.025123
v 0.450332 1.240968 0.004859
v 0.318769 1.364454 0.029797
v 0.399614 1.134469 -0.641984
v 0.455559 1.042489 -0.647065
v 0.437559 1.043252 -0.674069
v 0.415887 1.135460 -0.619028
v 0.356537 1.213527 -0.608488
v 0.370986 1.214099 -0.589746
v 0.317182 1.278780 -0.559351
v 0.304848 1.278563 -0.574241
v -0.472744 1.031557 -0.653536
v -0.419216 1.125225 -0.647645
v -0.454317 1.032191 -0.680378
v -0.435747 1.125054 -0.625024
v -0.378592 1.205316 -0.613530
v -0.393341 1.204666 -0.595157
v -0.341598 1.271165 -0.563924
v -0.329005 1.270438 -0.578758
v -0.717309 -1.282693 -0.819405
v -0.762517 -1.401200 -0.739425
v -0.847045 -1.301433 -0.711486
v -0.762517 -1.401200 -0.739425
v -0.694989 -1.380855 -0.824974
v -0.859911 -1.224474 -0.705577
v -0.718466 -1.217895 -0.804821
v 0.807753 -1.382666 -0.728474
v 0.760712 -1.264790 -0.809018
v 0.889346 -1.279624 -0.699147
v 0.740945 -1.363450 -0.814895
v 0.900126 -1.202966 -0.693186
v 0.759987 -1.198986 -0.794273
v 0.034256 1.383877 -0.690519
v -0.052604 1.382915 -0.691109
v -0.040525 1.423581 -0.671228
v 0.020906 1.424027 -0.670851
v -0.090460 1.431905 -0.643407
v -0.040525 1.423581 -0.671228
v 0.721528 -0.449780 -0.939883
v 0.816150 -0.652954 -0.923321
v 0.772245 -0.654888 -0.971557
v 0.761363 -0.448861 -0.889981
v 0.801866 -0.824260 -0.926415
v 0.755413 -0.825059 -0.974347
v -0.786580 -0.672607 -0.934619
v -0.697014 -0.467167 -0.949883
v -0.742039 -0.672659 -0.982110
v -0.737493 -0.466593 -0.900431
v -0.767973 -0.843834 -0.937535
v -0.720923 -0.843083 -0.984739
v -0.386935 1.185871 -0.544825
v -0.115018 1.294400 0.279406
v 0.078658 1.296129 0.280663
v -0.835119 -0.762215 -0.773660
v -0.838486 -1.089344 -0.718161
v -0.939516 -0.748617 -0.687500
v -0.725014 -1.099778 -0.786907
v 0.875503 -1.068200 -0.706048
v 0.864701 -0.742190 -0.761820
v 0.967492 -0.725709 -0.674127
v 0.763323 -1.081477 -0.776403
v 0.364408 1.195152 -0.539528
v 0.102559 1.441324 -0.521277
v 0.069218 1.464981 -0.551085
v 0.071288 1.449048 -0.497193
v 0.047090 1.470013 -0.534107
v 0.122740 1.431029 -0.551752
v 0.069218 1.464981 -0.551085
v 0.083492 1.457889 -0.572602
v -0.512806 1.166383 -0.462560
v -0.600575 1.135869 -0.310986
v 0.489599 1.177999 -0.455606
v 0.576039 1.150357 -0.302687
v -0.091460 1.462334 -0.552330
v -0.124589 1.438553 -0.522879
v -0.105264 1.454879 -0.574047
v -0.093876 1.446653 -0.498417
v -0.091460 1.462334 -0.552330
v -0.069701 1.468844 -0.534893
v -0.017953 1.277639 0.277404
v 1.254847 -0.716008 0.188834
v 1.245273 -0.750870 0.192253
v 1.270857 -0.761584 0.162716
v 1.257055 -0.807749 0.167850
v -1.238690 -0.746780 0.171225
v -1.253169 -0.792606 0.144918
v -1.228381 -0.780779 0.174880
v -1.238339 -0.838347 0.150242
v -0.352368 1.235950 0.261741
v -0.367685 1.159797 0.364107
v 0.317618 1.243914 0.266425
v 0.333465 1.167920 0.368982
v 0.874666 -1.027055 0.354325
v 0.913542 -1.070167 0.264250
v 0.886493 -0.975407 0.354586
v -0.481424 1.230217 -0.001593
v -0.487930 1.192496 0.138203
v 0.450332 1.240968 0.004859
v 0.455912 1.203489 0.144770
v 1.221819 -0.678092 0.189006
v 1.179834 -0.667184 0.362870
v 1.177181 -0.647904 0.358482
v 1.213028 -0.605959 0.169270
v -1.206726 -0.707672 0.171925
v -1.167403 -0.695453 0.346401
v -1.165185 -0.676462 0.341991
v -1.199376 -0.635511 0.152281
v -0.547206 -1.417902 0.539191
v -0.559218 -1.482034 0.474119
v -0.542711 -1.448870 0.538174
v -0.560090 -1.483591 0.470722
v 0.590947 -1.469611 0.478811
v 0.575584 -1.404300 0.547079
v 0.590043 -1.468012 0.482220
v 0.571813 -1.435803 0.545937
v -0.245657 1.072409 -0.754669
v -0.397214 1.064159 -0.705547
v 0.228889 1.078797 -0.751238
v 0.379976 1.073923 -0.700037
v -1.261262 -0.738324 0.135357
v -1.242417 -0.719235 0.166781
v -1.241610 -0.696936 0.161670
v -1.260199 -0.679016 0.122026
v 1.277610 -0.707192 0.153255
v 1.257974 -0.688861 0.184360
v 1.256552 -0.666470 0.179264
v 1.275295 -0.648674 0.139773
v -0.103704 1.244272 0.390163
v -0.011991 1.131769 0.508703
v -0.012244 1.229345 0.384619
v -0.103120 1.145352 0.515946
v -0.186293 1.244910 0.390890
v -0.185314 1.142792 0.517846
v -0.258493 1.126328 0.512445
v -0.260254 1.234175 0.389185
v -0.322752 1.096989 0.499606
v -0.325646 1.211344 0.381606
v -0.441115 1.136154 0.343665
v -0.437917 1.006127 0.448694
v 0.067130 1.246320 0.391362
v -0.023884 1.229010 0.384508
v -0.023406 1.131440 0.508588
v 0.067287 1.147455 0.517144
v 0.149633 1.249407 0.393304
v 0.149433 1.147303 0.520270
v 0.223094 1.132249 0.515852
v 0.223891 1.239964 0.392576
v 0.288320 1.104413 0.503898
v 0.289876 1.218491 0.385880
v 0.407763 1.146701 0.349677
v 0.406332 1.015998 0.454557
v -0.725014 -1.099778 -0.786907
v -0.835119 -0.762215 -0.773660
v -0.722944 -1.171843 -0.794402
v -0.583088 -1.165788 -0.962088
v -0.842178 -0.666105 -0.760044
v -0.660852 -0.474951 -0.924033
v -0.809786 -0.458254 -0.717049
v -1.212643 -1.133632 0.324939
v -1.198923 -1.143541 0.287096
v -0.386935 1.185871 -0.544825
v -0.512806 1.166383 -0.462560
v 0.763323 -1.081477 -0.776403
v 0.864701 -0.742190 -0.761820
v 0.763220 -1.153394 -0.783888
v 0.625483 -1.151182 -0.953604
v 0.869118 -0.644786 -0.747926
v 0.685274 -0.458417 -0.914521
v 0.830958 -0.438861 -0.705591
v 0.364408 1.195152 -0.539528
v 0.489599 1.177999 -0.455606
v 1.236437 -1.104281 0.342093
v 1.223486 -1.114650 0.304044
v 0.862331 -1.051779 0.440061
v 0.836012 -1.020769 0.545084
v -0.841283 -1.072562 0.428070
v -0.817212 -1.041507 0.533358
v -0.600575 1.135869 -0.310986
v -0.621060 1.101846 -0.169902
v 0.576039 1.150357 -0.302687
v 0.595500 1.116990 -0.161291
v 0.019281 1.473245 -0.523265
v 0.031956 1.453295 -0.481900
v 0.047090 1.470013 -0.534107
v 0.017042 -0.724041 -1.148559
v 0.366889 -1.074454 -1.039543
v 0.021111 -1.083224 -1.080219
v 0.433412 -0.740440 -1.082739
v 0.434919 -0.651536 -1.080076
v 0.015902 -0.632448 -1.148759
v 0.408008 -0.461626 -1.037872
v 0.013296 -0.450423 -1.105035
v -0.381923 -0.471638 -1.043490
v -0.403457 -0.661682 -1.085965
v -0.399683 -0.750897 -1.088658
v -0.325309 -1.083132 -1.044453
v -0.069701 1.468844 -0.534893
v -0.054907 1.452381 -0.482498
v -0.042148 1.472840 -0.523645
v -0.352368 1.235950 0.261741
v -0.491857 1.108804 0.223490
v 0.317618 1.243914 0.266425
v 0.460767 1.120293 0.230183
v -0.007920 1.074463 -0.818223
v -0.251185 1.072750 -0.754644
v 0.234414 1.078448 -0.751261
v -0.475160 1.042462 -0.576343
v -0.397214 1.064159 -0.705547
v 0.456677 1.053145 -0.569887
v 0.814042 -1.532501 0.547418
v 0.809505 -1.452508 0.462290
v 0.832173 -1.483581 0.542397
v 0.825270 -1.422298 0.467447
v -0.801729 -1.503418 0.530911
v -0.795369 -1.441869 0.456060
v -0.778716 -1.471979 0.451085
v -0.782428 -1.551555 0.536261
v -0.475160 1.042462 -0.576343
v -0.583818 1.030438 -0.467038
v 0.456677 1.053145 -0.569887
v 0.564033 1.044571 -0.458936
v 0.783056 -1.477590 0.461939
v 0.785846 -1.564669 0.546771
v -0.751676 -1.496199 0.451154
v -0.753373 -1.584054 0.535846
v -0.042148 1.472840 -0.523645
v -0.011503 1.455159 -0.476719
v -0.011460 1.474520 -0.519597
v 0.019281 1.473245 -0.523265
v -0.011460 1.474520 -0.519597
v -0.566522 1.111238 -0.032795
v -0.572841 1.084905 0.098492
v 0.544033 1.098828 0.106412
v 0.538789 1.124842 -0.024990
v -0.006502 0.981714 -0.853368
v -0.263479 0.938251 -0.801667
v 0.250805 0.944345 -0.798090
v -0.256845 0.937878 -0.801698
v -0.427458 0.898329 -0.755479
v 0.244113 0.943728 -0.798221
v 0.415026 0.909262 -0.749441
v 0.971651 -1.036635 0.272086
v 0.962911 -0.894760 0.362643
v -0.948729 -1.059810 0.258617
v -0.944792 -0.918665 0.349115
v 1.228986 -0.786074 0.193854
v 1.237799 -0.846943 0.169869
v -1.211113 -0.815961 0.176661
v -1.218082 -0.876921 0.152580
v -0.491857 1.108804 0.223490
v -0.501522 1.020470 0.314999
v 0.460767 1.120293 0.230183
v 0.471422 1.032784 0.321924
v 0.672702 -1.099725 0.568967
v 0.663553 -1.018686 0.595597
v 0.637613 -1.055855 0.593374
v 0.644079 -1.151787 0.563882
v -0.645623 -1.034395 0.586414
v -0.652351 -1.115592 0.559700
v -0.618701 -1.070739 0.584616
v -0.622307 -1.167018 0.554998
v 0.200124 1.673199 -0.771828
v 0.272850 1.572819 -0.636735
v 0.269756 1.653477 -0.777964
v 0.205932 1.592977 -0.634684
v -0.231633 1.668344 -0.774794
v -0.303612 1.566427 -0.640695
v -0.237251 1.586777 -0.637934
v -0.300607 1.645706 -0.782117
v -0.842178 -0.666105 -0.760044
v -0.947417 -0.648603 -0.664759
v 0.869118 -0.644786 -0.747926
v 0.972587 -0.624422 -0.651123
v 0.332065 1.618034 -0.778564
v 0.333072 1.538423 -0.636701
v -0.361945 1.609426 -0.783464
v -0.362993 1.529980 -0.641597
v 0.440197 1.536534 -0.770839
v 0.438428 1.458651 -0.625222
v -0.468182 1.525438 -0.777237
v -0.466412 1.448347 -0.631468
v 0.480733 -1.365815 0.539973
v 0.467741 -1.255501 0.572000
v 0.456303 -1.295616 0.569765
v 0.474880 -1.384299 0.534859
v -0.446958 -1.395648 0.528362
v -0.431098 -1.306936 0.563440
v -0.453336 -1.376454 0.533534
v -0.443604 -1.266423 0.565617
v -0.016613 1.035007 0.533644
v -0.069679 0.985219 0.566802
v -0.016314 0.991119 0.568440
v -0.117224 1.023946 0.530469
v 0.037215 0.987016 0.567631
v 0.084262 1.026221 0.531855
v -1.041260 -0.053418 0.045686
v -1.085810 -0.116413 -0.108844
v -1.040294 -0.072282 0.055540
v -1.082350 -0.184504 -0.071674
v -1.040275 -0.034577 0.035704
v -1.082572 -0.051111 -0.143160
v 1.041083 -0.047532 0.070093
v 1.087705 -0.157894 -0.056375
v 1.089923 -0.090097 -0.093575
v 1.041695 -0.028708 0.060226
v 1.040394 -0.008771 0.050423
v 1.085462 -0.024379 -0.127852
v -1.025826 -0.125239 0.082474
v -1.048367 -0.318003 0.001257
v 1.027591 -0.099837 0.096988
v 1.056094 -0.292581 0.016031
v -0.574234 1.409243 -0.753731
v -0.565234 1.335654 -0.599254
v 0.548803 1.422836 -0.745839
v 0.539604 1.349299 -0.591448
v 1.109650 -1.255059 0.283875
v 1.111178 -1.346481 0.363441
v -1.081319 -1.281462 0.268510
v -1.081554 -1.373760 0.347917
v -0.635347 0.890594 -0.466865
v -0.531232 0.888532 -0.598345
v 0.619133 0.906563 -0.457935
v 0.516842 0.901511 -0.590940
v 0.413030 1.619565 -0.677368
v 0.409192 1.495403 -0.494245
v 0.459292 1.583914 -0.677129
v 0.452627 1.449425 -0.470539
v -0.439888 1.484856 -0.500251
v -0.444313 1.608473 -0.683500
v -0.489716 1.573180 -0.683670
v -0.482470 1.437868 -0.477142
v -0.566522 1.111238 -0.032795
v 0.538789 1.124842 -0.024990
v -0.583818 1.030438 -0.467038
v -0.635347 0.890594 -0.466865
v -0.648605 1.002679 -0.315395
v -0.678054 0.861383 -0.313764
v -0.531232 0.888532 -0.598345
v 0.564033 1.044571 -0.458936
v 0.627482 1.018378 -0.306397
v 0.619133 0.906563 -0.457935
v 0.660427 0.878416 -0.304224
v 0.516842 0.901511 -0.590940
v 0.324629 1.564125 -0.530754
v 0.324908 1.667690 -0.675645
v -0.357513 1.659459 -0.680440
v -0.356519 1.555802 -0.535551
v 1.037070 0.010290 0.040565
v 1.076336 0.029142 -0.154171
v -1.037344 -0.015879 0.025817
v -1.074398 0.003455 -0.169232
v -0.845185 -1.156757 -0.710996
v -0.722944 -1.171843 -0.794402
v 0.883820 -1.135464 -0.698790
v 0.763220 -1.153394 -0.783888
v -0.016855 1.035342 0.560726
v -0.118068 1.008202 0.562693
v -0.016751 1.026465 0.565404
v -0.128900 1.015875 0.556307
v 0.493294 -1.339531 0.544910
v 0.483691 -1.221820 0.574114
v -0.466617 -1.350649 0.538256
v -0.460379 -1.233857 0.567389
v 0.085031 1.011368 0.564237
v 0.095765 1.017809 0.557753
v 0.532428 -1.160831 0.580199
v 0.539073 -1.277283 0.550587
v -0.510769 -1.173084 0.572938
v -0.514030 -1.289946 0.543205
v -0.648605 1.002679 -0.315395
v -0.672226 0.969774 -0.188110
v -0.565463 1.015777 0.185391
v 0.627482 1.018378 -0.306397
v 0.650187 0.985730 -0.178825
v 0.537161 1.029514 0.193211
v -0.634614 0.959959 -0.060899
v -0.650867 0.928538 0.044646
v 0.611127 0.975381 -0.052086
v 0.626701 0.944169 0.053637
v -0.246580 0.759324 -0.836847
v -0.431739 0.733592 -0.787782
v -0.565463 1.015777 0.185391
v -0.563859 0.934291 0.274736
v 0.238926 0.765013 -0.833460
v 0.423909 0.743711 -0.781798
v 0.537161 1.029514 0.193211
v 0.536449 0.948206 0.282563
v -0.003784 0.786539 -0.891339
v -0.253974 0.758737 -0.836977
v 0.246259 0.764595 -0.833493
v 0.838344 -1.362006 0.479167
v 0.844771 -1.387183 0.523724
v -0.810028 -1.382013 0.467583
v -0.816486 -1.407431 0.512030
v 1.210812 -1.206782 0.372882
v 1.237171 -1.199867 0.356573
v 1.223183 -1.169362 0.364602
v 1.219870 -1.261029 0.367587
v -1.211133 -1.229286 0.339418
v -1.184817 -1.236244 0.355978
v -1.198049 -1.198345 0.347650
v -1.192429 -1.290543 0.350594
v -0.298984 1.101528 0.435614
v -0.356409 1.072705 0.423396
v 0.323547 1.081116 0.428198
v 0.265296 1.108601 0.439632
v -0.607780 1.234873 -0.383459
v -0.626700 1.406421 -0.645958
v -0.779587 1.164185 -0.561463
v -0.749761 0.956089 -0.241244
v -0.524969 1.380035 -0.449899
v -0.535906 1.526432 -0.682492
v 1.171848 -0.628409 0.353779
v 1.200038 -0.556592 0.152333
v -1.160186 -0.656607 0.337411
v -1.187466 -0.586506 0.135389
v 0.599909 1.422015 -0.637230
v 0.581716 1.249620 -0.375055
v 0.757684 1.182666 -0.550691
v 0.728736 0.973978 -0.230862
v 0.496236 1.392578 -0.442702
v 0.506597 1.538693 -0.675222
v 0.663653 1.220710 -0.686794
v 0.645405 1.150095 -0.512752
v 0.125814 1.664039 -0.748447
v 0.133142 1.584956 -0.635191
v -0.684648 1.204226 -0.696288
v -0.667023 1.133518 -0.522079
v -0.157409 1.660503 -0.750441
v -0.164257 1.581324 -0.637298
v 0.936036 -0.268216 0.170981
v 0.895144 -0.130416 0.260820
v 0.890511 -0.156788 0.274850
v 0.921528 -0.354551 0.221256
v 0.788373 1.119732 -0.525334
v 0.753557 0.919065 -0.201506
v -0.894968 -0.152200 0.248241
v -0.931068 -0.291431 0.157757
v -0.889814 -0.179065 0.262217
v -0.915128 -0.377553 0.208223
v -0.808994 1.100789 -0.536492
v -0.773550 0.900037 -0.212329
v 0.687679 -1.019520 0.562023
v 0.671736 -1.006857 0.595674
v 0.667462 -0.995472 0.597161
v 0.671736 -1.006857 0.595674
v 0.674997 -0.938900 0.571544
v -0.669264 -1.036461 0.552401
v -0.654062 -1.023632 0.586242
v -0.650152 -1.011760 0.587859
v -0.669264 -1.036461 0.552401
v -0.654062 -1.023632 0.586242
v -0.658721 -0.955233 0.562148
v -0.375066 -0.471050 -1.043356
v 0.401150 -0.462253 -1.038002
v -0.547801 1.024107 0.265060
v -0.545578 0.890715 0.364701
v 0.518316 1.036975 0.272555
v 0.518058 0.903765 0.372201
v 0.243789 1.607262 -0.555401
v 0.324908 1.667690 -0.675645
v 0.241701 1.698123 -0.674488
v 0.204397 1.617114 -0.564570
v 0.201210 1.702835 -0.676111
v 0.165677 1.618447 -0.572552
v 0.161634 1.700430 -0.679062
v 0.833597 0.948159 -0.449324
v 0.763061 0.893004 -0.188133
v 0.775306 0.842679 -0.164131
v -0.275132 1.691238 -0.678227
v -0.357513 1.659459 -0.680440
v -0.276523 1.601631 -0.558962
v -0.237320 1.611831 -0.567659
v -0.234754 1.698232 -0.679061
v -0.198492 1.613621 -0.575168
v -0.195075 1.696211 -0.681551
v -0.850895 0.927243 -0.461236
v -0.782520 0.874030 -0.199034
v -0.793893 0.823086 -0.175254
v -0.670095 0.751551 -0.464394
v -0.560436 0.738849 -0.610262
v 0.657291 0.768264 -0.454972
v 0.550061 0.752154 -0.602480
v 0.870492 -0.211323 0.305718
v 0.889422 -0.437760 0.278460
v -0.868863 -0.232017 0.293561
v -0.881687 -0.459605 0.265954
v 0.823178 0.855088 -0.557899
v 0.794788 0.787686 -0.351640
v -0.809360 0.768153 -0.362936
v -0.836686 0.834801 -0.569598
v -0.236458 1.117317 0.442679
v 0.202308 1.122769 0.445781
v -0.155544 0.945108 0.559074
v -0.234288 0.970688 0.520230
v 0.124183 0.948812 0.561092
v 0.202736 0.975204 0.523182
v -0.938701 -0.151891 0.089411
v -0.896434 -0.125650 0.235798
v -0.894343 -0.100620 0.224782
v -0.929676 -0.021152 0.039677
v 0.941064 -0.128367 0.102737
v 0.896170 -0.104083 0.248374
v 0.893644 -0.078743 0.237375
v 0.929433 0.001580 0.052770
v -0.560436 0.738849 -0.610262
v 0.550061 0.752154 -0.602480
v 0.496512 0.717306 -0.755962
v 0.524304 0.602581 -0.733642
v 0.499265 0.602708 -0.775159
v 0.545212 0.139531 -0.781439
v 0.516036 0.139772 -0.829449
v 0.520107 0.717686 -0.717211
v 0.486810 0.830734 -0.732658
v 0.508640 0.830656 -0.697382
v 0.612086 -0.098027 -0.815899
v 0.579528 -0.098359 -0.865392
v 0.467500 0.939986 -0.705183
v 0.487485 0.940610 -0.673722
v -0.519745 0.818574 -0.704550
v -0.481323 0.928307 -0.711893
v -0.497451 0.819039 -0.739528
v -0.501665 0.928138 -0.680730
v -0.529146 0.589952 -0.741026
v -0.503585 0.590143 -0.782280
v -0.537709 0.125567 -0.789177
v -0.507893 0.126422 -0.836798
v -0.598100 -0.113510 -0.824546
v -0.564909 -0.112712 -0.873512
v 1.015880 0.064842 0.012233
v 1.039994 0.127245 -0.200921
v -1.017193 0.040245 -0.002043
v -1.039943 0.101463 -0.215650
v 0.652826 -1.144270 -0.977689
v 0.610764 -1.139742 -1.014139
v -0.567823 -1.154073 -1.022433
v -0.610302 -1.159719 -0.986582
v 0.862571 0.681727 -0.473962
v 0.817919 0.695692 -0.306313
v -0.872821 0.660779 -0.486137
v -0.830828 0.674727 -0.318061
v -0.127053 1.138584 0.442986
v -0.017189 1.130018 0.442813
v 0.092345 1.140758 0.444460
v -0.423074 -1.364648 0.561108
v -0.446110 -1.395728 0.528833
v -0.230352 0.145770 -0.879672
v -0.452772 0.142840 -0.809121
v 0.238749 0.151482 -0.876382
v 0.460103 0.153690 -0.802747
v -0.281999 -0.099807 -0.916248
v -0.530325 -0.115891 -0.836306
v 0.297052 -0.093582 -0.912297
v 0.544577 -0.103454 -0.828863
v 0.004367 0.155390 -0.922650
v 0.244447 0.151132 -0.876406
v 0.007905 -0.104834 -0.958751
v 0.302362 -0.092854 -0.912160
v -0.236111 0.145084 -0.879809
v -0.287311 -0.100532 -0.916384
v -0.391182 0.869096 0.511991
v -0.306784 0.924422 0.557956
v -0.310182 0.961828 0.541997
v -0.387376 0.832541 0.536785
v 1.166429 -1.254113 0.384716
v 1.219870 -1.261029 0.367587
v 1.170443 -1.319083 0.369678
v -1.139452 -1.281803 0.368554
v -1.141646 -1.347365 0.353378
v -0.888822 -1.029232 0.249872
v -0.852277 -1.074241 0.342636
v -0.886115 -0.998322 0.248164
v -0.854968 -1.104990 0.343319
v -0.852559 -1.058765 0.342229
v -0.886323 -0.981744 0.247386
v -0.853046 -1.048436 0.342210
v -0.886869 -0.972477 0.246902
v 0.275881 0.931544 0.562045
v 0.362199 0.878230 0.517278
v 0.278538 0.969536 0.546229
v 0.359036 0.842056 0.542111
v 0.874476 -1.053802 0.354686
v 0.911080 -1.007078 0.262579
v 0.907664 -0.976853 0.260740
v 0.877906 -1.083956 0.355509
v 0.874330 -1.037316 0.354442
v 0.907527 -0.960276 0.259957
v 0.874619 -1.028072 0.354256
v 0.907823 -0.951004 0.259464
v -0.458697 0.777853 0.480625
v -0.455693 0.740587 0.510610
v 0.432443 0.788925 0.486938
v 0.429976 0.750992 0.516784
v -0.631556 0.898449 0.133703
v -0.616346 0.834920 0.221411
v 0.606922 0.914350 0.142541
v 0.592128 0.849520 0.229900
v -0.515201 0.700357 0.448926
v -0.512842 0.662497 0.483182
v 0.491335 0.711702 0.455864
v 0.489419 0.675129 0.490303
v 0.833057 -0.996442 0.541239
v 0.851478 -0.915193 0.445273
v -0.814845 -1.016442 0.529651
v -0.834022 -0.934988 0.433526
v -0.861545 0.804289 -0.408063
v -0.796086 0.800131 -0.164591
v -0.670095 0.751551 -0.464394
v -0.701916 0.709690 -0.306521
v 0.657291 0.768264 -0.454972
v 0.688091 0.726671 -0.296717
v 0.862283 -0.225433 0.314634
v 0.838014 -0.261186 0.337924
v 0.851086 -0.489566 0.319699
v 0.846592 0.824814 -0.396092
v 0.777985 0.819417 -0.153488
v -0.860416 -0.246108 0.302567
v -0.835617 -0.281704 0.326125
v -0.842614 -0.509938 0.307829
v 1.250425 -0.639438 0.172365
v 1.264898 -0.597635 0.124883
v -1.236009 -0.670649 0.154727
v -1.250833 -0.628138 0.107212
v -0.678054 0.861383 -0.313764
v -0.696963 0.830430 -0.202740
v -0.478550 0.937615 0.368557
v 0.449784 0.949550 0.375189
v -0.262521 0.959867 0.564904
v -0.265132 0.996656 0.552996
v 0.230589 0.966182 0.568417
v 0.232424 1.002683 0.556488
v -0.636190 0.885041 0.150859
v -0.634993 0.765045 0.250858
v 0.611735 0.900383 0.159659
v 0.612194 0.780426 0.259658
v -0.728803 0.191357 -0.467511
v -0.607139 0.168987 -0.608132
v 0.660427 0.878416 -0.304224
v 0.678626 0.847323 -0.193040
v -0.206401 0.966587 0.552299
v -0.221413 0.971313 0.546753
v 0.174565 0.971403 0.555010
v 0.189452 0.976407 0.549652
v 0.730184 0.209364 -0.457201
v 0.611017 0.184011 -0.599524
v -0.776083 -0.060008 -0.508799
v -0.669889 -0.087832 -0.633440
v -0.607139 0.168987 -0.608132
v 0.611017 0.184011 -0.599524
v 1.170443 -1.319083 0.369678
v 1.108787 -1.275799 0.387632
v 1.111178 -1.346481 0.363441
v -1.081359 -1.302232 0.372261
v -1.081554 -1.373760 0.347917
v -0.634614 0.959959 -0.060899
v -0.631556 0.898449 0.133703
v -0.666494 0.793424 0.077050
v -0.681493 0.784021 -0.003185
v 0.784323 -0.040875 -0.497802
v 0.680539 -0.071500 -0.623954
v -0.859911 -1.224474 -0.705577
v -0.874434 -1.228216 -0.482719
v -0.847045 -1.301433 -0.711486
v -0.859438 -1.157268 -0.474872
v -0.845185 -1.156757 -0.710996
v -0.859911 -1.224474 -0.705577
v -0.852363 -1.089385 -0.478208
v -0.838486 -1.089344 -0.718161
v -0.845185 -1.156757 -0.710996
v -0.939516 -0.748617 -0.687500
v -0.838486 -1.089344 -0.718161
v -0.938907 -0.753864 -0.445699
v -0.947417 -0.648603 -0.664759
v -0.939516 -0.748617 -0.687500
v -0.947570 -0.653788 -0.423122
v -0.915579 -0.441225 -0.610825
v -0.923878 -0.445750 -0.370612
v -0.776083 -0.060008 -0.508799
v -0.788452 -0.063601 -0.273236
v -0.728803 0.191357 -0.467511
v -0.757461 0.176366 -0.260993
v -0.671433 0.816240 -0.097934
v 0.611127 0.975381 -0.052086
v 0.606922 0.914350 0.142541
v 0.645283 0.809014 0.086218
v 0.661616 0.800782 0.006336
v 0.900126 -1.202966 -0.693186
v 0.911801 -1.206257 -0.470117
v 0.894855 -1.135413 -0.462455
v 0.883820 -1.135464 -0.698790
v 0.886143 -1.068645 -0.466046
v 0.875503 -1.068200 -0.706048
v 0.967492 -0.725709 -0.674127
v 0.963741 -0.730687 -0.432307
v 0.972587 -0.624422 -0.651123
v 0.969518 -0.630443 -0.409634
v 0.934811 -0.418993 -0.597856
v 0.939949 -0.423306 -0.357540
v 0.784323 -0.040875 -0.497802
v 0.793616 -0.043770 -0.262006
v 0.730184 0.209364 -0.457201
v 0.756384 0.195218 -0.250276
v 0.652080 0.832204 -0.088663
v -1.085810 -0.116413 -0.108844
v -1.040233 -0.156133 -0.130706
v -1.082350 -0.184504 -0.071674
v -1.041245 -0.135998 -0.141579
v -1.040206 -0.116024 -0.152450
v -1.082572 -0.051111 -0.143160
v 1.089923 -0.090097 -0.093575
v 1.045626 -0.130573 -0.116015
v 1.046281 -0.110584 -0.126892
v 1.087705 -0.157894 -0.056375
v 1.044841 -0.090483 -0.137750
v 1.085462 -0.024379 -0.127852
v 1.089923 -0.090097 -0.093575
v 1.180264 -0.855492 0.189160
v 1.186219 -0.915016 0.171438
v -1.160667 -0.883144 0.172830
v -1.164839 -0.944092 0.154826
v -0.669889 -0.087832 -0.633440
v 0.680539 -0.071500 -0.623954
v 0.887633 -0.055453 0.227438
v 0.913660 0.074319 0.024532
v -0.888850 -0.076933 0.214951
v -0.915423 0.051828 0.011632
v 0.141492 1.397693 -0.578325
v 0.133630 1.409453 -0.541875
v 0.113380 1.374223 -0.648073
v 0.038169 1.359139 -0.691805
v -0.055833 1.357618 -0.692531
v -0.984274 -0.178435 0.107283
v -0.993659 -0.390522 0.033688
v -0.216047 0.989265 0.570253
v -0.217938 1.024544 0.561317
v 0.183393 0.994020 0.573041
v 0.184489 1.029120 0.564092
v 0.987069 -0.154246 0.121180
v 1.002785 -0.366802 0.047636
v 0.474076 -1.384329 0.535341
v 0.449786 -1.354472 0.567170
v 0.451895 -1.421858 0.563182
v -0.211861 0.902248 0.551465
v -0.296557 0.923105 0.512060
v 0.181574 0.907364 0.554278
v 0.266303 0.930376 0.516076
v -0.586480 0.595890 0.381272
v -0.581393 0.557047 0.399723
v 0.843221 -1.313668 0.498573
v 0.844771 -1.387183 0.523724
v 0.838344 -1.362006 0.479167
v -0.816424 -1.333998 0.486874
v -0.810028 -1.382013 0.467583
v -0.816486 -1.407431 0.512030
v 0.566075 0.609771 0.389354
v 0.561740 0.571478 0.407849
v -0.684455 0.761318 0.027773
v -0.689293 0.660947 0.129903
v -0.718364 0.581704 0.004048
v -0.704792 0.666425 -0.099557
v 0.664671 0.777733 0.037264
v 0.670669 0.677808 0.139503
v 0.703495 0.598892 0.014030
v 0.689191 0.683197 -0.089771
v -0.015838 1.533736 -0.610013
v 0.051413 1.629061 -0.687681
v -0.015943 1.574030 -0.677043
v 0.055847 1.573763 -0.595946
v -0.014426 1.573922 -0.677050
v -0.083015 1.627890 -0.688552
v -0.014436 1.533667 -0.610020
v -0.087331 1.572114 -0.596943
v -0.746443 0.298214 -0.277108
v 0.742569 0.316456 -0.266605
v -0.161648 1.394330 -0.580398
v -0.154632 1.406298 -0.543857
v -0.132002 1.371517 -0.649755
v 0.049335 1.615922 -0.710520
v 0.051547 1.560109 -0.635872
v -0.080200 1.614492 -0.711414
v -0.082109 1.558937 -0.636749
v 0.449310 -0.603983 0.527819
v 0.484400 -0.753605 0.459288
v 0.470625 -0.559794 0.511411
v 0.473557 -0.770944 0.462883
v -0.471329 -0.764956 0.452616
v -0.440944 -0.615075 0.521500
v -0.463177 -0.570385 0.504963
v -0.460122 -0.781536 0.456435
v -0.792681 -0.323503 0.356827
v -0.796561 -0.548282 0.342286
v -0.809786 -0.458254 -0.717049
v -0.947417 -0.648603 -0.664759
v -0.915579 -0.441225 -0.610825
v 0.795724 -0.304019 0.368026
v 0.805476 -0.528612 0.353589
v 0.830958 -0.438861 -0.705591
v 0.972587 -0.624422 -0.651123
v 0.934811 -0.418993 -0.597856
v 0.784323 -0.040875 -0.497802
v 0.934811 -0.418993 -0.597856
v 0.571595 -1.459320 0.545276
v 0.554194 -1.483219 0.547254
v 0.572653 -1.467552 0.545193
v 0.554194 -1.483219 0.547254
v 0.583967 -1.398814 0.489841
v 0.572653 -1.467552 0.545193
v 0.583967 -1.398814 0.489841
v 0.554194 -1.483219 0.547254
v 0.571023 -1.565942 0.543994
v -0.754049 -0.001645 0.273152
v -0.774867 -0.069526 0.245836
v -0.750137 -0.015962 0.278107
v -0.763852 -0.126576 0.274341
v -0.776793 0.001493 0.216328
v -0.701916 0.709690 -0.306521
v -0.706195 0.666083 -0.213771
v 0.688091 0.726671 -0.296717
v 0.692174 0.682615 -0.204007
v 0.024756 -1.336733 -1.149491
v -0.313740 -1.354339 -1.123195
v -0.318580 -1.271981 -1.100038
v 0.023459 -1.250810 -1.116930
v 0.363212 -1.345748 -1.118379
v 0.365716 -1.263867 -1.095249
v 0.777181 0.771362 -0.132742
v 0.844050 0.539425 -0.279885
v 0.850832 0.673852 -0.332746
v 0.778591 0.796364 -0.143318
v -0.796237 0.777149 -0.154421
v -0.862814 0.652644 -0.344857
v -0.794380 0.751909 -0.143854
v -0.853392 0.518311 -0.291906
v 1.209469 -1.042306 0.329100
v 1.224827 -1.116763 0.355219
v 1.236437 -1.104281 0.342093
v -1.187020 -1.071739 0.312199
v -1.212643 -1.133632 0.324939
v -1.200934 -1.146476 0.338121
v -1.211133 -1.229286 0.339418
v -1.048367 -0.318003 0.001257
v -1.082350 -0.184504 -0.071674
v -1.025329 -0.209371 -0.101711
v 0.773112 -0.050699 0.256727
v 0.750188 0.016736 0.283747
v 0.746543 0.002867 0.288735
v 0.763104 -0.107529 0.285164
v -0.723532 0.511131 -0.142196
v -0.709835 0.582605 -0.247071
v 1.087705 -0.157894 -0.056375
v 1.056094 -0.292581 0.016031
v 1.031746 -0.184150 -0.087217
v 1.145629 -0.148868 -0.100983
v 1.149623 -0.099771 -0.123202
v 1.125817 -0.105967 -0.090776
v 1.127694 -0.083066 -0.101261
v 1.126671 -0.054429 -0.114227
v 1.147796 -0.045765 -0.148342
v -1.139870 -0.176781 -0.117070
v -1.121315 -0.134115 -0.106710
v -1.144828 -0.128093 -0.139418
v -1.123640 -0.109884 -0.117017
v -1.123187 -0.082403 -0.130148
v -1.144065 -0.073260 -0.164403
v 0.712397 0.528487 -0.132113
v 0.698392 0.599613 -0.237194
v -0.666494 0.793424 0.077050
v -0.652002 0.741793 0.160743
v 0.645283 0.809014 0.086218
v 0.630940 0.757041 0.169716
v 0.555536 -0.676308 0.434891
v 0.546263 -0.474041 0.469283
v -0.544031 -0.689248 0.427225
v -0.540373 -0.487744 0.461558
v 0.745159 -1.495282 0.464863
v 0.746898 -1.584816 0.545746
v 0.703659 -1.506270 0.465670
v 0.704780 -1.595605 0.545163
v 0.658465 -1.509744 0.465344
v 0.659010 -1.599008 0.544641
v 0.617467 -1.595491 0.544159
v 0.617675 -1.505210 0.464804
v -0.713342 -1.513327 0.454554
v -0.713932 -1.602798 0.535452
v -0.671661 -1.523220 0.455974
v -0.671563 -1.612478 0.535471
v -0.626370 -1.524865 0.456378
v -0.625743 -1.615213 0.535520
v -0.584311 -1.610438 0.535637
v -0.585656 -1.520105 0.456292
v -0.542683 -1.481595 0.537273
v -0.554076 -1.410525 0.482356
v -0.523838 -1.496429 0.539657
v 0.773564 0.020221 0.227204
v 0.750730 0.010030 0.287431
v 0.773112 -0.050699 0.256727
v 0.749701 0.014336 0.286106
v 0.764611 0.074987 0.207014
v 0.448646 1.608810 -0.593733
v 0.503429 1.617510 -0.627853
v 0.450249 1.664179 -0.652595
v 0.502954 1.555408 -0.565726
v 0.396110 1.647333 -0.619334
v 0.396973 1.698105 -0.673989
v 0.345207 1.675152 -0.642197
v 0.344446 1.721329 -0.692473
v -0.535346 1.605013 -0.635138
v -0.480783 1.596900 -0.600359
v -0.483037 1.652597 -0.659210
v -0.534092 1.542808 -0.573016
v -0.428960 1.637405 -0.625123
v -0.430321 1.688327 -0.679770
v -0.378448 1.666302 -0.647295
v -0.378195 1.712401 -0.697573
v -0.167635 1.009619 0.573357
v -0.168797 1.043516 0.566531
v 0.134389 1.013022 0.575438
v 0.134811 1.046862 0.568604
v 0.913542 -1.070167 0.264250
v 0.884086 -1.034493 0.213066
v 0.893140 -0.996998 0.213084
v 1.041397 -0.070336 -0.148112
v 1.085462 -0.024379 -0.127852
v 1.076336 0.029142 -0.154171
v -1.074398 0.003455 -0.169232
v -1.037074 -0.095246 -0.162675
v -1.082572 -0.051111 -0.143160
v 0.745007 -1.039229 0.568455
v 0.790916 -0.980497 0.555306
v 0.652170 -1.138670 0.569515
v 0.818020 -1.076001 0.551011
v 0.807567 -0.950793 0.549117
v 0.590806 -1.229415 0.560931
v -0.726121 -1.057512 0.558035
v -0.773364 -0.999372 0.544325
v -0.630849 -1.153913 0.560543
v -0.797892 -1.095911 0.539611
v -0.790625 -0.969718 0.537964
v -0.567071 -1.242936 0.552869
v -0.573379 -1.342774 0.542046
v -0.265017 0.852161 0.542700
v -0.352286 0.869092 0.503103
v 0.236184 0.858004 0.546176
v 0.323500 0.876725 0.507760
v -0.776793 0.001493 0.216328
v -0.753572 -0.004044 0.275502
v -0.768892 0.056261 0.196227
v -0.754433 -0.008322 0.276841
v 0.560375 -1.337700 0.554803
v 0.575584 -1.404300 0.547079
v -0.533915 -1.350982 0.547117
v -0.547206 -1.417902 0.539191
v 0.557659 1.558872 -0.598818
v 0.557976 1.488201 -0.534755
v -0.588416 1.544602 -0.606928
v -0.587891 1.473928 -0.542866
v -0.536529 0.848782 0.323167
v 0.510620 0.861781 0.330577
v -0.117249 1.021923 0.574149
v -0.117891 1.052545 0.568426
v 0.083753 1.024207 0.575539
v 0.083656 1.055846 0.569974
v 1.055036 -1.256694 0.267233
v 1.054588 -1.359496 0.355445
v 1.028843 -1.359434 0.351311
v 1.030848 -1.251924 0.258125
v 0.978160 -1.341910 0.343036
v 0.984451 -1.225313 0.241833
v -1.026434 -1.282492 0.252524
v -1.024601 -1.385384 0.340719
v -0.998784 -1.384358 0.337013
v -1.002276 -1.276511 0.243850
v -0.948450 -1.365703 0.329429
v -0.956288 -1.249275 0.228123
v 0.297485 1.694137 -0.662226
v 0.295170 1.736728 -0.708148
v -0.330949 1.686758 -0.666607
v -0.329131 1.729072 -0.712547
v 1.018383 -1.086336 0.167027
v 1.001869 -1.073827 0.180172
v 1.005347 -1.111079 0.180306
v 1.008938 -1.040474 0.180975
v 1.019485 -1.088495 0.167222
v 1.008938 -1.040474 0.180975
v 1.018383 -1.086336 0.167027
v 1.008938 -1.040474 0.180975
v 1.019485 -1.088495 0.167222
v 1.028717 -1.072746 0.168457
v 1.021567 -1.016740 0.182316
v 0.823180 0.702888 -0.140098
v 0.829937 0.764009 -0.175747
v 0.803403 0.762167 -0.136938
v 0.807787 0.794033 -0.160756
v 0.810636 0.822760 -0.183331
v 0.834634 0.824140 -0.210822
v -0.838597 0.682642 -0.151782
v -0.820330 0.742763 -0.148305
v -0.846343 0.742676 -0.187701
v -0.825162 0.773146 -0.172412
v -0.828411 0.803221 -0.194794
v -0.852104 0.804414 -0.222564
v 0.123327 1.685755 -0.682741
v 0.127820 1.608443 -0.580471
v -0.160340 1.605203 -0.582450
v -0.156405 1.682050 -0.684758
v -0.322755 0.872494 0.532025
v -0.341084 0.876707 0.524695
v 0.293451 0.879631 0.536292
v 0.311839 0.884650 0.529295
v 0.823178 0.855088 -0.557899
v 0.862571 0.681727 -0.473962
v 0.797009 0.725721 -0.540264
v 0.821809 0.627011 -0.491658
v -0.807461 0.706179 -0.551556
v -0.830473 0.607205 -0.503221
v -0.872821 0.660779 -0.486137
v -0.836686 0.834801 -0.569598
v -0.719175 -1.042344 0.512930
v -0.831524 -0.979151 0.373839
v -0.829262 -1.033383 0.385783
v -0.701871 -0.979464 0.496769
v -0.815254 -1.139278 0.402214
v -0.785704 -1.139523 0.501334
v -0.780211 -0.829721 0.414779
v -0.914428 -0.843686 0.344009
v 0.811809 0.620280 -0.271372
v 0.865114 0.582559 -0.427675
v 0.818865 0.664825 -0.291573
v 0.845729 0.455668 -0.371952
v -0.823340 0.600463 -0.282847
v -0.873519 0.560830 -0.440002
v -0.851686 0.435524 -0.383804
v -0.831153 0.644956 -0.303151
v 0.850888 -0.959172 0.385601
v 0.738310 -1.024221 0.523245
v 0.849832 -1.013160 0.397557
v 0.719675 -0.962235 0.506751
v 0.838308 -1.118582 0.413940
v 0.807467 -1.120339 0.512514
v 0.795358 -0.810440 0.425868
v 0.930760 -0.821133 0.356998
v -0.660212 0.825524 -0.058910
v 0.640049 0.840794 -0.049856
v 0.552688 -1.439249 0.549436
v 0.571341 -1.448041 0.545632
v 0.571813 -1.435803 0.545937
v 0.575584 -1.404300 0.547079
v -0.523535 -1.452534 0.541829
v -0.541897 -1.472465 0.537510
v -0.523838 -1.496429 0.539657
v -0.541929 -1.462222 0.537702
v -0.542711 -1.448870 0.538174
v -0.547206 -1.417902 0.539191
v 0.332065 1.618034 -0.778564
v 0.270773 1.531082 -0.777749
v 0.269756 1.653477 -0.777964
v 0.330638 1.497621 -0.776804
v -0.019185 1.565746 -0.690072
v -0.023185 1.521014 -0.633254
v -0.361945 1.609426 -0.783464
v -0.298609 1.524251 -0.781742
v -0.357584 1.488710 -0.781737
v -0.300607 1.645706 -0.782117
v -0.010760 1.565246 -0.690108
v -0.006473 1.521033 -0.633165
v -0.984617 -1.064354 0.167012
v -0.993731 -1.113182 0.153014
v -0.992737 -1.110163 0.152978
v -0.976740 -1.097576 0.166306
v -0.984617 -1.064354 0.167012
v -0.992737 -1.110163 0.152978
v -0.984617 -1.064354 0.167012
v -1.003404 -1.097400 0.154178
v -0.993731 -1.113182 0.153014
v -0.997856 -1.042135 0.167980
v 1.121621 -0.020130 -0.129841
v 1.139940 0.009457 -0.172436
v -1.118764 -0.047567 -0.145649
v -1.137230 -0.017908 -0.188396
v -0.609200 0.555540 0.341838
v -0.604392 0.517844 0.352102
v -0.065109 1.024070 0.573484
v -0.065254 1.052528 0.568441
v -0.015844 1.040910 0.564688
v -0.016055 1.015556 0.569573
v 0.031582 1.025450 0.574197
v 0.031069 1.053936 0.569153
v -0.018009 1.041037 0.564697
v -0.017204 1.015664 0.569574
v -0.559357 -1.446690 0.478582
v -0.554076 -1.410525 0.482356
v -0.554996 -1.413474 0.481695
v -0.938701 -0.151891 0.089411
v -0.892619 -0.211021 0.059040
v -0.931068 -0.291431 0.157757
v -0.893867 -0.186344 0.044876
v -0.891661 -0.163197 0.032888
v -0.929676 -0.021152 0.039677
v 0.590392 0.570696 0.350362
v 0.586435 0.532491 0.360503
v 0.941064 -0.128367 0.102737
v 0.936036 -0.268216 0.170981
v 0.896886 -0.189246 0.071628
v 0.897708 -0.164671 0.057452
v 0.895108 -0.142278 0.045323
v 0.929433 0.001580 0.052770
v 0.941064 -0.128367 0.102737
v -0.789947 -0.423168 0.238788
v -0.773722 -0.546281 0.303772
v -0.734071 -0.471497 0.339686
v -0.827724 -0.531237 0.197371
v 0.797121 -0.403605 0.249994
v 0.783139 -0.526997 0.314789
v 0.838225 -0.510265 0.209203
v 0.741162 -0.453444 0.350085
v 1.054588 -1.359496 0.355445
v 1.053670 -1.280093 0.383213
v 1.028843 -1.359434 0.351311
v 1.029144 -1.276218 0.380570
v 1.111178 -1.346481 0.363441
v -0.998784 -1.384358 0.337013
v -1.026060 -1.304987 0.368658
v -1.024601 -1.385384 0.340719
v -1.001649 -1.300983 0.366288
v -1.081554 -1.373760 0.347917
v -1.024601 -1.385384 0.340719
v -0.729226 0.377619 -0.184276
v -0.756735 0.422567 -0.382501
v -0.735095 0.364672 -0.177300
v -0.755458 0.425908 -0.385066
v 0.722017 0.395095 -0.174099
v 0.751061 0.440717 -0.371918
v 0.749806 0.444238 -0.374474
v 0.728149 0.382465 -0.167011
v 0.440197 1.536534 -0.770839
v 0.436272 1.417770 -0.764921
v -0.968085 0.111331 -0.038426
v -0.983061 0.180823 -0.248959
v -0.468182 1.525438 -0.777237
v -0.461250 1.407045 -0.771202
v -0.361945 1.609426 -0.783464
v -0.405390 -0.217570 0.500144
v -0.361202 -0.247285 0.510480
v -0.400757 -0.217255 0.503105
v -0.357720 -0.246854 0.513005
v -0.428541 -0.190059 0.496851
v -0.432914 -0.190363 0.493604
v 0.360407 -0.238347 0.515590
v 0.404024 -0.207733 0.505840
v 0.399378 -0.207846 0.508677
v 0.356932 -0.238495 0.517980
v 0.426483 -0.179813 0.502828
v 0.430964 -0.179670 0.499708
v -0.312712 -1.162267 -1.056852
v 0.022250 -1.167262 -1.089396
v 0.356428 -1.154273 -1.052160
v 0.981635 0.204385 -0.235194
v 0.965573 0.134667 -0.024844
v -0.803933 0.672906 -0.096852
v -0.814795 0.575338 -0.085251
v 0.788034 0.692168 -0.085667
v 0.801267 0.595168 -0.073843
v -0.332719 -0.260246 0.517212
v -0.330703 -0.259585 0.518956
v 0.332219 -0.252991 0.521754
v 0.330182 -0.252052 0.523513
v -0.312692 -1.272331 -1.100063
v -0.527773 -1.400011 -1.058784
v -0.574889 -1.311791 -1.030568
v -0.527773 -1.400011 -1.058784
v -0.306953 -1.162627 -1.056877
v 0.359765 -1.264498 -1.095393
v 0.577465 -1.386418 -1.050977
v 0.621914 -1.297501 -1.022194
v 0.621914 -1.297501 -1.022194
v 0.350668 -1.153956 -1.052133
v -0.356735 0.734118 0.522211
v -0.444345 0.745776 0.483452
v 0.331078 0.743029 0.527146
v 0.418866 0.756527 0.489557
v -0.746443 0.298214 -0.277108
v -0.718866 0.316714 -0.215739
v -0.463942 -0.155370 0.484465
v -0.458247 -0.155254 0.488191
v 0.461183 -0.144249 0.490950
v 0.455404 -0.143424 0.494723
v 0.742569 0.316456 -0.266605
v 0.713721 0.334264 -0.205638
v 0.884173 0.144819 -0.004117
v 0.866451 -0.011713 0.210623
v -0.868607 -0.032703 0.198450
v -0.887274 0.122984 -0.016622
v 0.717141 -0.066534 0.319767
v 0.726574 -0.189574 0.335937
v -0.719378 -0.083852 0.309686
v -0.725955 -0.206982 0.325765
v -0.017470 0.943892 0.575648
v -0.630609 0.520916 0.297387
v -0.627442 0.485220 0.301498
v 0.613273 0.536507 0.306202
v 0.610925 0.500125 0.310174
v -0.710149 0.408917 -0.027227
v -0.708356 0.406021 0.021671
v -0.708562 0.411084 0.022265
v -0.695064 0.414417 0.110005
v -0.695338 0.429651 0.111435
v 0.700014 0.425756 -0.017352
v 0.697757 0.428161 0.032157
v 0.697690 0.423137 0.031559
v 0.682944 0.431150 0.119694
v 0.682873 0.446351 0.121124
v -0.102549 1.014647 0.553823
v -0.016502 1.018550 0.548362
v -0.183144 0.988203 0.549302
v -0.254487 0.953439 0.541700
v -0.317586 0.901735 0.526607
v -0.430530 0.762553 0.482302
v -0.532647 0.642777 0.390717
v 0.069468 1.017678 0.555176
v -0.016502 1.018550 0.548362
v 0.150783 0.992747 0.551734
v 0.223047 0.959608 0.545124
v 0.287669 0.908507 0.530761
v 0.404674 0.771954 0.488040
v 0.510993 0.655995 0.398142
v -0.343286 -0.240984 0.509073
v -0.299727 -0.262630 0.520617
v -0.323416 -0.241435 0.518448
v -0.289521 -0.261066 0.526949
v 0.548803 1.422836 -0.745839
v 0.538352 1.304949 -0.736110
v -0.574234 1.409243 -0.753731
v -0.560888 1.291963 -0.743776
v -0.468182 1.525438 -0.777237
v -0.308885 -0.268549 0.522371
v -0.308007 -0.267707 0.523457
v -0.285769 -0.271468 0.526280
v 0.308510 -0.261520 0.526638
v 0.307661 -0.260560 0.527731
v 0.285406 -0.264745 0.530263
v -0.260940 -0.272413 0.529788
v -0.257954 -0.271959 0.532359
v -0.239902 -0.275147 0.533165
v 0.299263 -0.255550 0.524804
v 0.342360 -0.232952 0.513852
v 0.322432 -0.233060 0.523077
v 0.288895 -0.253776 0.531064
v 1.171108 -0.497937 0.127505
v 1.153114 -0.592944 0.343086
v -1.142245 -0.620240 0.327040
v -1.159728 -0.526168 0.111127
v -0.673958 0.436423 0.185742
v -0.674396 0.460951 0.187101
v 0.660221 0.452746 0.195134
v 0.660134 0.477187 0.196497
v 0.260635 -0.265789 0.533502
v 0.257570 -0.264936 0.536097
v 0.239531 -0.269118 0.536584
v -0.651023 0.460191 0.248301
v -0.652277 0.491110 0.248142
v 0.578150 -1.446452 0.524004
v 0.571341 -1.448041 0.545632
v 0.576547 -1.457817 0.532645
v 0.571813 -1.435803 0.545937
v -0.541929 -1.462222 0.537702
v -0.548450 -1.460826 0.515968
v -0.546671 -1.472397 0.524594
v -0.542711 -1.448870 0.538174
v 0.210006 1.752127 -0.730825
v 0.214617 1.714588 -0.692473
v -0.248204 1.709546 -0.695633
v -0.244053 1.746548 -0.734025
v 0.635842 0.476221 0.257421
v 0.636314 0.507048 0.257252
v -0.886615 -1.114861 0.251044
v -0.870365 -1.018307 0.200708
v -0.860366 -1.055892 0.200768
v -0.902860 -1.091586 0.253151
v -0.895131 -0.981102 0.202279
v -0.548750 0.406936 0.474548
v -0.554442 0.482353 0.466444
v -0.567377 0.407478 0.463589
v -0.534456 0.481064 0.474577
v -0.557212 0.335812 0.472219
v -0.574256 0.336195 0.462172
v -0.561131 0.197718 0.469503
v -0.574907 0.198670 0.461371
v -0.557667 0.055484 0.463911
v -0.546654 0.054965 0.470126
v -0.526363 -0.049486 0.466657
v -0.517415 -0.048664 0.471415
v 0.535839 0.495878 0.474150
v 0.531905 0.420004 0.482136
v 0.550689 0.421391 0.471498
v 0.515717 0.493922 0.481974
v 0.542205 0.348778 0.479886
v 0.559368 0.349163 0.470012
v 0.549593 0.211004 0.477284
v 0.563541 0.212323 0.469355
v 0.549851 0.068960 0.471707
v 0.538763 0.068768 0.477850
v 0.521188 -0.036507 0.474066
v 0.512165 -0.036641 0.478579
v -0.585762 0.751416 0.268764
v 0.563045 0.765487 0.276865
v -0.830459 0.832128 -0.217188
v -0.855047 0.862398 -0.254209
v 0.831118 -1.046659 0.548466
v 0.820477 -0.966568 0.546128
v 0.833057 -0.996442 0.541239
v 0.835914 -1.021778 0.544999
v -0.811777 -1.066970 0.536854
v -0.803067 -0.986985 0.534594
v -0.814845 -1.016442 0.529651
v -0.817137 -1.041509 0.533436
v 0.812198 0.852474 -0.205582
v 0.836564 0.882884 -0.242329
v -0.488414 -0.125143 0.476985
v -0.481334 -0.124069 0.481077
v 0.484940 -0.112819 0.483906
v 0.477828 -0.111985 0.487906
v -0.617902 0.545688 0.276756
v -0.705521 0.347912 -0.128996
v -0.702425 0.409205 0.033049
v 0.600180 0.560770 0.285360
v 0.691485 0.426054 0.042825
v 0.698339 0.365153 -0.119096
v -0.660366 0.264926 0.091457
v -0.635976 0.244715 0.159361
v -0.656760 0.279450 0.081517
v -0.645828 0.198984 0.181756
v -0.632802 0.310941 0.125519
v -0.512782 0.558121 0.480466
v -0.461188 0.720836 0.492509
v -0.533737 0.559548 0.471640
v -0.440235 0.718318 0.501830
v 0.436215 0.732557 0.498954
v 0.492010 0.570525 0.487581
v 0.513042 0.572567 0.479052
v 0.415216 0.729515 0.507969
v -0.370991 -0.221733 0.500437
v -0.348994 -0.221434 0.511268
v 0.347573 -0.212046 0.516330
v 0.369727 -0.212817 0.505615
v 0.648359 0.292322 0.090849
v 0.623133 0.326793 0.134446
v 0.627520 0.260087 0.168260
v 0.649216 0.292529 0.089145
v 0.628975 0.389841 0.100034
v -0.670438 0.469574 0.153267
v 0.793862 -1.075270 0.548515
v 0.820876 -0.967575 0.545962
v 0.799446 -0.938201 0.550692
v 0.811544 -1.090532 0.547284
v -0.803439 -0.986994 0.534601
v -0.773757 -1.094975 0.537386
v -0.782878 -0.957058 0.539629
v -0.791082 -1.110166 0.535982
v 0.656397 0.485271 0.162534
v -0.407144 0.800779 0.507927
v -0.387194 0.797695 0.514243
v 0.379962 0.810900 0.513563
v 0.360018 0.807167 0.519562
v 1.052093 -0.322026 -0.014013
v 1.075240 -0.342460 -0.031830
v 1.074293 -0.335771 -0.035103
v 1.056887 -0.374261 0.012004
v 1.076048 -0.327092 -0.039068
v 1.057689 -0.274231 -0.034789
v -1.043217 -0.347944 -0.028833
v -1.065602 -0.368775 -0.046930
v -1.047070 -0.399700 -0.002775
v -1.064746 -0.362188 -0.050213
v -1.066779 -0.353305 -0.054158
v -1.049756 -0.299511 -0.049545
v 0.663653 1.220710 -0.686794
v 0.644943 1.100602 -0.672302
v -0.684648 1.204226 -0.696288
v -0.663103 1.084767 -0.681487
v -0.574234 1.409243 -0.753731
v -0.426160 0.609681 0.501091
v -0.509832 0.616682 0.464338
v 0.403939 0.619312 0.506857
v 0.487858 0.628577 0.471314
v -0.019185 1.565746 -0.690072
v 0.055457 1.529308 -0.710706
v -0.014171 1.501419 -0.694857
v 0.049335 1.615922 -0.710520
v -0.010760 1.565246 -0.690108
v -0.014171 1.501419 -0.694857
v -0.084251 1.527428 -0.711715
v -0.080200 1.614492 -0.711414
v 0.654901 0.086538 -0.048166
v 0.632661 0.399615 0.028791
v 0.648847 0.208815 0.012607
v 0.629624 0.280808 0.086015
v -0.642765 0.383953 0.019783
v -0.653913 0.192689 0.003399
v -0.637561 0.265620 0.077139
v -0.656037 0.070822 -0.057332
v -0.639761 0.374739 0.091165
v -0.657472 0.276658 0.079953
v -0.632802 0.310941 0.125519
v -0.656582 0.276344 0.081650
v 0.133630 1.409453 -0.541875
v 0.111847 1.420558 -0.508941
v 0.648419 0.295449 0.090715
v 0.627520 0.260087 0.168260
v 0.652284 0.280515 0.100616
v 0.638187 0.214193 0.190721
v -0.133535 1.417838 -0.510621
v 0.893140 -0.996998 0.213084
v 0.926643 -1.069124 0.266046
v 0.911026 -1.092528 0.263755
v 0.916882 -0.958649 0.215094
v -0.408463 -0.194218 0.488712
v -0.380122 -0.195506 0.500537
v 0.378168 -0.186662 0.505806
v 0.406686 -0.184659 0.494377
v 0.865114 0.582559 -0.427675
v 0.845729 0.455668 -0.371952
v 0.815371 0.546742 -0.451586
v 0.822889 0.593690 -0.474325
v 0.865114 0.582559 -0.427675
v -0.851686 0.435524 -0.383804
v -0.873519 0.560830 -0.440002
v -0.822552 0.526137 -0.463220
v -0.830906 0.572972 -0.486047
v -0.872821 0.660779 -0.486137
v 0.738454 0.134212 0.184031
v 0.731260 0.060198 0.267331
v -0.736017 0.041667 0.256897
v -0.743944 0.116542 0.173666
v 1.178379 -0.697635 0.163158
v 1.221819 -0.678092 0.189006
v 1.180588 -0.712936 0.169087
v 1.213028 -0.605959 0.169270
v -1.199376 -0.635511 0.152281
v -1.162335 -0.726256 0.146656
v -1.206726 -0.707672 0.171925
v -1.164296 -0.742401 0.152448
v 0.820876 -0.967575 0.545962
v 0.830147 -0.852620 0.447672
v -0.803439 -0.986994 0.534601
v -0.814302 -0.872839 0.436070
v -0.072260 0.919945 0.571597
v -0.451403 0.546826 0.490986
v -0.532485 0.552432 0.455734
v -0.407720 -0.168061 0.492408
v -0.437677 -0.165590 0.480140
v 0.041289 0.921318 0.572397
v 0.405182 -0.158400 0.498086
v 0.435286 -0.155453 0.486203
v 0.948973 -0.408342 0.058712
v 0.935664 -0.194091 0.133760
v 0.855751 -0.281587 0.161205
v 0.891005 -0.459963 0.070346
v -0.879882 -0.481840 0.057840
v -0.850338 -0.302221 0.149223
v -0.938914 -0.431350 0.045418
v -0.932094 -0.216283 0.120704
v 0.430793 0.557402 0.497177
v 0.512227 0.565620 0.463154
v -0.448878 0.693351 0.514848
v -0.505211 0.620121 0.482013
v 0.424265 0.704515 0.521075
v 0.489419 0.675129 0.490303
v 0.482898 0.631549 0.488872
v 1.019815 -0.012850 -0.174923
v 1.039994 0.127245 -0.200921
v 1.076336 0.029142 -0.154171
v -1.016593 -0.037246 -0.189182
v -1.039943 0.101463 -0.215650
v 0.663250 1.412803 -0.525129
v 0.663641 1.327211 -0.464902
v -0.690432 1.311126 -0.474376
v -0.691305 1.396658 -0.534592
v -0.684648 1.204226 -0.696288
v -0.639804 0.417502 -0.147307
v 0.631137 0.432436 -0.138442
v 0.823178 0.855088 -0.557899
v -0.486320 0.426923 0.474134
v -0.561477 0.429696 0.442288
v -0.888052 -0.320754 -0.017423
v -0.849187 -0.411534 -0.031049
v -0.858861 -0.437551 -0.017339
v 0.892351 -0.215937 0.087995
v 0.921528 -0.354551 0.221256
v -0.931068 -0.291431 0.157757
v -0.887653 -0.237236 0.075527
v -0.915128 -0.377553 0.208223
v 0.544470 0.443270 0.450091
v 0.469011 0.439258 0.480977
v 0.862489 -0.362941 -0.030501
v 0.948973 -0.408342 0.058712
v 0.891005 -0.459963 0.070346
v 0.940069 -0.278017 -0.053242
v -0.938914 -0.431350 0.045418
v -0.852451 -0.384054 -0.042605
v -0.879882 -0.481840 0.057840
v -0.931780 -0.300986 -0.066442
v -0.510508 0.260947 0.459114
v -0.575462 0.261246 0.432828
v -0.571579 0.147845 0.434097
v -0.511409 0.144163 0.456675
v 0.497587 0.273229 0.466208
v 0.562898 0.274958 0.440809
v 0.561859 0.161806 0.442102
v 0.501422 0.156177 0.463747
v -0.661611 0.663150 -0.087508
v 0.645918 0.679018 -0.078322
v -0.618992 -0.566922 0.333971
v -0.734071 -0.471497 0.339686
v -0.773722 -0.546281 0.303772
v -0.593707 -0.483316 0.357205
v 0.741162 -0.453444 0.350085
v 0.628619 -0.552609 0.342610
v 0.783139 -0.526997 0.314789
v 0.600870 -0.468889 0.365592
v -0.380842 0.789816 0.537968
v -0.387376 0.832541 0.536785
v -0.302240 0.885403 0.556140
v -0.387376 0.832541 0.536785
v -0.306784 0.924422 0.557956
v 0.353501 0.799092 0.543176
v 0.272320 0.892894 0.560274
v -0.494294 -0.099294 0.463563
v -0.453968 -0.104483 0.476189
v 0.450007 -0.093144 0.482604
v 0.490372 -0.087600 0.470430
v 0.889237 -0.119881 0.034757
v 0.913660 0.074319 0.024532
v 0.929433 0.001580 0.052770
v -0.915423 0.051828 0.011632
v -0.886189 -0.141497 0.022272
v -0.929676 -0.021152 0.039677
v 0.991081 -0.239470 -0.063922
v 1.002785 -0.366802 0.047636
v -0.983713 -0.263459 -0.077806
v -0.993659 -0.390522 0.033688
v -1.048367 -0.318003 0.001257
v 0.725374 0.321281 -0.352200
v 0.749806 0.444238 -0.374474
v 0.751061 0.440717 -0.371918
v 0.731520 0.308567 -0.344583
v -0.755458 0.425908 -0.385066
v -0.728301 0.303946 -0.362366
v -0.756735 0.422567 -0.382501
v -0.734239 0.290941 -0.354861
v 0.651108 0.416414 -0.171712
v 0.629664 0.280800 0.086096
v 0.659324 0.397964 -0.146127
v 0.648014 0.237754 0.106908
v -0.637585 0.265610 0.077222
v -0.658865 0.400749 -0.180891
v -0.667000 0.381231 -0.155558
v -0.655053 0.221657 0.097701
v -0.502946 0.042552 0.459800
v -0.559455 0.042210 0.441998
v 0.552229 0.055434 0.449776
v 0.495522 0.054368 0.466775
v -0.862814 0.652644 -0.344857
v -0.861545 0.804289 -0.408063
v -0.785956 0.683724 -0.422824
v -0.785945 0.676068 -0.419505
v -0.666259 -0.160818 0.352244
v -0.669692 -0.270614 0.374670
v 0.774238 0.702847 -0.411824
v 0.846592 0.824814 -0.396092
v 0.850832 0.673852 -0.332746
v 0.774480 0.695166 -0.408503
v 0.772858 0.714844 -0.416247
v 0.833597 0.948159 -0.449324
v 0.846592 0.824814 -0.396092
v 0.571595 -1.459320 0.545276
v 0.575693 -1.464611 0.537543
v 0.572653 -1.467552 0.545193
v 0.574336 -1.475842 0.544919
v -0.850895 0.927243 -0.461236
v -0.784792 0.695576 -0.427258
v -0.861545 0.804289 -0.408063
v -0.541897 -1.472465 0.537510
v -0.545665 -1.478314 0.529650
v -0.541929 -1.462222 0.537702
v -0.542683 -1.481595 0.537273
v -0.544205 -1.488699 0.537176
v 0.665415 -0.144376 0.361649
v 0.671246 -0.254718 0.384033
v -1.094824 0.031770 -0.179471
v -1.107389 0.081693 -0.229787
v -1.187466 -0.586506 0.135389
v -1.157857 -0.710206 0.140286
v -1.199376 -0.635511 0.152281
v 0.333087 -0.558217 0.565861
v 0.370950 -0.532322 0.540900
v 0.366313 -0.475689 0.534626
v 0.342523 -0.602582 0.562913
v -0.423441 -1.432881 0.556966
v -0.445903 -1.385413 0.528646
v -0.452250 -1.414677 0.527007
v -0.441836 -1.512388 0.553044
v -0.423074 -1.364648 0.561108
v -0.364609 -0.541469 0.535689
v -0.326487 -0.565831 0.561298
v -0.361311 -0.484268 0.529543
v -0.334792 -0.611105 0.558096
v 1.108198 0.108641 -0.214201
v 1.096133 0.058163 -0.164105
v -0.122322 0.882747 0.565117
v 0.092402 0.886253 0.566771
v 1.178504 -0.743233 0.180648
v 1.221585 -0.757671 0.206805
v 1.213205 -0.821545 0.218797
v 1.180578 -0.728124 0.174750
v 1.221585 -0.757671 0.206805
v 1.173486 -0.682005 0.156661
v 1.200038 -0.556592 0.152333
v 1.213028 -0.605959 0.169270
v -1.204647 -0.787344 0.189709
v -1.161569 -0.771921 0.164148
v -1.194860 -0.851275 0.201784
v -1.163999 -0.756573 0.158274
v -1.206726 -0.707672 0.171925
v -0.484731 -0.032349 0.465729
v -0.533012 -0.034602 0.451189
v 0.527671 -0.021375 0.458704
v 0.479137 -0.020470 0.472529
v 0.269756 1.653477 -0.777964
v 0.204291 1.550279 -0.769061
v 0.200124 1.673199 -0.771828
v 0.125814 1.664039 -0.748447
v 0.200124 1.673199 -0.771828
v 0.131462 1.546571 -0.741374
v 0.049335 1.615922 -0.710520
v 0.125814 1.664039 -0.748447
v 1.209469 -1.042306 0.329100
v 1.236437 -1.104281 0.342093
v 1.223486 -1.114650 0.304044
v -0.232705 1.545744 -0.772015
v -0.231633 1.668344 -0.774794
v -0.157409 1.660503 -0.750441
v -0.160158 1.543564 -0.743342
v -0.080200 1.614492 -0.711414
v -1.187020 -1.071739 0.312199
v -1.198923 -1.143541 0.287096
v -1.212643 -1.133632 0.324939
v 0.640610 -0.951003 0.606328
v 0.643504 -0.889004 0.580462
v -0.624515 -0.966315 0.597442
v -0.628603 -0.904881 0.571442
v -0.639804 0.417502 -0.147307
v 0.631137 0.432436 -0.138442
v -0.846086 -0.347441 0.169588
v -0.888052 -0.320754 -0.017423
v -0.857223 -0.378005 0.186773
v -0.676289 0.323586 0.054062
v -0.668390 0.452795 0.044992
v 0.667238 0.339282 0.063418
v 0.656211 0.468662 0.054262
v 1.238376 -0.610686 0.162921
v 1.249126 -0.557676 0.110192
v -1.224584 -0.641229 0.145503
v -1.235893 -0.587934 0.092706
v -0.657326 -0.635296 0.310398
v -0.822324 -0.629471 0.279627
v 0.668997 -0.619557 0.319666
v 0.834198 -0.609904 0.291171
v -0.862814 0.652644 -0.344857
v -0.784933 0.662978 -0.414455
v -0.853392 0.518311 -0.291906
v 0.773638 0.682225 -0.403451
v 0.844050 0.539425 -0.279885
v -0.710149 0.408917 -0.027227
v -0.707199 0.402965 0.021048
v -0.692582 0.404585 0.105800
v 0.700014 0.425756 -0.017352
v 0.696647 0.420203 0.030948
v 0.680801 0.421587 0.115511
v -0.606635 0.679490 0.204513
v 0.586571 0.693966 0.212907
v 0.035692 1.434434 -0.466060
v 0.078137 1.429140 -0.482801
v 0.695586 0.524623 -0.031526
v 0.716932 0.141133 -0.119753
v 0.719842 0.572272 -0.051881
v -0.733200 0.554885 -0.062048
v -0.707998 0.508372 -0.041262
v -0.718438 0.122770 -0.130007
v 1.103693 -0.168411 -0.068331
v 1.114930 -0.243531 -0.065250
v -1.097927 -0.196286 -0.083969
v -1.107337 -0.270093 -0.080805
v -0.100410 1.426557 -0.484129
v -0.058310 1.432888 -0.466781
v 0.739356 0.589967 -0.017843
v 0.745892 0.469343 -0.003076
v -0.753621 0.571906 -0.028323
v -0.757320 0.450864 -0.013671
v 0.652457 -0.988283 0.574201
v 0.734743 -0.879701 0.556398
v 0.654956 -0.825895 0.558138
v 0.731656 -1.036277 0.560394
v 0.507684 -0.898351 0.580044
v 0.511445 -0.731602 0.561946
v 0.459328 -0.851864 0.576859
v 0.467076 -0.688791 0.553875
v -0.634978 -1.003292 0.565252
v -0.719739 -0.897956 0.546069
v -0.712793 -1.054143 0.550186
v -0.641330 -0.841404 0.549065
v -0.492619 -0.911075 0.572911
v -0.500284 -0.743703 0.554871
v -0.445414 -0.863166 0.570448
v -0.456959 -0.699951 0.547384
v 0.148201 1.714580 -0.708337
v 0.141452 1.749475 -0.741522
v 0.086737 1.728946 -0.741005
v 0.095183 1.695451 -0.710480
v -0.181587 1.710825 -0.710630
v -0.175273 1.744902 -0.743854
v -0.120046 1.726025 -0.742531
v -0.128111 1.693448 -0.711935
v 0.948973 -0.408342 0.058712
v -0.993659 -0.390522 0.033688
v -0.671336 0.419224 0.175547
v 0.658234 0.434773 0.184797
v 0.895437 -1.139837 0.358412
v 0.916049 -1.020044 0.265001
v -0.893430 -1.042648 0.252175
v -0.871111 -1.160915 0.346046
v 0.834133 0.208247 -0.032055
v 0.819731 0.047482 0.188998
v 0.685450 0.358129 -0.114912
v 0.674988 0.195351 0.126584
v -0.823020 0.027193 0.177385
v -0.838549 0.187580 -0.043850
v -0.692479 0.341396 -0.124601
v -0.681246 0.178298 0.116965
v -0.698037 -1.142099 0.489895
v -0.719175 -1.042344 0.512930
v -0.785704 -1.139523 0.501334
v -0.618029 -1.043850 0.480928
v 0.738310 -1.024221 0.523245
v 0.719972 -1.124683 0.499892
v 0.807467 -1.120339 0.512514
v 0.637681 -1.027949 0.489854
v 0.418695 -0.459203 0.512343
v 0.415258 -0.403040 0.501585
v -0.413840 -0.468696 0.506587
v -0.411677 -0.412828 0.495801
v -0.639804 0.417502 -0.147307
v 0.869892 -0.416243 -0.005133
v 0.903601 -0.287284 -0.008576
v 0.891752 -0.444769 0.013213
v 0.888917 -0.269355 -0.020353
v 0.859739 -0.391119 -0.019079
v 0.631137 0.432436 -0.138442
v -0.172807 0.836056 0.552588
v 0.144238 0.839640 0.554760
v 0.971651 -1.036635 0.272086
v 0.926643 -1.069124 0.266046
v 0.966382 -0.922146 0.219779
v -0.948729 -1.059810 0.258617
v -0.945617 -0.944754 0.206430
v 0.473634 -1.374004 0.535156
v 0.451895 -1.421858 0.563182
v 0.480685 -1.402971 0.533616
v 0.472392 -1.500629 0.559578
v 0.457415 -0.637265 0.512920
v 0.449310 -0.603983 0.527819
v 0.445453 -0.625225 0.534764
v 0.455223 -0.655598 0.534629
v -0.448041 -0.647537 0.506675
v -0.436616 -0.635871 0.528578
v -0.440944 -0.615075 0.521500
v -0.445657 -0.666113 0.528361
v -0.571083 0.520475 0.385007
v 0.552571 0.534057 0.392891
v -0.011386 1.435383 -0.460522
v -0.259282 0.923270 0.560855
v 0.228350 0.929885 0.564393
v -0.647249 0.317944 -0.130366
v 0.640886 0.332924 -0.121423
v 0.978160 -1.341910 0.343036
v 0.981840 -1.252077 0.374756
v 1.028843 -1.359434 0.351311
v -0.948450 -1.365703 0.329429
v -0.954854 -1.275252 0.361192
v -0.648315 0.435607 0.231776
v 0.634040 0.450957 0.240745
v 0.809450 0.921052 -0.253788
v 0.828884 0.984380 -0.295751
v -0.828737 0.900428 -0.265418
v -0.849254 0.964146 -0.307533
v 0.870806 -0.210266 0.305383
v 0.863515 -0.227381 0.320651
v 0.893108 -0.077572 0.236427
v 0.882220 -0.184085 0.289919
v 0.896006 -0.108518 0.250684
v 0.890511 -0.156788 0.274850
v 0.895144 -0.130416 0.260820
v -0.888850 -0.076933 0.214951
v -0.869200 -0.231956 0.293066
v -0.861714 -0.247903 0.308595
v -0.893942 -0.099449 0.223824
v -0.881012 -0.205395 0.277541
v -0.896199 -0.131101 0.237941
v -0.889814 -0.179065 0.262217
v -0.894968 -0.152200 0.248241
v -0.895698 -0.309467 -0.021285
v -0.858861 -0.437551 -0.017339
v -0.880186 -0.466594 0.000713
v -0.881356 -0.290246 -0.032698
v 0.472022 -0.336153 0.469561
v 0.605538 -0.303270 0.420955
v 0.601793 -0.213838 0.400414
v 0.474942 -0.394636 0.482894
v -0.603292 -0.317856 0.412471
v -0.469598 -0.347244 0.462982
v -0.601440 -0.228754 0.391906
v -0.471250 -0.406565 0.476182
v -0.667052 0.073612 -0.079606
v -0.660349 0.424924 -0.001352
v -0.677307 0.082139 -0.092151
v -0.671154 0.445478 -0.011452
v 0.666077 0.089978 -0.070207
v 0.632661 0.399615 0.028791
v 0.649463 0.440642 0.007824
v 0.676335 0.099231 -0.082511
v 0.659974 0.461952 -0.002046
v 1.155509 -0.648198 0.143144
v 1.200038 -0.556592 0.152333
v 1.171108 -0.497937 0.127505
v -1.140521 -0.675493 0.127107
v -1.159728 -0.526168 0.111127
v -0.065116 0.996800 0.570386
v -0.116689 0.992726 0.569673
v -0.016330 0.991099 0.568468
v 0.032229 0.998083 0.571100
v 0.083985 0.995046 0.571062
v -0.016330 0.991099 0.568468
v 0.981635 0.204385 -0.235194
v 0.969205 0.060060 -0.204638
v -0.983061 0.180823 -0.248959
v -0.967401 0.036837 -0.218200
v -0.756735 0.422567 -0.382501
v -0.995833 -1.101859 0.153491
v -0.979236 -1.135495 0.166304
v -0.992482 -1.096838 0.152986
v -0.988474 -1.157586 0.166847
v -0.976740 -1.097576 0.166306
v -0.336369 -0.635623 0.564869
v -0.320375 -0.625344 0.580230
v -0.332486 -0.621961 0.561193
v -0.328974 -0.681352 0.594649
v 0.340540 -0.614180 0.565865
v 0.328232 -0.618156 0.584685
v 0.344726 -0.627285 0.569665
v 0.338063 -0.673198 0.599346
v -0.213856 0.954909 0.565061
v 0.182127 0.959893 0.567862
v -0.622927 0.455843 0.282064
v 0.607445 0.470170 0.290617
v 0.799446 -0.938201 0.550692
v 0.805501 -0.814235 0.448385
v -0.782878 -0.957058 0.539629
v -0.790621 -0.833290 0.437222
v 0.540059 -0.860428 0.618416
v 0.541448 -0.801723 0.594879
v -0.528990 -0.815416 0.587250
v -0.526431 -0.873375 0.610936
v 0.571023 -1.565942 0.543994
v 0.577346 -1.481017 0.463201
v -0.538567 -1.579336 0.536213
v -0.545915 -1.494541 0.455309
v -0.166314 0.978386 0.568187
v 0.133997 0.981910 0.570275
v 0.716604 0.589990 -0.052040
v 0.753557 0.919065 -0.201506
v 0.703712 0.672066 -0.038572
v 0.728736 0.973978 -0.230862
v 0.703712 0.672066 -0.038572
v 0.753557 0.919065 -0.201506
v 0.559381 1.002227 -0.221507
v -0.719703 0.654967 -0.048548
v -0.749761 0.956089 -0.241244
v -0.773550 0.900037 -0.212329
v -0.773550 0.900037 -0.212329
v -0.730409 0.572246 -0.062235
v -0.719703 0.654967 -0.048548
v -0.581295 0.988694 -0.229481
v -0.749761 0.956089 -0.241244
v 1.039994 0.127245 -0.200921
v -0.983061 0.180823 -0.248959
v 0.440362 -0.820447 0.573074
v 0.453814 -0.667655 0.547950
v -0.427201 -0.830873 0.566982
v -0.444200 -0.678398 0.541674
v 0.964945 -0.338100 0.027483
v 0.957820 -0.499489 0.052932
v -0.956265 -0.361194 0.014013
v -0.945415 -0.522675 0.039549
v 0.563888 0.494231 0.028055
v 0.623400 0.354873 0.051483
v 0.583262 0.668476 -0.050119
v -0.642765 0.383953 0.019783
v -0.576359 0.480660 0.020079
v -0.599057 0.653309 -0.058556
v -0.632645 0.338996 0.042560
v 0.044821 1.694432 -0.733376
v 0.054503 1.662912 -0.703331
v -0.077429 1.693551 -0.734139
v -0.086734 1.661123 -0.704333
v 1.174061 -0.760196 0.186382
v 1.213205 -0.821545 0.218797
v 1.201703 -0.864029 0.226521
v -1.194860 -0.851275 0.201784
v -1.156807 -0.788466 0.170006
v -1.182396 -0.893205 0.209733
v 0.455167 -0.655620 0.534613
v 0.445453 -0.625225 0.534764
v 0.446766 -0.645802 0.541442
v 0.453814 -0.667655 0.547950
v -0.445622 -0.666121 0.528342
v -0.437577 -0.657285 0.535101
v -0.436616 -0.635871 0.528578
v -0.444200 -0.678398 0.541674
v -0.596530 0.484096 0.333144
v 0.579711 0.498528 0.341454
v 0.872483 -0.269328 0.125284
v 0.889422 -0.437760 0.278460
v -0.866928 -0.290008 0.113128
v -0.881687 -0.459605 0.265954
v -0.915128 -0.377553 0.208223
v 0.621645 0.328622 0.063535
v 0.555867 0.317111 0.100088
v 0.623705 0.304235 0.075306
v 0.573749 0.163190 0.156521
v -0.564958 0.303395 0.092189
v -0.632046 0.288393 0.066375
v -0.579623 0.148384 0.148276
v -0.630475 0.313529 0.054755
v -0.264114 0.724326 0.516223
v 0.238840 0.730035 0.519694
v 0.888917 -0.269355 -0.020353
v 0.863974 -0.357255 0.198850
v 0.903601 -0.287284 -0.008576
v 0.886551 -0.387003 0.218349
v 0.852287 -0.326389 0.181605
v 0.721857 0.386853 -0.385954
v 0.752868 0.300495 -0.310890
v -0.725918 0.369216 -0.396151
v -0.755777 0.281378 -0.321632
v -0.106212 1.001590 0.560696
v -0.016624 1.017349 0.564408
v -0.118068 1.008202 0.562693
v 0.073384 1.004134 0.562017
v 0.085031 1.011368 0.564237
v 0.446766 -0.645802 0.541442
v 0.419605 -0.746591 0.560879
v -0.408157 -0.756362 0.555104
v -0.437577 -0.657285 0.535101
v 1.061739 0.189592 -0.251306
v 1.053190 0.135676 -0.200501
v -1.062494 0.163316 -0.266319
v -1.053319 0.110398 -0.215267
v -0.639804 0.417502 -0.147307
v 0.631137 0.432436 -0.138442
v -0.190182 0.961494 0.552207
v 0.158420 0.965226 0.554569
v -0.822324 -0.629471 0.279627
v -0.773722 -0.546281 0.303772
v -0.887832 -0.631243 0.173838
v -0.939522 -0.704349 0.203998
v -0.846300 -0.693358 0.298610
v -0.830444 -0.758650 0.354243
v -0.947063 -0.773488 0.275274
v 0.834198 -0.609904 0.291171
v 0.901109 -0.609415 0.186428
v 0.954208 -0.680661 0.217431
v 0.859503 -0.672725 0.310593
v 0.844518 -0.738175 0.366030
v 0.962532 -0.749774 0.288802
v 0.795358 -0.810440 0.425868
v 0.745333 1.263172 -0.445881
v 0.736165 1.171942 -0.399591
v -0.759838 1.153080 -0.410226
v -0.770627 1.244474 -0.456589
v 1.099425 -0.980488 0.271752
v 0.971651 -1.036635 0.272086
v 1.092059 -0.859945 0.214167
v -1.077856 -1.006660 0.256486
v -1.072714 -0.885879 0.199010
v 0.718521 0.460498 -0.206357
v 0.752868 0.300495 -0.310890
v 0.845729 0.455668 -0.371952
v 0.769381 0.545452 -0.240507
v -0.726943 0.442684 -0.216563
v -0.851686 0.435524 -0.383804
v -0.755777 0.281378 -0.321632
v -0.779380 0.526717 -0.251396
v -0.431500 -0.028885 0.455407
v -0.442504 0.045820 0.447588
v -0.410789 -0.100786 0.468261
v -0.375951 -0.162813 0.485391
v 0.435198 0.055660 0.453635
v 0.425934 -0.018832 0.461375
v 0.406903 -0.091433 0.473920
v 0.373380 -0.153469 0.490702
v -0.782520 0.874030 -0.199034
v -0.733200 0.554885 -0.062048
v -0.730409 0.572246 -0.062235
v -0.730409 0.572246 -0.062235
v -0.773550 0.900037 -0.212329
v -0.782520 0.874030 -0.199034
v 0.716604 0.589990 -0.052040
v 0.763061 0.893004 -0.188133
v 0.753557 0.919065 -0.201506
v 0.719842 0.572272 -0.051881
v 0.763061 0.893004 -0.188133
v 0.716604 0.589990 -0.052040
v 0.861275 -0.224114 0.320111
v 0.853433 -0.210579 0.314966
v -0.851916 -0.231242 0.302983
v -0.859550 -0.244887 0.308035
v -0.448222 0.144371 0.443237
v -0.442885 0.260126 0.443246
v -0.408187 0.425099 0.454164
v 0.438486 0.155732 0.449564
v 0.430172 0.271322 0.449470
v 0.391223 0.435507 0.459908
v 1.111354 -0.601515 0.121697
v 1.120139 -0.441627 0.099253
v -1.109716 -0.468744 0.083568
v -1.097243 -0.628833 0.106077
v -0.507838 1.171230 -0.330797
v -0.524969 1.380035 -0.449899
v 0.482739 1.183494 -0.323783
v 0.581716 1.249620 -0.375055
v 0.649463 0.440642 0.007824
v 0.607544 0.746974 -0.085391
v -0.660349 0.424924 -0.001352
v -0.624896 0.731780 -0.094099
v 0.886185 -1.066715 0.214639
v 0.916049 -1.020044 0.265001
v 0.901040 -1.114441 0.218709
v 0.911080 -1.007078 0.262579
v -0.861705 -1.088892 0.202190
v -0.893430 -1.042648 0.252175
v -0.888822 -1.029232 0.249872
v -0.875442 -1.135901 0.206220
v 0.629664 0.280800 0.086096
v 0.588218 0.084107 0.186743
v -0.637585 0.265610 0.077222
v -0.592522 0.068904 0.178292
v 0.927003 -1.298624 0.334261
v 0.934663 -1.205109 0.367348
v -0.898304 -1.320319 0.321509
v -0.908833 -1.227722 0.354348
v 0.046634 1.491041 -0.551658
v -0.018750 1.458820 -0.550846
v -0.076599 1.489202 -0.552578
v -0.010383 1.458272 -0.550877
v 0.358485 -0.711485 0.607463
v 0.361718 -0.657181 0.577849
v -0.348541 -0.720316 0.602456
v -0.352750 -0.666529 0.572706
v 0.316062 0.611633 0.488796
v 0.015240 1.653757 -0.724267
v 0.024475 1.623315 -0.694022
v -0.006333 1.612822 -0.716045
v 0.000806 1.584487 -0.685339
v -0.046996 1.653441 -0.724640
v -0.055840 1.622981 -0.694478
v -0.024489 1.612886 -0.716126
v -0.031264 1.584291 -0.685519
v -0.337891 0.602720 0.484040
v -0.857223 -0.378005 0.186773
v -0.881356 -0.290246 -0.032698
v -0.895698 -0.309467 -0.021285
v -0.879271 -0.408133 0.205980
v -0.350598 -0.192372 0.495006
v -0.380122 -0.195506 0.500537
v 0.348686 -0.184103 0.499885
v 0.378168 -0.186662 0.505806
v 0.620861 0.778943 -0.098974
v 0.695586 0.524623 -0.031526
v 0.661489 0.807101 -0.133818
v 0.659974 0.461952 -0.002046
v 0.719842 0.572272 -0.051881
v 0.685761 0.857777 -0.153512
v -0.638812 0.763319 -0.107887
v -0.679650 0.790248 -0.143348
v -0.671154 0.445478 -0.011452
v -0.733200 0.554885 -0.062048
v -0.704928 0.840807 -0.163312
v 1.082670 -0.360957 -0.020314
v 1.070637 -0.413294 0.035286
v -1.072699 -0.387412 -0.035516
v -1.060153 -0.439162 0.020300
v 0.505729 -1.453408 0.538211
v 0.502856 -1.538580 0.560744
v -0.476086 -1.465173 0.531321
v -0.471379 -1.550835 0.553826
v -0.587726 -1.430257 0.483118
v -0.584311 -1.610438 0.535637
v -0.538567 -1.579336 0.536213
v -0.554076 -1.410525 0.482356
v -0.523838 -1.496429 0.539657
v -0.554076 -1.410525 0.482356
v -0.538567 -1.579336 0.536213
v -0.542683 -1.481595 0.537273
v 0.590172 -1.454951 0.484325
v 0.571588 -1.445445 0.461319
v 0.575950 -1.400106 0.458644
v -0.014977 1.574506 -0.706626
v -0.016133 1.547162 -0.676055
v -0.013591 1.547001 -0.676065
v -0.366631 0.543258 0.473475
v 0.346486 0.551686 0.478457
v 0.659974 0.461952 -0.002046
v -0.660349 0.424924 -0.001352
v -0.671154 0.445478 -0.011452
v 0.589277 -1.432629 0.486684
v 0.582994 -1.396821 0.490351
v 0.577346 -1.481017 0.463201
v 0.582994 -1.396821 0.490351
v 0.589277 -1.432629 0.486684
v 0.583967 -1.398814 0.489841
v 0.838014 -0.261186 0.337924
v 0.862283 -0.225433 0.314634
v 0.854111 -0.215247 0.311069
v 0.833715 -0.191052 0.301048
v -0.835617 -0.281704 0.326125
v -0.832516 -0.211000 0.289380
v -0.852449 -0.236800 0.298923
v -0.860416 -0.246108 0.302567
v 0.443728 1.258751 -0.367691
v 0.452627 1.449425 -0.470539
v -0.470157 1.246982 -0.374227
v -0.482470 1.437868 -0.477142
v -0.524969 1.380035 -0.449899
v -0.302932 0.868950 0.527287
v 0.273810 0.876339 0.531410
v 0.293451 0.879631 0.536292
v 0.810003 -0.160940 0.294407
v -0.809490 -0.180592 0.283019
v -0.365731 0.794568 0.512607
v 0.338616 0.803546 0.517628
v -0.512988 0.480557 0.469009
v -0.490240 0.557565 0.474507
v -0.528724 0.406925 0.466088
v -0.548750 0.406936 0.474548
v -0.538903 0.335842 0.464487
v -0.557212 0.335812 0.472219
v 0.494372 0.492917 0.476105
v 0.469610 0.568697 0.481160
v 0.512036 0.419336 0.473360
v 0.531905 0.420004 0.482136
v 0.524055 0.348932 0.471992
v 0.531905 0.420004 0.482136
v 0.542205 0.348778 0.479886
v 1.005347 -1.111079 0.180306
v 1.021278 -1.077333 0.167674
v 1.017764 -1.072910 0.167036
v 1.015113 -1.132263 0.181090
v 0.846229 -0.116126 0.260149
v 0.827826 -0.100930 0.254762
v -0.828326 -0.121475 0.243049
v -0.846403 -0.136541 0.248273
v 1.162252 -0.932025 0.251517
v 1.099425 -0.980488 0.271752
v 1.147777 -0.809056 0.201536
v -1.141540 -0.959874 0.235352
v -1.129505 -0.836434 0.185579
v -0.417623 0.716788 0.495798
v 0.392781 0.726566 0.501488
v -0.348994 -0.221434 0.511268
v -0.325183 -0.222154 0.506524
v 0.323860 -0.213989 0.511145
v 0.347573 -0.212046 0.516330
v 0.378168 -0.186662 0.505806
v 0.946552 -1.076564 0.274194
v 0.934663 -1.205109 0.367348
v -0.922666 -1.099713 0.260982
v -0.908833 -1.227722 0.354348
v 0.617826 0.016939 0.213422
v 0.648014 0.237754 0.106908
v -0.655053 0.221657 0.097701
v -0.620845 0.002093 0.204745
v -0.534797 0.056005 0.465060
v -0.546325 0.197722 0.463295
v -0.546654 0.054965 0.470126
v -0.561131 0.197718 0.469503
v -0.557212 0.335812 0.472219
v -0.561131 0.197718 0.469503
v 0.538763 0.068768 0.477850
v 0.534862 0.210733 0.470882
v 0.526992 0.069153 0.472566
v 0.549593 0.211004 0.477284
v 0.542205 0.348778 0.479886
v 0.787317 -0.117763 0.267296
v 0.815786 -0.085614 0.238665
v 0.838014 -0.261186 0.337924
v -0.787606 -0.136977 0.256196
v -0.816503 -0.105553 0.227172
v -1.196462 -0.527688 0.064430
v -1.188603 -0.586707 0.122472
v 1.208520 -0.497785 0.081459
v 1.201347 -0.557879 0.139234
v -0.323416 -0.241435 0.518448
v -0.301039 -0.240225 0.514798
v 0.300075 -0.233242 0.518975
v 0.322432 -0.233060 0.523077
v 0.347573 -0.212046 0.516330
v 0.512165 -0.036641 0.478579
v 0.502620 -0.035431 0.474117
v 0.538763 0.068768 0.477850
v 0.477828 -0.111985 0.487906
v 0.512165 -0.036641 0.478579
v 0.470191 -0.110985 0.484199
v -0.559218 -1.482034 0.474119
v -0.546471 -1.413769 0.450758
v -0.541039 -1.458639 0.453549
v -0.517415 -0.048664 0.471415
v -0.507816 -0.047557 0.467029
v -0.473668 -0.123004 0.477471
v -0.481334 -0.124069 0.481077
v -0.289521 -0.261066 0.526949
v -0.278109 -0.257103 0.522969
v 0.288895 -0.253776 0.531064
v 0.322432 -0.233060 0.523077
v 0.277525 -0.250430 0.526854
v 0.403954 1.322016 -0.406014
v -0.431438 1.311661 -0.411920
v -0.439888 1.484856 -0.500251
v -0.482470 1.437868 -0.477142
v 1.001343 0.202827 -0.239608
v 1.008077 0.255661 -0.289328
v -1.010089 0.231181 -0.303507
v -1.002697 0.178546 -0.253688
v 0.927003 -1.298624 0.334261
v 0.938382 -1.177533 0.228450
v 0.651096 -0.023471 0.231523
v -0.653217 -0.039548 0.222325
v -0.898304 -1.320319 0.321509
v -0.948450 -1.365703 0.329429
v -0.911282 -1.199836 0.215481
v 0.648014 0.237754 0.106908
v 0.734743 -0.879701 0.556398
v 0.738590 -0.747734 0.449146
v 0.799446 -0.938201 0.550692
v 0.658314 -0.688809 0.444050
v -0.725402 -0.765433 0.438860
v -0.646592 -0.704795 0.434851
v 1.201703 -0.864029 0.226521
v 1.162252 -0.932025 0.251517
v -1.182396 -0.893205 0.209733
v 0.805615 0.402643 -0.343320
v 0.815026 0.454256 -0.392838
v -0.810672 0.382762 -0.354720
v -0.820629 0.434526 -0.404317
v 0.411260 -0.586536 0.514995
v 0.445453 -0.625225 0.534764
v 0.449310 -0.603983 0.527819
v 0.426855 -0.471668 0.466293
v -0.403165 -0.596060 0.509318
v -0.437577 -0.657285 0.535101
v -0.436616 -0.635871 0.528578
v -0.440944 -0.615075 0.521500
v -0.420995 -0.482323 0.460280
v 0.543716 -1.494766 0.545942
v 0.542926 -1.560889 0.563473
v -0.513149 -1.507176 0.538574
v -0.510898 -1.574524 0.555928
v 0.807825 1.081358 -0.348396
v 0.793652 1.002630 -0.308267
v -0.829913 1.061808 -0.359869
v -0.814294 0.982253 -0.319703
v 0.470625 -0.559794 0.511411
v 0.458556 -0.399562 0.429071
v -0.463177 -0.570385 0.504963
v -0.454007 -0.411384 0.422528
v 0.448943 -0.142588 0.491489
v 0.455404 -0.143424 0.494723
v 0.477828 -0.111985 0.487906
v -0.458247 -0.155254 0.488191
v -0.451761 -0.154152 0.485060
v 0.538488 -0.307131 0.374425
v -0.535515 -0.320598 0.366810
v -0.540373 -0.487744 0.461558
v -0.463177 -0.570385 0.504963
v 0.591304 -1.518885 0.551278
v 0.591386 -1.575395 0.566009
v -0.560216 -1.532797 0.543190
v -0.559078 -1.589416 0.557919
v 0.468977 -0.540242 0.387749
v 0.453814 -0.667655 0.547950
v 0.476337 -0.551607 0.392573
v 0.467076 -0.688791 0.553875
v -0.467476 -0.563697 0.385849
v -0.444200 -0.678398 0.541674
v -0.460285 -0.552108 0.381117
v -0.456959 -0.699951 0.547384
v 0.617467 -1.595491 0.544159
v 0.617159 -1.415403 0.491618
v 0.571023 -1.565942 0.543994
v 0.582994 -1.396821 0.490351
v -0.559357 -1.446690 0.478582
v -0.541096 -1.471014 0.454055
v -0.554076 -1.410525 0.482356
v -0.559686 -1.468983 0.476232
v 0.323812 1.419542 -0.466738
v 0.409192 1.495403 -0.494245
v -0.353018 1.411971 -0.471392
v -0.356519 1.555802 -0.535551
v -0.439888 1.484856 -0.500251
v 0.114766 1.309816 -0.621620
v 0.141492 1.397693 -0.578325
v 0.143190 1.334194 -0.551294
v 0.113380 1.374223 -0.648073
v 0.133630 1.409453 -0.541875
v 0.135214 1.345965 -0.514644
v 0.038169 1.359139 -0.691805
v 0.039126 1.294794 -0.665603
v -0.055521 1.293354 -0.666328
v -0.055833 1.357618 -0.692531
v -0.428541 -0.190059 0.496851
v -0.423170 -0.188977 0.494089
v 0.426483 -0.179813 0.502828
v 0.455404 -0.143424 0.494723
v 0.421151 -0.179139 0.499951
v -0.257954 -0.271959 0.532359
v -0.254756 -0.270777 0.529918
v 0.257570 -0.264936 0.536097
v 0.288895 -0.253776 0.531064
v 0.254348 -0.264391 0.533519
v -0.400757 -0.217255 0.503105
v -0.395685 -0.217232 0.500872
v 0.399378 -0.207846 0.508677
v 0.426483 -0.179813 0.502828
v 0.394293 -0.208249 0.506327
v 0.946552 -1.076564 0.274194
v 0.938382 -1.177533 0.228450
v -0.922666 -1.099713 0.260982
v -0.911282 -1.199836 0.215481
v -0.893430 -1.042648 0.252175
v 1.108288 -0.545582 0.324632
v 1.120139 -0.441627 0.099253
v 0.953448 -0.441864 0.258837
v 1.120139 -0.441627 0.099253
v 0.964945 -0.338100 0.027483
v 0.903601 -0.287284 -0.008576
v -1.159728 -0.526168 0.111127
v -1.098389 -0.572034 0.309170
v -1.109716 -0.468744 0.083568
v -0.945308 -0.465302 0.245432
v -1.109716 -0.468744 0.083568
v -0.956265 -0.361194 0.014013
v -0.956265 -0.361194 0.014013
v 0.895437 -1.139837 0.358412
v 0.881470 -1.226775 0.324597
v -0.854485 -1.247639 0.312423
v -0.871111 -1.160915 0.346046
v -0.154928 1.342869 -0.516613
v -0.154632 1.406298 -0.543857
v -0.162095 1.329962 -0.553522
v -0.161648 1.394330 -0.580398
v -0.133535 1.417838 -0.510621
v -0.133731 1.353353 -0.483357
v -0.132160 1.307178 -0.623290
v -0.132002 1.371517 -0.649755
v -0.100352 1.363037 -0.456526
v -0.100410 1.426557 -0.484129
v -0.058003 1.369382 -0.439007
v -0.058310 1.432888 -0.466781
v -0.010757 1.371844 -0.432620
v -0.011386 1.435383 -0.460522
v 0.035692 1.434434 -0.466060
v 0.036582 1.369876 -0.438452
v 0.078137 1.429140 -0.482801
v 0.079340 1.365577 -0.455206
v 0.111847 1.420558 -0.508941
v 0.113255 1.356990 -0.481525
v 0.135214 1.345965 -0.514644
v 0.133630 1.409453 -0.541875
v 0.763061 0.893004 -0.188133
v 0.719842 0.572272 -0.051881
v 0.751798 0.655248 -0.085488
v 0.773251 0.852726 -0.168902
v 0.768746 0.719577 -0.111556
v 0.778593 0.796370 -0.143262
v -0.766750 0.636698 -0.096184
v -0.782520 0.874030 -0.199034
v -0.791987 0.833871 -0.179876
v -0.733200 0.554885 -0.062048
v -0.784945 0.701068 -0.122418
v -0.796225 0.777126 -0.154362
v 0.646945 -1.578026 0.568533
v 0.646104 -1.521432 0.553833
v 0.704002 -1.556201 0.572284
v 0.701597 -1.498382 0.556523
v -0.614930 -1.536973 0.544927
v -0.614526 -1.592531 0.559795
v -0.672077 -1.573080 0.562588
v -0.671036 -1.515445 0.546809
v -0.357720 -0.246854 0.513005
v -0.354015 -0.246836 0.511299
v 0.356932 -0.238495 0.517980
v 0.399378 -0.207846 0.508677
v 0.353244 -0.238019 0.516303
v 0.516510 -0.591137 0.408308
v 0.511445 -0.731602 0.561946
v -0.506834 -0.603549 0.401121
v -0.500284 -0.743703 0.554871
v -0.456959 -0.699951 0.547384
v 0.245956 1.485256 -0.506684
v 0.207804 1.502729 -0.520133
v 0.170046 1.509467 -0.530072
v 0.130628 1.506730 -0.537917
v -0.276311 1.478642 -0.510392
v -0.356519 1.555802 -0.535551
v -0.238379 1.497741 -0.523205
v -0.200641 1.505057 -0.532663
v -0.161147 1.502719 -0.540041
v -0.676962 -0.696366 0.314314
v -0.670041 -0.759391 0.343301
v 0.834198 -0.609904 0.291171
v 0.690076 -0.678976 0.324051
v 0.844518 -0.738175 0.366030
v 0.684349 -0.743316 0.352773
v 1.043346 -1.099619 0.170632
v 1.040889 -1.156756 0.183463
v -1.017455 -1.124602 0.156154
v -1.013622 -1.182128 0.168961
v -0.330703 -0.259585 0.518956
v -0.328585 -0.259497 0.517465
v 0.330182 -0.252052 0.523513
v 0.328059 -0.250745 0.522208
v 0.356932 -0.238495 0.517980
v 0.988354 -1.128003 0.285955
v 0.981840 -1.252077 0.374756
v 1.111354 -0.601515 0.121697
v 0.946775 -0.587157 0.286455
v 0.957820 -0.499489 0.052932
v 1.100167 -0.689731 0.344754
v 1.155509 -0.648198 0.143144
v 1.138812 -0.727700 0.357448
v -0.963273 -1.152301 0.272128
v -0.954854 -1.275252 0.361192
v -0.908833 -1.227722 0.354348
v -1.097243 -0.628833 0.106077
v -0.935322 -0.610545 0.273137
v -1.086955 -0.716302 0.329365
v -0.945415 -0.522675 0.039549
v -1.097243 -0.628833 0.106077
v -1.140521 -0.675493 0.127107
v -1.124740 -0.755864 0.341422
v 1.138812 -0.727700 0.357448
v 1.153114 -0.592944 0.343086
v 1.100167 -0.689731 0.344754
v 1.108288 -0.545582 0.324632
v -1.086955 -0.716302 0.329365
v -1.098389 -0.572034 0.309170
v -1.142245 -0.620240 0.327040
v -1.124740 -0.755864 0.341422
v 0.875490 -0.528830 0.245238
v 0.957820 -0.499489 0.052932
v 0.891752 -0.444769 0.013213
v -0.880186 -0.466594 0.000713
v -0.865062 -0.550500 0.232926
v -0.945415 -0.522675 0.039549
v -0.308007 -0.267707 0.523457
v -0.307094 -0.267646 0.522472
v -0.285769 -0.271468 0.526280
v 0.307661 -0.260560 0.527731
v 0.306713 -0.260388 0.526755
v 0.330182 -0.252052 0.523513
v 0.285406 -0.264745 0.530263
v 0.307661 -0.260560 0.527731
v 0.785846 -1.564669 0.546771
v 0.742753 -1.406598 0.478238
v 0.746898 -1.584816 0.545746
v 0.779704 -1.389921 0.468304
v 0.701892 -1.416809 0.487415
v 0.746898 -1.584816 0.545746
v 0.704780 -1.595605 0.545163
v 0.657267 -1.419849 0.491539
v 0.704780 -1.595605 0.545163
v 0.659010 -1.599008 0.544641
v 0.659010 -1.599008 0.544641
v 0.617467 -1.595491 0.544159
v -0.753373 -1.584054 0.535846
v -0.713358 -1.423784 0.468082
v -0.750601 -1.408830 0.457504
v -0.713932 -1.602798 0.535452
v -0.672404 -1.433713 0.477705
v -0.671563 -1.612478 0.535471
v -0.627769 -1.436015 0.482418
v -0.625743 -1.615213 0.535520
v -0.584311 -1.610438 0.535637
v 0.571588 -1.445445 0.461319
v 0.590172 -1.454951 0.484325
v 0.589277 -1.432629 0.486684
v -0.239902 -0.275147 0.533165
v 0.239531 -0.269118 0.536584
v 0.257570 -0.264936 0.536097
v -0.963273 -1.152301 0.272128
v -0.956288 -1.249275 0.228123
v -0.922666 -1.099713 0.260982
v 0.988354 -1.128003 0.285955
v 0.984451 -1.225313 0.241833
v 1.147551 -0.740005 0.361023
v 1.171848 -0.628409 0.353779
v 1.153114 -0.592944 0.343086
v -1.160186 -0.656607 0.337411
v -1.133171 -0.768168 0.344912
v 0.862331 -1.051779 0.440061
v 0.847164 -1.159365 0.444509
v 0.829889 -1.044624 0.432432
v 0.833441 -1.030778 0.427509
v 0.831714 -1.022740 0.422164
v 0.862331 -1.051779 0.440061
v 0.831714 -1.022740 0.422164
v 0.851478 -0.915193 0.445273
v -0.841283 -1.072562 0.428070
v -0.809017 -1.064196 0.420972
v -0.823542 -1.180069 0.432699
v -0.812848 -1.050918 0.415915
v -0.811207 -1.043080 0.410559
v -0.834022 -0.934988 0.433526
v -0.811207 -1.043080 0.410559
v 1.069683 -1.114095 0.174710
v 1.068698 -1.170100 0.186270
v -1.043374 -1.140020 0.159811
v -1.041165 -1.195178 0.171518
v 0.946775 -0.587157 0.286455
v 1.108288 -0.545582 0.324632
v 0.953448 -0.441864 0.258837
v 1.100167 -0.689731 0.344754
v -0.935322 -0.610545 0.273137
v -0.945308 -0.465302 0.245432
v -1.098389 -0.572034 0.309170
v 0.728780 -1.529316 0.575272
v 0.724900 -1.474591 0.559931
v -0.697656 -1.547245 0.565149
v -0.694916 -1.491877 0.549936
v 1.089443 -0.830642 0.379848
v 0.957855 -0.788733 0.334267
v 0.962911 -0.894760 0.362643
v 1.082439 -0.719449 0.351773
v 1.145568 -0.777445 0.379618
v 1.132176 -0.663239 0.347605
v -1.073079 -0.856684 0.364679
v -0.941991 -0.812029 0.320862
v -1.068519 -0.745165 0.336718
v -0.944792 -0.918665 0.349115
v -1.130567 -0.804869 0.363651
v -1.073079 -0.856684 0.364679
v -1.119603 -0.690067 0.331855
v 1.172600 -0.724764 0.373568
v 1.147242 -0.628224 0.340733
v 1.119080 -0.409293 0.015611
v 1.111894 -0.468703 0.075852
v -1.108387 -0.436538 -0.000086
v -1.100524 -0.495795 0.060248
v -1.158844 -0.752972 0.357193
v -1.135513 -0.656269 0.324633
v -1.130567 -0.804869 0.363651
v -1.158844 -0.752972 0.357193
v -1.164107 -0.733668 0.354058
v 0.938382 -1.177533 0.228450
v 0.881470 -1.226775 0.324597
v 0.901040 -1.114441 0.218709
v 0.843221 -1.313668 0.498573
v 0.838344 -1.362006 0.479167
v 0.831598 -1.337209 0.480819
v -0.816424 -1.333998 0.486874
v -0.803951 -1.357964 0.469177
v -0.810028 -1.382013 0.467583
v -0.854485 -1.247639 0.312423
v -0.911282 -1.199836 0.215481
v -0.875442 -1.135901 0.206220
v -0.898304 -1.320319 0.321509
v 0.854725 -1.139815 0.316831
v 0.895437 -1.139837 0.358412
v 0.877906 -1.083956 0.355509
v -0.871111 -1.160915 0.346046
v -0.829866 -1.160678 0.304916
v -0.854968 -1.104990 0.343319
v 0.516510 -0.591137 0.408308
v 0.507684 -0.898351 0.580044
v 0.459328 -0.851864 0.576859
v 0.476337 -0.551607 0.392573
v -0.467476 -0.563697 0.385849
v -0.445414 -0.863166 0.570448
v -0.506834 -0.603549 0.401121
v -0.492619 -0.911075 0.572911
v 0.731664 -1.346016 0.592948
v 0.745102 -1.418067 0.573392
v 0.751978 -1.409030 0.586901
v 0.740543 -1.445427 0.565616
v 0.747537 -1.482820 0.579920
v -0.705381 -1.364291 0.582703
v -0.723952 -1.427074 0.576509
v -0.716755 -1.435941 0.563099
v -0.711374 -1.462854 0.555441
v -0.717675 -1.500485 0.569642
v -0.789521 -1.380710 0.456917
v -0.795369 -1.441869 0.456060
v -0.810028 -1.382013 0.467583
v -0.803951 -1.357964 0.469177
v 0.984451 -1.225313 0.241833
v 1.031165 -1.160952 0.298003
v 1.030848 -1.251924 0.258125
v -1.005375 -1.186365 0.283582
v -0.956288 -1.249275 0.228123
v -1.002276 -1.276511 0.243850
v 0.825270 -1.422298 0.467447
v 0.817916 -1.360332 0.468357
v 0.838344 -1.362006 0.479167
v 0.838344 -1.362006 0.479167
v 0.831598 -1.337209 0.480819
v 0.658314 -0.688809 0.444050
v 0.507684 -0.898351 0.580044
v 0.652457 -0.988283 0.574201
v -0.646592 -0.704795 0.434851
v -0.492619 -0.911075 0.572911
v -0.634978 -1.003292 0.565252
v -0.506834 -0.603549 0.401121
v 1.177475 -0.705126 0.370556
v 1.145626 -0.632290 0.341117
v 1.172600 -0.724764 0.373568
v -0.779380 0.526717 -0.251396
v -0.766872 0.641404 -0.334281
v -0.823340 0.600463 -0.282847
v -0.796646 0.686947 -0.353402
v 1.123730 -1.169365 0.194405
v 1.095104 -1.122430 0.179229
v 1.095294 -1.173218 0.189870
v 1.122670 -1.123708 0.184611
v -1.096303 -1.197071 0.178678
v -1.068667 -1.148394 0.164066
v -1.096299 -1.150514 0.169046
v -1.067727 -1.200221 0.174537
v 0.875490 -0.528830 0.245238
v 0.953448 -0.441864 0.258837
v 0.886551 -0.387003 0.218349
v 0.946775 -0.587157 0.286455
v -0.865062 -0.550500 0.232926
v -0.879271 -0.408133 0.205980
v -0.945308 -0.465302 0.245432
v 0.811809 0.620280 -0.271372
v 0.783907 0.706866 -0.342166
v 0.755047 0.660710 -0.323433
v 0.769381 0.545452 -0.240507
v 0.818865 0.664825 -0.291573
v 0.891752 -0.444769 0.013213
v 0.846277 -0.489749 0.220643
v 0.869892 -0.416243 -0.005133
v -0.836498 -0.509747 0.208887
v -0.880186 -0.466594 0.000713
v -0.858861 -0.437551 -0.017339
v -0.546471 -1.413769 0.450758
v -0.559218 -1.482034 0.474119
v -0.560090 -1.483591 0.470722
v 0.440362 -0.820447 0.573074
v 0.468977 -0.540242 0.387749
v 0.476337 -0.551607 0.392573
v 1.029144 -1.276218 0.380570
v 1.031165 -1.160952 0.298003
v 0.981840 -1.252077 0.374756
v 0.988354 -1.128003 0.285955
v -0.954854 -1.275252 0.361192
v -1.005375 -1.186365 0.283582
v -1.001649 -1.300983 0.366288
v -0.780211 -0.829721 0.414779
v -0.639858 -0.828726 0.377764
v -0.701871 -0.979464 0.496769
v -0.589068 -0.977039 0.468597
v -0.719175 -1.042344 0.512930
v 0.655466 -0.813116 0.386838
v 0.719675 -0.962235 0.506751
v 0.795358 -0.810440 0.425868
v 0.607189 -0.962694 0.476973
v 0.719675 -0.962235 0.506751
v 0.965573 0.134667 -0.024844
v 0.953997 0.005000 0.010615
v 1.015880 0.064842 0.012233
v 0.997292 -0.059044 0.046352
v 0.710095 0.264141 -0.136443
v 0.728149 0.382465 -0.167011
v -0.953795 -0.017828 -0.002756
v -0.968085 0.111331 -0.038426
v -1.017193 0.040245 -0.002043
v -0.995871 -0.084011 0.032228
v -0.968085 0.111331 -0.038426
v -0.714519 0.247114 -0.146412
v -0.735095 0.364672 -0.177300
v 1.177211 -0.705058 0.370264
v 1.178059 -0.654329 0.359946
v 1.153777 -0.765704 0.365996
v 1.179752 -0.687304 0.367187
v -1.165927 -0.682804 0.343464
v -1.163909 -0.733655 0.353767
v -1.138888 -0.794195 0.349777
v -1.166796 -0.715652 0.350720
v 0.962911 -0.894760 0.362643
v 0.902950 -0.831748 0.319734
v 0.912165 -0.933071 0.357052
v -0.885890 -0.853556 0.307142
v -0.892985 -0.954923 0.344372
v 0.987069 -0.154246 0.121180
v 0.927348 -0.070603 0.040773
v 0.935664 -0.194091 0.133760
v 0.976170 -0.033925 0.029912
v -0.984274 -0.178435 0.107283
v -0.925602 -0.093662 0.027649
v -0.975199 -0.058294 0.016090
v -0.932094 -0.216283 0.120704
v 0.834133 0.208247 -0.032055
v 0.810003 -0.160940 0.294407
v 0.651096 -0.023471 0.231523
v 0.685450 0.358129 -0.114912
v 0.884173 0.144819 -0.004117
v 0.853433 -0.210579 0.314966
v 0.810003 -0.160940 0.294407
v 0.617826 0.016939 0.213422
v 0.659324 0.397964 -0.146127
v 0.685450 0.358129 -0.114912
v -0.692479 0.341396 -0.124601
v -0.653217 -0.039548 0.222325
v -0.838549 0.187580 -0.043850
v -0.809490 -0.180592 0.283019
v -0.653217 -0.039548 0.222325
v -0.620845 0.002093 0.204745
v -0.667000 0.381231 -0.155558
v -0.851916 -0.231242 0.302983
v -0.887274 0.122984 -0.016622
v -0.809490 -0.180592 0.283019
v -0.838549 0.187580 -0.043850
v 1.158829 -1.156746 0.199737
v 1.157095 -1.115341 0.190759
v -1.131822 -1.184348 0.183673
v -1.130995 -1.143107 0.174685
v -0.822552 0.526137 -0.463220
v -0.699570 0.526516 -0.283794
v -0.725918 0.369216 -0.396151
v -0.766872 0.641404 -0.334281
v -0.796646 0.686947 -0.353402
v 0.875490 -0.528830 0.245238
v 0.846277 -0.489749 0.220643
v 0.863974 -0.357255 0.198850
v -0.836498 -0.509747 0.208887
v -0.857223 -0.378005 0.186773
v -0.879271 -0.408133 0.205980
v 0.699583 0.286851 -0.147446
v 0.728149 0.382465 -0.167011
v 0.722017 0.395095 -0.174099
v -0.735095 0.364672 -0.177300
v -0.704347 0.269633 -0.157347
v -0.729226 0.377619 -0.184276
v 0.738590 -0.747734 0.449146
v 0.652457 -0.988283 0.574201
v 0.731656 -1.036277 0.560394
v -0.725402 -0.765433 0.438860
v -0.634978 -1.003292 0.565252
v -0.712793 -1.054143 0.550186
v -0.646592 -0.704795 0.434851
v -0.984274 -0.178435 0.107283
v -1.025826 -0.125239 0.082474
v -1.004805 -0.022611 0.001332
v 1.053955 -1.171321 0.303710
v 1.030848 -1.251924 0.258125
v 1.055036 -1.256694 0.267233
v -1.028033 -1.196084 0.289165
v -1.002276 -1.276511 0.243850
v -1.026434 -1.282492 0.252524
v 0.804337 -1.373378 0.464608
v 0.809505 -1.452508 0.462290
v -0.775570 -1.392363 0.453536
v -0.778716 -1.471979 0.451085
v -0.795369 -1.441869 0.456060
v -0.460285 -0.552108 0.381117
v -0.427201 -0.830873 0.566982
v -0.467476 -0.563697 0.385849
v -0.445414 -0.863166 0.570448
v -0.408157 -0.756362 0.555104
v -0.427201 -0.830873 0.566982
v 1.201161 -1.127198 0.205392
v 1.198355 -1.090855 0.196444
v -1.174897 -1.156803 0.188562
v -1.172955 -1.119711 0.179756
v 0.815371 0.546742 -0.451586
v 0.783907 0.706866 -0.342166
v 0.822889 0.593690 -0.474325
v 0.755047 0.660710 -0.323433
v 0.690010 0.542569 -0.274156
v 0.721857 0.386853 -0.385954
v -0.679650 0.790248 -0.143348
v -0.735503 0.873487 -0.192959
v -0.704928 0.840807 -0.163312
v 1.027591 -0.099837 0.096988
v 1.005032 0.002342 0.015548
v 1.041083 -0.047532 0.070093
v 0.715181 0.421049 -0.187669
v 0.679534 0.369766 -0.188042
v -0.685903 0.352303 -0.197790
v -0.722874 0.403801 -0.197740
v 0.577346 -1.481017 0.463201
v 0.554194 -1.483219 0.547254
v 0.571907 -1.456882 0.461991
v 0.571023 -1.565942 0.543994
v -0.523838 -1.496429 0.539657
v -0.545915 -1.494541 0.455309
v -0.541096 -1.471014 0.454055
v -0.538567 -1.579336 0.536213
v 0.676167 0.437418 -0.222066
v 0.714533 0.434332 -0.194166
v 0.715684 0.447497 -0.200422
v 0.681156 0.500121 -0.253340
v -0.683813 0.420657 -0.231673
v -0.722455 0.417031 -0.204245
v -0.723836 0.430291 -0.210487
v -0.689912 0.483976 -0.262895
v -1.037344 -0.015879 0.025817
v -1.003140 -0.102386 0.042000
v 0.607544 0.746974 -0.085391
v 0.676335 0.099231 -0.082511
v 0.666077 0.089978 -0.070207
v 0.620861 0.778943 -0.098974
v 0.716932 0.141133 -0.119753
v 0.620861 0.778943 -0.098974
v 0.661489 0.807101 -0.133818
v 0.676335 0.099231 -0.082511
v -0.677307 0.082139 -0.092151
v -0.624896 0.731780 -0.094099
v -0.667052 0.073612 -0.079606
v -0.638812 0.763319 -0.107887
v -0.718438 0.122770 -0.130007
v -0.638812 0.763319 -0.107887
v -0.679650 0.790248 -0.143348
v 0.588218 0.084107 0.186743
v 0.588218 0.084107 0.186743
v 0.651108 0.416414 -0.171712
v 0.659324 0.397964 -0.146127
v -0.658865 0.400749 -0.180891
v -0.592522 0.068904 0.178292
v -0.667000 0.381231 -0.155558
v -0.620845 0.002093 0.204745
v -0.592522 0.068904 0.178292
v 0.829349 -0.189206 0.077881
v 0.935664 -0.194091 0.133760
v 0.855751 -0.281587 0.161205
v -0.825166 -0.209834 0.066158
v -0.850338 -0.302221 0.149223
v 0.805501 -0.814235 0.448385
v 0.793862 -1.075270 0.548515
v 0.731656 -1.036277 0.560394
v -0.725402 -0.765433 0.438860
v -0.790621 -0.833290 0.437222
v -0.773757 -1.094975 0.537386
v 0.794788 0.787686 -0.351640
v 0.645405 1.150095 -0.512752
v 0.627626 1.042065 -0.489809
v 0.770913 0.671533 -0.326380
v -0.782946 0.652021 -0.337406
v -0.646825 1.026296 -0.498819
v -0.809360 0.768153 -0.362936
v -0.667023 1.133518 -0.522079
v 1.037070 0.010290 0.040565
v 1.004882 -0.077311 0.056224
v 1.040394 -0.008771 0.050423
v 1.015880 0.064842 0.012233
v 0.419605 -0.746591 0.560879
v 0.475801 -0.573436 0.401899
v 0.440362 -0.820447 0.573074
v -0.792181 0.658049 -0.339854
v -0.831153 0.644956 -0.303151
v -0.823340 0.600463 -0.282847
v 0.645405 1.150095 -0.512752
v 0.539604 1.349299 -0.591448
v 0.529277 1.242492 -0.573146
v -0.552502 1.229534 -0.580733
v -0.565234 1.335654 -0.599254
v -0.667023 1.133518 -0.522079
v 0.814042 -1.532501 0.547418
v 0.804337 -1.373378 0.464608
v -0.782428 -1.551555 0.536261
v -0.775570 -1.392363 0.453536
v -0.753373 -1.584054 0.535846
v 0.538488 -0.307131 0.374425
v 0.805476 -0.528612 0.353589
v 0.555536 -0.676308 0.434891
v 0.787317 -0.117763 0.267296
v 0.851086 -0.489566 0.319699
v 0.805476 -0.528612 0.353589
v 0.815786 -0.085614 0.238665
v 0.826399 -0.070965 0.232230
v -0.260940 -0.272413 0.529788
v -0.254756 -0.270777 0.529918
v -0.239902 -0.275147 0.533165
v -0.278109 -0.257103 0.522969
v -0.254756 -0.270777 0.529918
v 0.260635 -0.265789 0.533502
v 0.239531 -0.269118 0.536584
v 0.254348 -0.264391 0.533519
v 0.277525 -0.250430 0.526854
v -0.535515 -0.320598 0.366810
v -0.544031 -0.689248 0.427225
v -0.796561 -0.548282 0.342286
v -0.787606 -0.136977 0.256196
v -0.842614 -0.509938 0.307829
v -0.787606 -0.136977 0.256196
v -0.816503 -0.105553 0.227172
v -0.827281 -0.091673 0.220508
v 0.434162 1.351960 -0.610148
v 0.539604 1.349299 -0.591448
v 0.438428 1.458651 -0.625222
v -0.466412 1.448347 -0.631468
v -0.565234 1.335654 -0.599254
v -0.459585 1.341055 -0.616450
v 0.201210 1.702835 -0.676111
v 0.170046 1.509467 -0.530072
v 0.161634 1.700430 -0.679062
v 0.207804 1.502729 -0.520133
v 0.161634 1.700430 -0.679062
v 0.123327 1.685755 -0.682741
v 0.130628 1.506730 -0.537917
v 0.123327 1.685755 -0.682741
v 0.051413 1.629061 -0.687681
v 0.046634 1.491041 -0.551658
v -0.234754 1.698232 -0.679061
v -0.200641 1.505057 -0.532663
v -0.238379 1.497741 -0.523205
v -0.195075 1.696211 -0.681551
v -0.156405 1.682050 -0.684758
v -0.161147 1.502719 -0.540041
v -0.200641 1.505057 -0.532663
v -0.083015 1.627890 -0.688552
v -0.076599 1.489202 -0.552578
v -0.161147 1.502719 -0.540041
v 0.331239 1.431059 -0.625084
v 0.438428 1.458651 -0.625222
v 0.333072 1.538423 -0.636701
v -0.358504 1.422236 -0.630008
v -0.362993 1.529980 -0.641597
v -0.466412 1.448347 -0.631468
v 0.852287 -0.326389 0.181605
v 0.818667 -0.408016 0.176998
v 0.863974 -0.357255 0.198850
v -0.810365 -0.428115 0.165489
v -0.846086 -0.347441 0.169588
v 0.830147 -0.852620 0.447672
v 0.811544 -1.090532 0.547284
v 0.793862 -1.075270 0.548515
v -0.350598 -0.192372 0.495006
v -0.370991 -0.221733 0.500437
v -0.408463 -0.194218 0.488712
v -0.325183 -0.222154 0.506524
v 0.369727 -0.212817 0.505615
v 0.348686 -0.184103 0.499885
v 0.406686 -0.184659 0.494377
v 0.323860 -0.213989 0.511145
v -0.790621 -0.833290 0.437222
v -0.814302 -0.872839 0.436070
v -0.791082 -1.110166 0.535982
v -0.494294 -0.099294 0.463563
v -0.410789 -0.100786 0.468261
v -0.437677 -0.165590 0.480140
v -0.375951 -0.162813 0.485391
v 0.490372 -0.087600 0.470430
v 0.435286 -0.155453 0.486203
v 0.406903 -0.091433 0.473920
v 0.373380 -0.153469 0.490702
v 1.053670 -1.280093 0.383213
v 1.053955 -1.171321 0.303710
v 1.029144 -1.276218 0.380570
v 1.031165 -1.160952 0.298003
v -1.001649 -1.300983 0.366288
v -1.028033 -1.196084 0.289165
v -1.026060 -1.304987 0.368658
v -0.370991 -0.221733 0.500437
v -0.343286 -0.240984 0.509073
v -0.301039 -0.240225 0.514798
v 0.342360 -0.232952 0.513852
v 0.300075 -0.233242 0.518975
v 0.323860 -0.213989 0.511145
v 0.845638 -1.046560 0.315233
v 0.874076 -1.045572 0.354613
v 0.874666 -1.027055 0.354325
v 0.847283 -0.994136 0.314347
v -0.823112 -1.066360 0.303576
v -0.852049 -1.067034 0.342394
v -0.853109 -1.048423 0.342115
v -0.825970 -1.014712 0.302551
v -0.431500 -0.028885 0.455407
v -0.494294 -0.099294 0.463563
v -0.533012 -0.034602 0.451189
v -0.410789 -0.100786 0.468261
v 0.490372 -0.087600 0.470430
v 0.425934 -0.018832 0.461375
v 0.527671 -0.021375 0.458704
v 0.273277 1.463556 -0.627248
v 0.333072 1.538423 -0.636701
v 0.272850 1.572819 -0.636735
v -0.301432 1.456046 -0.631382
v -0.303612 1.566427 -0.640695
v -0.362993 1.529980 -0.641597
v -0.532485 0.552432 0.455734
v -0.366631 0.543258 0.473475
v -0.408187 0.425099 0.454164
v -0.561477 0.429696 0.442288
v 0.512227 0.565620 0.463154
v 0.391223 0.435507 0.459908
v 0.346486 0.551686 0.478457
v 0.544470 0.443270 0.450091
v 0.869816 -0.887371 0.312892
v 0.886493 -0.975407 0.354586
v 0.912165 -0.933071 0.357052
v -0.851269 -0.908144 0.300818
v -0.866264 -0.996334 0.342327
v -0.343286 -0.240984 0.509073
v -0.299727 -0.262630 0.520617
v -0.278109 -0.257103 0.522969
v -0.299727 -0.262630 0.520617
v 0.299263 -0.255550 0.524804
v 0.277525 -0.250430 0.526854
v 0.300075 -0.233242 0.518975
v 0.260635 -0.265789 0.533502
v -0.442504 0.045820 0.447588
v -0.533012 -0.034602 0.451189
v -0.559455 0.042210 0.441998
v -0.431500 -0.028885 0.455407
v -0.408463 -0.194218 0.488712
v -0.437677 -0.165590 0.480140
v -0.350598 -0.192372 0.495006
v 0.435198 0.055660 0.453635
v 0.552229 0.055434 0.449776
v 0.527671 -0.021375 0.458704
v 0.406686 -0.184659 0.494377
v 0.373380 -0.153469 0.490702
v -0.366631 0.543258 0.473475
v -0.509832 0.616682 0.464338
v -0.337891 0.602720 0.484040
v 0.487858 0.628577 0.471314
v 0.346486 0.551686 0.478457
v 0.316062 0.611633 0.488796
v 0.512227 0.565620 0.463154
v 0.817919 0.695692 -0.306313
v 0.794788 0.787686 -0.351640
v 0.780371 0.647794 -0.314955
v -0.448222 0.144371 0.443237
v -0.559455 0.042210 0.441998
v -0.571579 0.147845 0.434097
v -0.442504 0.045820 0.447588
v 0.438486 0.155732 0.449564
v 0.552229 0.055434 0.449776
v 0.561859 0.161806 0.442102
v -0.830828 0.674727 -0.318061
v -0.791999 0.629381 -0.325899
v -0.831153 0.644956 -0.303151
v -0.442885 0.260126 0.443246
v -0.571579 0.147845 0.434097
v -0.575462 0.261246 0.432828
v -0.448222 0.144371 0.443237
v -0.561477 0.429696 0.442288
v -0.442885 0.260126 0.443246
v -0.444345 0.745776 0.483452
v -0.264114 0.724326 0.516223
v -0.337891 0.602720 0.484040
v 0.430172 0.271322 0.449470
v 0.561859 0.161806 0.442102
v 0.562898 0.274958 0.440809
v 0.544470 0.443270 0.450091
v 0.562898 0.274958 0.440809
v 0.391223 0.435507 0.459908
v 0.238840 0.730035 0.519694
v 0.418866 0.756527 0.489557
v 0.316062 0.611633 0.488796
v 0.487858 0.628577 0.471314
v 0.411260 -0.586536 0.514995
v 0.481620 -0.696084 0.446037
v 0.419605 -0.746591 0.560879
v 0.538488 -0.307131 0.374425
v 0.458556 -0.399562 0.429071
v 0.484400 -0.753605 0.459288
v 0.583262 0.668476 -0.050119
v 0.666077 0.089978 -0.070207
v 0.654901 0.086538 -0.048166
v 0.607544 0.746974 -0.085391
v -0.408157 -0.756362 0.555104
v -0.466496 -0.585534 0.395162
v -0.403165 -0.596060 0.509318
v -0.454007 -0.411384 0.422528
v -0.471329 -0.764956 0.452616
v -0.544031 -0.689248 0.427225
v -0.599057 0.653309 -0.058556
v -0.667052 0.073612 -0.079606
v -0.656037 0.070822 -0.057332
v 1.236711 -1.040340 0.201064
v 1.242220 -1.069703 0.210526
v -1.217461 -1.100468 0.193091
v -1.212601 -1.069649 0.183907
v 0.779999 0.677501 -0.328747
v 0.818865 0.664825 -0.291573
v 0.817919 0.695692 -0.306313
v -0.285769 -0.271468 0.526280
v -0.308885 -0.268549 0.522371
v -0.307094 -0.267646 0.522472
v 0.285406 -0.264745 0.530263
v 0.306713 -0.260388 0.526755
v 0.308510 -0.261520 0.526638
v -1.001721 -0.042695 0.011165
v -1.040294 -0.072282 0.055540
v -1.025826 -0.125239 0.082474
v 0.901040 -1.114441 0.218709
v 0.854725 -1.139815 0.316831
v 0.886185 -1.066715 0.214639
v -0.829866 -1.160678 0.304916
v -0.875442 -1.135901 0.206220
v -0.861705 -1.088892 0.202190
v -0.854485 -1.247639 0.312423
v 0.586571 0.693966 0.212907
v 0.645283 0.809014 0.086218
v 0.631137 0.432436 -0.138442
v -1.040275 -0.034577 0.035704
v -1.001454 -0.090329 0.035638
v -1.037344 -0.015879 0.025817
v -0.606635 0.679490 0.204513
v -0.639804 0.417502 -0.147307
v -0.666494 0.793424 0.077050
v 0.209181 1.481949 -0.628612
v 0.205932 1.592977 -0.634684
v 0.133142 1.584956 -0.635191
v 0.134603 1.480383 -0.629987
v -0.237738 1.475958 -0.631843
v -0.303612 1.566427 -0.640695
v -0.237251 1.586777 -0.637934
v -0.164257 1.581324 -0.637298
v -0.237251 1.586777 -0.637934
v -0.163110 1.476716 -0.632085
v 0.324908 1.667690 -0.675645
v 0.245956 1.485256 -0.506684
v 0.241701 1.698123 -0.674488
v 0.323812 1.419542 -0.466738
v 0.207804 1.502729 -0.520133
v 0.241701 1.698123 -0.674488
v -0.357513 1.659459 -0.680440
v -0.276311 1.478642 -0.510392
v -0.353018 1.411971 -0.471392
v -0.275132 1.691238 -0.678227
v -0.275132 1.691238 -0.678227
v -0.234754 1.698232 -0.679061
v -0.276311 1.478642 -0.510392
v 0.144238 0.839640 0.554760
v 0.323500 0.876725 0.507760
v 0.238840 0.730035 0.519694
v 0.418866 0.756527 0.489557
v 0.046793 1.463176 -0.631219
v -0.023185 1.521014 -0.633254
v -0.013770 1.435607 -0.628960
v 0.051547 1.560109 -0.635872
v -0.074950 1.461217 -0.632143
v -0.006473 1.521033 -0.633165
v -0.082109 1.558937 -0.636749
v -0.013770 1.435607 -0.628960
v -0.352286 0.869092 0.503103
v -0.172807 0.836056 0.552588
v -0.264114 0.724326 0.516223
v 0.051547 1.560109 -0.635872
v -0.082109 1.558937 -0.636749
v -0.164257 1.581324 -0.637298
v -0.403165 -0.596060 0.509318
v -0.469807 -0.707671 0.439343
v -0.420995 -0.482323 0.460280
v 0.426855 -0.471668 0.466293
v 0.473557 -0.770944 0.462883
v 0.411260 -0.586536 0.514995
v 0.869892 -0.416243 -0.005133
v 0.818667 -0.408016 0.176998
v 0.859739 -0.391119 -0.019079
v -0.810365 -0.428115 0.165489
v -0.849187 -0.411534 -0.031049
v -0.836498 -0.509747 0.208887
v -1.157857 -0.710206 0.140286
v -1.140521 -0.675493 0.127107
v -1.133171 -0.768168 0.344912
v 0.715891 0.890963 -0.182784
v 0.773638 0.682225 -0.403451
v 0.661489 0.807101 -0.133818
v 0.685761 0.857777 -0.153512
v 0.661489 0.807101 -0.133818
v 0.773638 0.682225 -0.403451
v 0.844050 0.539425 -0.279885
v 0.716932 0.141133 -0.119753
v 0.661489 0.807101 -0.133818
v 0.844050 0.539425 -0.279885
v -0.853392 0.518311 -0.291906
v -0.679650 0.790248 -0.143348
v -0.718438 0.122770 -0.130007
v -0.784933 0.662978 -0.414455
v -0.679650 0.790248 -0.143348
v -0.853392 0.518311 -0.291906
v -0.784933 0.662978 -0.414455
v -0.576359 0.480660 0.020079
v 0.969205 0.060060 -0.204638
v 0.710095 0.264141 -0.136443
v 0.731520 0.308567 -0.344583
v 0.953997 0.005000 0.010615
v -0.967401 0.036837 -0.218200
v -0.714519 0.247114 -0.146412
v -0.953795 -0.017828 -0.002756
v -0.734239 0.290941 -0.354861
v 0.563888 0.494231 0.028055
v 0.666125 0.165097 -0.093177
v 0.555867 0.317111 0.100088
v 0.583262 0.668476 -0.050119
v 0.458556 -0.399562 0.429071
v 0.426855 -0.471668 0.466293
v 0.473557 -0.770944 0.462883
v 0.426855 -0.471668 0.466293
v -0.420995 -0.482323 0.460280
v -0.460122 -0.781536 0.456435
v -0.471329 -0.764956 0.452616
v -0.730409 0.572246 -0.062235
v -0.784792 0.695576 -0.427258
v -0.850895 0.927243 -0.461236
v 0.051413 1.629061 -0.687681
v -0.015943 1.574030 -0.677043
v -0.018750 1.458820 -0.550846
v -0.014426 1.573922 -0.677050
v -0.010383 1.458272 -0.550877
v -0.076599 1.489202 -0.552578
v 0.913660 0.074319 0.024532
v 0.853433 -0.210579 0.314966
v 0.889237 -0.119881 0.034757
v 0.861275 -0.224114 0.320111
v -0.564958 0.303395 0.092189
v -0.675185 0.267864 -0.149663
v -0.576359 0.480660 0.020079
v 0.911080 -1.007078 0.262579
v 0.886185 -1.066715 0.214639
v 0.914271 -1.044453 0.263961
v 0.573749 0.163190 0.156521
v 0.659356 0.384548 -0.167869
v 0.588218 0.084107 0.186743
v -0.592522 0.068904 0.178292
v -0.658865 0.400749 -0.180891
v -0.579623 0.148384 0.148276
v 1.041083 -0.047532 0.070093
v 1.002991 -0.066033 0.049712
v 1.003730 -0.103927 0.070312
v 1.040394 -0.008771 0.050423
v -1.040294 -0.072282 0.055540
v -1.001542 -0.129130 0.056074
v -0.014171 1.501419 -0.694857
v 0.055457 1.529308 -0.710706
v 0.046793 1.463176 -0.631219
v -0.013770 1.435607 -0.628960
v -0.074950 1.461217 -0.632143
v -0.084251 1.527428 -0.711715
v -0.579623 0.148384 0.148276
v -0.666384 0.367815 -0.177305
v -0.564958 0.303395 0.092189
v 0.555867 0.317111 0.100088
v 0.670297 0.284497 -0.140155
v 0.573749 0.163190 0.156521
v -0.746443 0.298214 -0.277108
v -0.661611 0.663150 -0.087508
v -0.647249 0.317944 -0.130366
v -0.701916 0.709690 -0.306521
v 0.742569 0.316456 -0.266605
v 0.645918 0.679018 -0.078322
v 0.688091 0.726671 -0.296717
v 0.742569 0.316456 -0.266605
v 0.640886 0.332924 -0.121423
v 1.107133 -1.177387 0.309629
v 1.162497 -1.164866 0.307004
v 1.166877 -1.234766 0.290645
v 1.109650 -1.255059 0.283875
v 1.055036 -1.256694 0.267233
v -1.081055 -1.203908 0.294246
v -1.139096 -1.263454 0.274320
v -1.136701 -1.192940 0.290811
v -1.081319 -1.281462 0.268510
v -1.026434 -1.282492 0.252524
v -1.081319 -1.281462 0.268510
v 0.749806 0.444238 -0.374474
v 0.725374 0.321281 -0.352200
v 0.757295 0.407554 -0.357615
v 0.811113 -0.323722 0.136132
v 0.850794 -0.310828 0.174085
v -0.804379 -0.343603 0.124725
v -0.844841 -0.332092 0.162059
v 0.413030 1.619565 -0.677368
v 0.403954 1.322016 -0.406014
v 0.323812 1.419542 -0.466738
v -0.357513 1.659459 -0.680440
v -0.444313 1.608473 -0.683500
v -0.431438 1.311661 -0.411920
v 0.717830 0.360691 -0.373493
v 0.759603 0.361211 -0.336204
v 0.757295 0.407554 -0.357615
v 0.752868 0.300495 -0.310890
v -0.755777 0.281378 -0.321632
v -0.725918 0.369216 -0.396151
v -0.763697 0.341936 -0.347040
v 0.652080 0.832204 -0.088663
v 0.631137 0.432436 -0.138442
v 0.645283 0.809014 0.086218
v -0.671433 0.816240 -0.097934
v -0.666494 0.793424 0.077050
v -0.639804 0.417502 -0.147307
v -0.891032 -1.066328 0.251282
v -0.859833 -1.066224 0.200980
v -0.888822 -1.029232 0.249872
v -0.889648 -1.092131 0.251559
v -0.762298 0.389008 -0.368300
v -0.721837 0.330247 -0.376715
v -0.755458 0.425908 -0.385066
v -0.763697 0.341936 -0.347040
v 1.147551 -0.740005 0.361023
v 1.173486 -0.682005 0.156661
v 1.178379 -0.697635 0.163158
v 1.138812 -0.727700 0.357448
v 1.173486 -0.682005 0.156661
v -0.983713 -0.263459 -0.077806
v -0.975199 -0.058294 0.016090
v -0.925602 -0.093662 0.027649
v -0.931780 -0.300986 -0.066442
v -1.025329 -0.209371 -0.101711
v -1.004805 -0.022611 0.001332
v -0.975199 -0.058294 0.016090
v 0.681156 0.500121 -0.253340
v 0.676167 0.437418 -0.222066
v 0.717830 0.360691 -0.373493
v 0.718482 0.347364 -0.366653
v 0.679534 0.369766 -0.188042
v 0.676167 0.437418 -0.222066
v -0.683813 0.420657 -0.231673
v -0.689912 0.483976 -0.262895
v -0.721410 0.343525 -0.383560
v -0.721837 0.330247 -0.376715
v -0.685903 0.352303 -0.197790
v -0.296557 0.923105 0.512060
v -0.122322 0.882747 0.565117
v -0.172807 0.836056 0.552588
v 0.092402 0.886253 0.566771
v 0.266303 0.930376 0.516076
v 0.144238 0.839640 0.554760
v 0.323500 0.876725 0.507760
v 1.166429 -1.254113 0.384716
v 1.107133 -1.177387 0.309629
v 1.108787 -1.275799 0.387632
v 1.162497 -1.164866 0.307004
v 1.108787 -1.275799 0.387632
v 1.053670 -1.280093 0.383213
v 1.053955 -1.171321 0.303710
v -1.139452 -1.281803 0.368554
v -1.081055 -1.203908 0.294246
v -1.136701 -1.192940 0.290811
v -1.081359 -1.302232 0.372261
v -1.026060 -1.304987 0.368658
v -1.081055 -1.203908 0.294246
v -0.726943 0.442684 -0.216563
v -0.755777 0.281378 -0.321632
v -0.763697 0.341936 -0.347040
v -0.830906 0.572972 -0.486047
v -0.792181 0.658049 -0.339854
v -0.822552 0.526137 -0.463220
v 0.459292 1.583914 -0.677129
v 0.403954 1.322016 -0.406014
v 0.443728 1.258751 -0.367691
v -0.489716 1.573180 -0.683670
v -0.431438 1.311661 -0.411920
v -0.470157 1.246982 -0.374227
v -0.444313 1.608473 -0.683500
v 0.832173 -1.483581 0.542397
v 0.817916 -1.360332 0.468357
v -0.801729 -1.503418 0.530911
v -0.789521 -1.380710 0.456917
v -0.782428 -1.551555 0.536261
v 0.927348 -0.070603 0.040773
v 0.940069 -0.278017 -0.053242
v 0.829349 -0.189206 0.077881
v 0.862489 -0.362941 -0.030501
v -0.825166 -0.209834 0.066158
v -0.852451 -0.384054 -0.042605
v -0.931780 -0.300986 -0.066442
v 0.716415 0.642065 -0.086613
v 0.833597 0.948159 -0.449324
v 0.772858 0.714844 -0.416247
v 0.833597 0.948159 -0.449324
v 0.716415 0.642065 -0.086613
v 0.788373 1.119732 -0.525334
v 0.716415 0.642065 -0.086613
v 0.719842 0.572272 -0.051881
v 0.716604 0.589990 -0.052040
v -0.585762 0.751416 0.268764
v -0.631556 0.898449 0.133703
v -0.606635 0.679490 0.204513
v 0.563045 0.765487 0.276865
v 0.606922 0.914350 0.142541
v -0.823542 -1.180069 0.432699
v -0.809017 -1.064196 0.420972
v -0.797432 -0.976939 0.533790
v 0.759603 0.361211 -0.336204
v 0.714533 0.434332 -0.194166
v 0.757295 0.407554 -0.357615
v 0.752868 0.300495 -0.310890
v 0.699583 0.286851 -0.147446
v 0.725374 0.321281 -0.352200
v 0.731520 0.308567 -0.344583
v -0.728301 0.303946 -0.362366
v -0.704347 0.269633 -0.157347
v -0.734239 0.290941 -0.354861
v -0.714519 0.247114 -0.146412
v 0.884086 -1.034493 0.213066
v 0.913542 -1.070167 0.264250
v 0.914271 -1.044453 0.263961
v 0.443728 1.258751 -0.367691
v 0.506597 1.538693 -0.675222
v 0.482739 1.183494 -0.323783
v -0.535906 1.526432 -0.682492
v -0.470157 1.246982 -0.374227
v -0.507838 1.171230 -0.330797
v -0.489716 1.573180 -0.683670
v 1.019815 -0.012850 -0.174923
v 0.953997 0.005000 0.010615
v 0.997292 -0.059044 0.046352
v -0.793313 -1.102972 0.536757
v -0.834022 -0.934988 0.433526
v -0.814302 -0.872839 0.436070
v -1.016593 -0.037246 -0.189182
v -0.967401 0.036837 -0.218200
v -0.995871 -0.084011 0.032228
v 0.703712 0.672066 -0.038572
v 0.757684 1.182666 -0.550691
v 0.788373 1.119732 -0.525334
v 0.716604 0.589990 -0.052040
v 0.757684 1.182666 -0.550691
v 0.559381 1.002227 -0.221507
v 0.599909 1.422015 -0.637230
v 0.482739 1.183494 -0.323783
v 0.599909 1.422015 -0.637230
v -0.660212 0.825524 -0.058910
v -0.678054 0.861383 -0.313764
v -0.661611 0.663150 -0.087508
v 0.640049 0.840794 -0.049856
v 0.660427 0.878416 -0.304224
v -0.808994 1.100789 -0.536492
v -0.719703 0.654967 -0.048548
v -0.779587 1.164185 -0.561463
v -0.719703 0.654967 -0.048548
v -0.581295 0.988694 -0.229481
v -0.626700 1.406421 -0.645958
v -0.581295 0.988694 -0.229481
v -0.507838 1.171230 -0.330797
v -0.535906 1.526432 -0.682492
v 0.976170 -0.033925 0.029912
v 0.991081 -0.239470 -0.063922
v 0.927348 -0.070603 0.040773
v 0.940069 -0.278017 -0.053242
v 0.991081 -0.239470 -0.063922
v 1.031746 -0.184150 -0.087217
v 1.005032 0.002342 0.015548
v 1.031746 -0.184150 -0.087217
v 1.045626 -0.130573 -0.116015
v 0.679534 0.369766 -0.188042
v -0.704347 0.269633 -0.157347
v -0.850895 0.927243 -0.461236
v -0.808994 1.100789 -0.536492
v -0.733200 0.554885 -0.062048
v 0.698339 0.365153 -0.119096
v 0.689191 0.683197 -0.089771
v 0.698392 0.599613 -0.237194
v -0.122322 0.882747 0.565117
v -0.234288 0.970688 0.520230
v -0.072260 0.919945 0.571597
v 0.202736 0.975204 0.523182
v 0.092402 0.886253 0.566771
v 0.041289 0.921318 0.572397
v 0.266303 0.930376 0.516076
v -0.705521 0.347912 -0.128996
v -0.704792 0.666425 -0.099557
v -0.702425 0.409205 0.033049
v -0.709835 0.582605 -0.247071
v 0.691485 0.426054 0.042825
v -0.669889 -0.087832 -0.633440
v -0.923878 -0.445750 -0.370612
v -0.809786 -0.458254 -0.717049
v -0.788452 -0.063601 -0.273236
v 0.680539 -0.071500 -0.623954
v 0.939949 -0.423306 -0.357540
v 0.793616 -0.043770 -0.262006
v 0.830958 -0.438861 -0.705591
v 0.022184 -1.167743 -1.078830
v -0.311802 -1.162812 -1.046334
v 0.023402 -1.251274 -1.106385
v -0.317770 -1.272498 -1.089533
v 0.021013 -1.083648 -1.069671
v -0.324266 -1.083651 -1.033972
v 0.364793 -1.264227 -1.084741
v 0.355376 -1.154700 -1.041631
v 0.365651 -1.074842 -1.029049
v 0.656397 0.485271 0.162534
v 0.664671 0.777733 0.037264
v 0.689191 0.683197 -0.089771
v -0.670438 0.469574 0.153267
v -0.702425 0.409205 0.033049
v -0.684455 0.761318 0.027773
v 0.600180 0.560770 0.285360
v 0.611735 0.900383 0.159659
v 0.664671 0.777733 0.037264
v -0.670438 0.469574 0.153267
v -0.617902 0.545688 0.276756
v -0.636190 0.885041 0.150859
v -0.722874 0.403801 -0.197740
v -0.762298 0.389008 -0.368300
v -0.755458 0.425908 -0.385066
v -0.762298 0.389008 -0.368300
v -0.763697 0.341936 -0.347040
v -0.617902 0.545688 0.276756
v -0.532647 0.642777 0.390717
v -0.547801 1.024107 0.265060
v 0.510993 0.655995 0.398142
v 0.518316 1.036975 0.272555
v 0.611735 0.900383 0.159659
v 0.811113 -0.323722 0.136132
v 0.858831 -0.382274 -0.022973
v -0.848407 -0.402826 -0.034949
v -0.804379 -0.343603 0.124725
v -0.810365 -0.428115 0.165489
v 0.722017 0.395095 -0.174099
v 0.749806 0.444238 -0.374474
v 0.757295 0.407554 -0.357615
v 0.817916 -1.360332 0.468357
v 0.844771 -1.387183 0.523724
v 0.831598 -1.337209 0.480819
v 0.843221 -1.313668 0.498573
v 0.831598 -1.337209 0.480819
v -0.816486 -1.407431 0.512030
v -0.789521 -1.380710 0.456917
v -0.803951 -1.357964 0.469177
v -0.801729 -1.503418 0.530911
v -0.816424 -1.333998 0.486874
v -0.816486 -1.407431 0.512030
v 0.552688 -1.439249 0.549436
v 0.571588 -1.445445 0.461319
v 0.575950 -1.400106 0.458644
v 0.560375 -1.337700 0.554803
v -0.541039 -1.458639 0.453549
v -0.523535 -1.452534 0.541829
v -0.523838 -1.496429 0.539657
v -0.546471 -1.413769 0.450758
v -0.523535 -1.452534 0.541829
v -0.533915 -1.350982 0.547117
v -0.532647 0.642777 0.390717
v -0.430530 0.762553 0.482302
v -0.441115 1.136154 0.343665
v 0.404674 0.771954 0.488040
v 0.407763 1.146701 0.349677
v 0.518316 1.036975 0.272555
v 0.024683 -1.337191 -1.138921
v -0.259043 -1.433658 -1.122755
v 0.025949 -1.431150 -1.150917
v -0.312880 -1.354805 -1.112674
v 0.310560 -1.426837 -1.118766
v 0.362206 -1.346132 -1.107849
v 1.258039 -0.961543 0.216606
v 1.248323 -1.004431 0.203830
v 1.256040 -1.021616 0.213337
v -1.236149 -0.992287 0.199002
v -1.232521 -1.052680 0.195704
v -1.225086 -1.034372 0.186459
v 0.822889 0.593690 -0.474325
v 0.779999 0.677501 -0.328747
v 0.821809 0.627011 -0.491658
v -0.888052 -0.320754 -0.017423
v -0.846086 -0.347441 0.169588
v -0.892409 -0.386751 0.015547
v -0.380204 -0.472167 -1.033107
v 0.013241 -0.450878 -1.094497
v -0.285755 -0.101060 -0.905960
v 0.007845 -0.105316 -0.948191
v 0.300682 -0.093202 -0.901721
v 0.406179 -0.461936 -1.027473
v 1.210273 -1.190179 0.291434
v 1.166877 -1.234766 0.290645
v 1.200384 -1.135700 0.302688
v -1.183587 -1.219753 0.274523
v -1.175303 -1.164317 0.286022
v -0.536529 0.848782 0.323167
v -0.565463 1.015777 0.185391
v -0.585762 0.751416 0.268764
v 0.510620 0.861781 0.330577
v 0.537161 1.029514 0.193211
v -0.849187 -0.411534 -0.031049
v -0.888052 -0.320754 -0.017423
v -0.892409 -0.386751 0.015547
v 0.084262 1.026221 0.531855
v 0.041289 0.921318 0.572397
v 0.202736 0.975204 0.523182
v -0.072260 0.919945 0.571597
v -0.117224 1.023946 0.530469
v 0.759987 -1.198986 -0.794273
v 0.911801 -1.206257 -0.470117
v 0.763220 -1.153394 -0.783888
v 0.894855 -1.135413 -0.462455
v -0.722944 -1.171843 -0.794402
v -0.874434 -1.228216 -0.482719
v -0.718466 -1.217895 -0.804821
v -0.859438 -1.157268 -0.474872
v -0.634614 0.959959 -0.060899
v -0.648605 1.002679 -0.315395
v -0.660212 0.825524 -0.058910
v 0.611127 0.975381 -0.052086
v 0.627482 1.018378 -0.306397
v 0.590043 -1.468012 0.482220
v 0.590172 -1.454951 0.484325
v 0.590947 -1.469611 0.478811
v 0.560375 -1.337700 0.554803
v 0.609032 -1.424908 0.474715
v 0.575950 -1.400106 0.458644
v -0.579197 -1.438657 0.466461
v -0.533915 -1.350982 0.547117
v -0.546471 -1.413769 0.450758
v 0.858831 -0.382274 -0.022973
v 0.901755 -0.365283 0.028114
v 0.896121 -0.298696 -0.004809
v 0.891005 -0.459963 0.070346
v 1.210273 -1.190179 0.291434
v 1.221708 -1.157168 0.293074
v 1.206528 -1.124041 0.305128
v -1.195868 -1.186381 0.276107
v -1.181731 -1.153964 0.288191
v -0.560436 0.738849 -0.610262
v -0.678054 0.861383 -0.313764
v -0.701916 0.709690 -0.306521
v -0.531232 0.888532 -0.598345
v -0.746443 0.298214 -0.277108
v -0.607139 0.168987 -0.608132
v -0.757461 0.176366 -0.260993
v -0.788452 -0.063601 -0.273236
v 0.550061 0.752154 -0.602480
v 0.660427 0.878416 -0.304224
v 0.516842 0.901511 -0.590940
v 0.688091 0.726671 -0.296717
v 0.742569 0.316456 -0.266605
v 0.611017 0.184011 -0.599524
v 0.756384 0.195218 -0.250276
v 0.793616 -0.043770 -0.262006
v 0.756384 0.195218 -0.250276
v -0.312692 -1.272331 -1.100063
v -0.645406 -1.427129 -0.874782
v -0.307854 -1.353641 -1.123058
v -0.710629 -1.341877 -0.810489
v 0.755326 -1.324293 -0.800208
v 0.359765 -1.264498 -1.095393
v 0.693250 -1.411087 -0.865407
v 0.357324 -1.346405 -1.118518
v 0.804337 -1.373378 0.464608
v 0.779704 -1.389921 0.468304
v 0.783056 -1.477590 0.461939
v 0.779704 -1.389921 0.468304
v 0.742753 -1.406598 0.478238
v 0.745159 -1.495282 0.464863
v 0.742753 -1.406598 0.478238
v 0.701892 -1.416809 0.487415
v 0.703659 -1.506270 0.465670
v 0.701892 -1.416809 0.487415
v 0.657267 -1.419849 0.491539
v 0.658465 -1.509744 0.465344
v 0.617675 -1.505210 0.464804
v 0.657267 -1.419849 0.491539
v 0.617159 -1.415403 0.491618
v 0.577346 -1.481017 0.463201
v 0.617159 -1.415403 0.491618
v 0.582994 -1.396821 0.490351
v -0.750601 -1.408830 0.457504
v -0.751676 -1.496199 0.451154
v -0.778716 -1.471979 0.451085
v -0.713358 -1.423784 0.468082
v -0.713342 -1.513327 0.454554
v -0.751676 -1.496199 0.451154
v -0.672404 -1.433713 0.477705
v -0.713342 -1.513327 0.454554
v -0.671661 -1.523220 0.455974
v -0.627769 -1.436015 0.482418
v -0.671661 -1.523220 0.455974
v -0.626370 -1.524865 0.456378
v -0.585656 -1.520105 0.456292
v -0.626370 -1.524865 0.456378
v -0.587726 -1.430257 0.483118
v -0.545915 -1.494541 0.455309
v -0.585656 -1.520105 0.456292
v -0.554076 -1.410525 0.482356
v 0.901755 -0.365283 0.028114
v 0.850794 -0.310828 0.174085
v 0.896121 -0.298696 -0.004809
v 0.891005 -0.459963 0.070346
v 0.427708 -0.651085 -1.080045
v 0.869118 -0.644786 -0.747926
v 0.830958 -0.438861 -0.705591
v 0.401150 -0.462253 -1.038002
v 0.864701 -0.742190 -0.761820
v 0.426182 -0.741008 -1.082873
v 0.401150 -0.462253 -1.038002
v 0.680539 -0.071500 -0.623954
v 0.297052 -0.093582 -0.912297
v 0.611017 0.184011 -0.599524
v 0.297052 -0.093582 -0.912297
v 0.238749 0.151482 -0.876382
v 0.851086 -0.489566 0.319699
v 0.889422 -0.437760 0.278460
v 0.826399 -0.070965 0.232230
v 0.872483 -0.269328 0.125284
v 0.889422 -0.437760 0.278460
v 0.852986 -0.023515 0.212280
v -0.375066 -0.471050 -1.043356
v -0.809786 -0.458254 -0.717049
v -0.396245 -0.662081 -1.085999
v -0.842178 -0.666105 -0.760044
v -0.835119 -0.762215 -0.773660
v -0.396245 -0.662081 -1.085999
v -0.392453 -0.750329 -1.088528
v -0.375066 -0.471050 -1.043356
v -0.281999 -0.099807 -0.916248
v -0.669889 -0.087832 -0.633440
v -0.607139 0.168987 -0.608132
v -0.230352 0.145770 -0.879672
v 0.238749 0.151482 -0.876382
v 0.550061 0.752154 -0.602480
v 0.238926 0.765013 -0.833460
v 0.829349 -0.189206 0.077881
v 0.811113 -0.323722 0.136132
v -0.804379 -0.343603 0.124725
v -0.879882 -0.481840 0.057840
v -0.852451 -0.384054 -0.042605
v -0.892409 -0.386751 0.015547
v -0.866928 -0.290008 0.113128
v -0.854820 -0.045008 0.200141
v -0.881687 -0.459605 0.265954
v -0.881687 -0.459605 0.265954
v -0.325646 1.211344 0.381606
v -0.317586 0.901735 0.526607
v -0.441115 1.136154 0.343665
v -0.430530 0.762553 0.482302
v 0.407763 1.146701 0.349677
v 0.287669 0.908507 0.530761
v 0.289876 1.218491 0.385880
v -0.560436 0.738849 -0.610262
v -0.246580 0.759324 -0.836847
v -0.634614 0.959959 -0.060899
v -0.631556 0.898449 0.133703
v 0.652080 0.832204 -0.088663
v 0.611127 0.975381 -0.052086
v 0.606922 0.914350 0.142541
v -1.016593 -0.037246 -0.189182
v -1.037074 -0.095246 -0.162675
v -1.003140 -0.102386 0.042000
v 0.884086 -1.034493 0.213066
v 0.845638 -1.046560 0.315233
v 0.847283 -0.994136 0.314347
v 0.883720 -1.044786 0.213284
v 0.845638 -1.046560 0.315233
v -0.860366 -1.055892 0.200768
v -0.823112 -1.066360 0.303576
v -0.859833 -1.066224 0.200980
v -0.825970 -1.014712 0.302551
v -0.829866 -1.160678 0.304916
v -1.131319 -0.756725 0.343106
v -1.162335 -0.726256 0.146656
v -1.157857 -0.710206 0.140286
v -0.830473 0.607205 -0.503221
v -0.791999 0.629381 -0.325899
v -0.830906 0.572972 -0.486047
v -0.782946 0.652021 -0.337406
v -0.807461 0.706179 -0.551556
v 1.004882 -0.077311 0.056224
v 1.041397 -0.070336 -0.148112
v 1.044841 -0.090483 -0.137750
v 0.997292 -0.059044 0.046352
v 1.041397 -0.070336 -0.148112
v 0.821809 0.627011 -0.491658
v 0.770913 0.671533 -0.326380
v 0.797009 0.725721 -0.540264
v 0.780371 0.647794 -0.314955
v -0.850338 -0.302221 0.149223
v -0.879882 -0.481840 0.057840
v -0.892409 -0.386751 0.015547
v -0.859550 -0.244887 0.308035
v -0.877499 -0.120161 0.012986
v -0.854820 -0.045008 0.200141
v -0.251758 0.758181 -0.826670
v -0.234214 0.145601 -0.869269
v 0.004339 0.155935 -0.911919
v -0.003867 0.786052 -0.880770
v 0.242441 0.150802 -0.866005
v 0.243879 0.764278 -0.823163
v 0.797009 0.725721 -0.540264
v 0.627626 1.042065 -0.489809
v 0.644943 1.100602 -0.672302
v -0.646825 1.026296 -0.498819
v -0.807461 0.706179 -0.551556
v -0.663103 1.084767 -0.681487
v -0.782946 0.652021 -0.337406
v 0.131462 1.546571 -0.741374
v 0.204291 1.550279 -0.769061
v 0.209181 1.481949 -0.628612
v 0.134603 1.480383 -0.629987
v 0.055457 1.529308 -0.710706
v 0.131462 1.546571 -0.741374
v 0.046793 1.463176 -0.631219
v -0.160158 1.543564 -0.743342
v -0.237738 1.475958 -0.631843
v -0.232705 1.545744 -0.772015
v -0.163110 1.476716 -0.632085
v -0.084251 1.527428 -0.711715
v -0.163110 1.476716 -0.632085
v 0.872483 -0.269328 0.125284
v 0.852986 -0.023515 0.212280
v 0.880157 -0.098524 0.025388
v -0.016613 1.035007 0.533644
v -0.016613 1.035007 0.533644
v 0.084262 1.026221 0.531855
v 0.238926 0.765013 -0.833460
v 0.516842 0.901511 -0.590940
v 0.244113 0.943728 -0.798221
v -0.877499 -0.120161 0.012986
v -0.851916 -0.231242 0.302983
v -0.859550 -0.244887 0.308035
v -0.851916 -0.231242 0.302983
v -0.877499 -0.120161 0.012986
v -0.915423 0.051828 0.011632
v -0.887274 0.122984 -0.016622
v -0.915423 0.051828 0.011632
v -0.531232 0.888532 -0.598345
v -0.256845 0.937878 -0.801698
v 0.644943 1.100602 -0.672302
v 0.529277 1.242492 -0.573146
v 0.538352 1.304949 -0.736110
v -0.552502 1.229534 -0.580733
v -0.663103 1.084767 -0.681487
v -0.560888 1.291963 -0.743776
v -0.646825 1.026296 -0.498819
v -0.566522 1.111238 -0.032795
v -0.600575 1.135869 -0.310986
v 0.538789 1.124842 -0.024990
v 0.576039 1.150357 -0.302687
v 1.223486 -1.114650 0.304044
v 1.221708 -1.157168 0.293074
v 1.210671 -1.104696 0.311839
v -1.198923 -1.143541 0.287096
v -1.186445 -1.134080 0.294943
v 0.323547 1.081116 0.428198
v 0.317618 1.243914 0.266425
v 0.460767 1.120293 0.230183
v 0.449784 0.949550 0.375189
v 0.449784 0.949550 0.375189
v 0.889237 -0.119881 0.034757
v 0.853433 -0.210579 0.314966
v 0.913660 0.074319 0.024532
v -0.858304 -1.310867 -0.523321
v -0.718466 -1.217895 -0.804821
v -0.717309 -1.282693 -0.819405
v -0.478550 0.937615 0.368557
v -0.491857 1.108804 0.223490
v -0.356409 1.072705 0.423396
v -0.352368 1.235950 0.261741
v -0.478550 0.937615 0.368557
v -0.536529 0.848782 0.323167
v 0.760712 -1.264790 -0.809018
v 0.898303 -1.290097 -0.511083
v 0.759987 -1.198986 -0.794273
v 0.911801 -1.206257 -0.470117
v -0.565463 1.015777 0.185391
v -0.634614 0.959959 -0.060899
v -0.566522 1.111238 -0.032795
v 0.611127 0.975381 -0.052086
v 0.537161 1.029514 0.193211
v 0.538789 1.124842 -0.024990
v -1.001454 -0.090329 0.035638
v -1.040206 -0.116024 -0.152450
v -1.037074 -0.095246 -0.162675
v -0.648605 1.002679 -0.315395
v -0.475160 1.042462 -0.576343
v 0.627482 1.018378 -0.306397
v 0.456677 1.053145 -0.569887
v -0.261032 0.937689 -0.791419
v -0.006565 0.981241 -0.842819
v 0.248231 0.944033 -0.787813
v -0.102549 1.014647 0.553823
v -0.103704 1.244272 0.390163
v -0.012244 1.229345 0.384619
v -0.016502 1.018550 0.548362
v -0.186293 1.244910 0.390890
v -0.103704 1.244272 0.390163
v -0.183144 0.988203 0.549302
v -0.260254 1.234175 0.389185
v -0.186293 1.244910 0.390890
v -0.254487 0.953439 0.541700
v -0.325646 1.211344 0.381606
v -0.260254 1.234175 0.389185
v -0.317586 0.901735 0.526607
v 0.067130 1.246320 0.391362
v 0.069468 1.017678 0.555176
v -0.023884 1.229010 0.384508
v -0.016502 1.018550 0.548362
v 0.149633 1.249407 0.393304
v 0.069468 1.017678 0.555176
v 0.150783 0.992747 0.551734
v 0.223891 1.239964 0.392576
v 0.150783 0.992747 0.551734
v 0.223047 0.959608 0.545124
v 0.223047 0.959608 0.545124
v 0.289876 1.218491 0.385880
v -1.040233 -0.156133 -0.130706
v -1.001721 -0.042695 0.011165
v -1.025329 -0.209371 -0.101711
v 1.045658 -0.129478 -0.116556
v 1.003801 -0.105088 0.071271
v 1.002991 -0.066033 0.049712
v 1.044841 -0.090483 -0.137750
v -1.040277 -0.154998 -0.131246
v -1.001597 -0.130282 0.057032
v 0.851478 -0.915193 0.445273
v 0.811544 -1.090532 0.547284
v 0.830147 -0.852620 0.447672
v 0.811544 -1.090532 0.547284
v 0.851478 -0.915193 0.445273
v 0.831714 -1.022740 0.422164
v 0.538352 1.304949 -0.736110
v 0.434162 1.351960 -0.610148
v 0.436272 1.417770 -0.764921
v -0.459585 1.341055 -0.616450
v -0.560888 1.291963 -0.743776
v -0.461250 1.407045 -0.771202
v -0.552502 1.229534 -0.580733
v -0.475160 1.042462 -0.576343
v -0.245657 1.072409 -0.754669
v 0.244113 0.943728 -0.798221
v 0.456677 1.053145 -0.569887
v 0.228889 1.078797 -0.751238
v 1.162497 -1.164866 0.307004
v 1.210812 -1.206782 0.372882
v 1.200384 -1.135700 0.302688
v -1.184817 -1.236244 0.355978
v -1.136701 -1.192940 0.290811
v -1.175303 -1.164317 0.286022
v -1.139452 -1.281803 0.368554
v -0.481424 1.230217 -0.001593
v -0.491857 1.108804 0.223490
v 0.450332 1.240968 0.004859
v 0.460767 1.120293 0.230183
v 1.209469 -1.042306 0.329100
v 1.223486 -1.114650 0.304044
v 1.210671 -1.104696 0.311839
v -1.187020 -1.071739 0.312199
v -1.186445 -1.134080 0.294943
v -1.198923 -1.143541 0.287096
v 0.436272 1.417770 -0.764921
v 0.331239 1.431059 -0.625084
v 0.330638 1.497621 -0.776804
v -0.358504 1.422236 -0.630008
v -0.459585 1.341055 -0.616450
v -0.357584 1.488710 -0.781737
v 0.590806 -1.229415 0.560931
v 0.609032 -1.424908 0.474715
v 0.560375 -1.337700 0.554803
v 0.609032 -1.424908 0.474715
v 0.590947 -1.469611 0.478811
v 0.575950 -1.400106 0.458644
v -0.579197 -1.438657 0.466461
v -0.567071 -1.242936 0.552869
v -0.533915 -1.350982 0.547117
v -0.546471 -1.413769 0.450758
v -0.560090 -1.483591 0.470722
v -0.579197 -1.438657 0.466461
v 0.486250 1.276622 -0.293360
v 0.450332 1.240968 0.004859
v -0.514100 1.263882 -0.300491
v -0.481424 1.230217 -0.001593
v 0.330638 1.497621 -0.776804
v 0.273277 1.463556 -0.627248
v 0.270773 1.531082 -0.777749
v 0.270773 1.531082 -0.777749
v 0.204291 1.550279 -0.769061
v 0.209181 1.481949 -0.628612
v -0.301432 1.456046 -0.631382
v -0.358504 1.422236 -0.630008
v -0.298609 1.524251 -0.781742
v -0.232705 1.545744 -0.772015
v -0.301432 1.456046 -0.631382
v -0.007973 1.074008 -0.807691
v -0.248543 1.072138 -0.744471
v 0.231679 1.078196 -0.741065
v -0.725014 -1.099778 -0.786907
v -0.859438 -1.157268 -0.474872
v -0.852363 -1.089385 -0.478208
v -0.835119 -0.762215 -0.773660
v -0.938907 -0.753864 -0.445699
v -0.852363 -1.089385 -0.478208
v -0.842178 -0.666105 -0.760044
v -0.938907 -0.753864 -0.445699
v -0.947570 -0.653788 -0.423122
v -0.947570 -0.653788 -0.423122
v 0.763323 -1.081477 -0.776403
v 0.886143 -1.068645 -0.466046
v 0.864701 -0.742190 -0.761820
v 0.886143 -1.068645 -0.466046
v 0.963741 -0.730687 -0.432307
v 0.869118 -0.644786 -0.747926
v 0.969518 -0.630443 -0.409634
v 0.939949 -0.423306 -0.357540
v -0.834022 -0.934988 0.433526
v -0.793313 -1.102972 0.536757
v -0.811207 -1.043080 0.410559
v 1.209469 -1.042306 0.329100
v 1.210671 -1.104696 0.311839
v 1.224827 -1.116763 0.355219
v 1.206528 -1.124041 0.305128
v 1.223183 -1.169362 0.364602
v 1.224827 -1.116763 0.355219
v -1.187020 -1.071739 0.312199
v -1.200934 -1.146476 0.338121
v -1.186445 -1.134080 0.294943
v -1.181731 -1.153964 0.288191
v -1.186445 -1.134080 0.294943
v -1.198049 -1.198345 0.347650
v -0.275630 1.281272 0.272461
v -0.236458 1.117317 0.442679
v -0.210598 1.294728 0.280803
v -0.298984 1.101528 0.435614
v -0.356409 1.072705 0.423396
v 0.239620 1.287227 0.276042
v 0.202308 1.122769 0.445781
v 0.174157 1.299334 0.283493
v 0.265296 1.108601 0.439632
v 0.265296 1.108601 0.439632
v -0.127053 1.138584 0.442986
v -0.115018 1.294400 0.279406
v -0.236458 1.117317 0.442679
v -0.017189 1.130018 0.442813
v -0.127053 1.138584 0.442986
v -0.017953 1.277639 0.277404
v 0.092345 1.140758 0.444460
v 0.078658 1.296129 0.280663
v -0.017189 1.130018 0.442813
v -0.009371 1.165664 -0.772017
v -0.236808 1.182387 -0.700183
v 0.216586 1.188008 -0.696983
v 0.364408 1.195152 -0.539528
v 0.228889 1.078797 -0.751238
v 0.214632 1.188461 -0.707050
v -0.386935 1.185871 -0.544825
v -0.234753 1.183646 -0.710107
v 1.147758 -0.607315 0.330553
v 1.178379 -0.697635 0.163158
v 1.180547 -0.719412 0.171211
v 1.145540 -0.586313 0.321270
v -1.162335 -0.726256 0.146656
v -1.136298 -0.635288 0.314459
v -1.164172 -0.747861 0.154736
v -1.134500 -0.614528 0.305158
v 0.016938 -0.724463 -1.138025
v -0.398220 -0.750445 -1.078079
v -0.401902 -0.662229 -1.075535
v 0.015816 -0.632891 -1.138193
v 0.431800 -0.740756 -1.072315
v 0.433191 -0.651821 -1.069629
v 0.790916 -0.980497 0.555306
v 0.828444 -1.198274 0.451366
v 0.807077 -1.226616 0.457367
v 0.807567 -0.950793 0.549117
v 0.814548 -0.956851 0.545214
v 0.847164 -1.159365 0.444509
v 0.828444 -1.198274 0.451366
v 0.847164 -1.159365 0.444509
v 0.814548 -0.956851 0.545214
v 0.829889 -1.044624 0.432432
v 0.902950 -0.831748 0.319734
v 0.966382 -0.922146 0.219779
v 0.916882 -0.958649 0.215094
v 0.957855 -0.788733 0.334267
v -0.885890 -0.853556 0.307142
v -0.945617 -0.944754 0.206430
v -0.941991 -0.812029 0.320862
v -0.895131 -0.981102 0.202279
v -0.353396 1.356589 0.025123
v -0.352368 1.235950 0.261741
v 0.317618 1.243914 0.266425
v 0.318769 1.364454 0.029797
v 0.893140 -0.996998 0.213084
v 0.869816 -0.887371 0.312892
v 1.092059 -0.859945 0.214167
v 0.966382 -0.922146 0.219779
v 1.082439 -0.719449 0.351773
v -0.870365 -1.018307 0.200708
v -0.825970 -1.014712 0.302551
v -0.851269 -0.908144 0.300818
v -0.941991 -0.812029 0.320862
v -1.072714 -0.885879 0.199010
v -1.068519 -0.745165 0.336718
v 0.360872 -1.075149 -1.039675
v 0.763323 -1.081477 -0.776403
v 0.426182 -0.741008 -1.082873
v 0.763220 -1.153394 -0.783888
v 0.350668 -1.153956 -1.052133
v 0.359765 -1.264498 -1.095393
v 0.763220 -1.153394 -0.783888
v -0.319352 -1.083482 -1.044482
v -0.392453 -0.750329 -1.088528
v -0.725014 -1.099778 -0.786907
v -0.722944 -1.171843 -0.794402
v -0.319352 -1.083482 -1.044482
v -0.306953 -1.162627 -1.056877
v -0.312692 -1.272331 -1.100063
v -0.306953 -1.162627 -1.056877
v -0.710629 -1.341877 -0.810489
v -0.600575 1.135869 -0.310986
v -0.386935 1.185871 -0.544825
v -0.319127 1.276534 -0.523949
v -0.600575 1.135869 -0.310986
v -0.514100 1.263882 -0.300491
v -0.379634 1.370368 -0.281317
v -0.222580 1.338268 -0.491723
v 0.576039 1.150357 -0.302687
v 0.364408 1.195152 -0.539528
v 0.294118 1.283867 -0.519670
v 0.486250 1.276622 -0.293360
v 0.348857 1.378956 -0.276240
v 0.195562 1.342847 -0.488849
v 0.652170 -1.138670 0.569515
v 0.757598 -1.274306 0.466588
v 0.664334 -1.356108 0.473667
v 0.745007 -1.039229 0.568455
v -0.731349 -1.292580 0.456085
v -0.630849 -1.153913 0.560543
v -0.636206 -1.371368 0.464613
v -0.726121 -1.057512 0.558035
v 0.664334 -1.356108 0.473667
v 0.609032 -1.424908 0.474715
v 0.652170 -1.138670 0.569515
v -0.636206 -1.371368 0.464613
v -0.567071 -1.242936 0.552869
v -0.803850 -1.218184 0.439871
v -0.773364 -0.999372 0.544325
v -0.781942 -1.246081 0.446174
v -0.790625 -0.969718 0.537964
v -0.797432 -0.976939 0.533790
v -0.823542 -1.180069 0.432699
v 0.348857 1.378956 -0.276240
v 0.318769 1.364454 0.029797
v -0.379634 1.370368 -0.281317
v -0.353396 1.356589 0.025123
v 0.807077 -1.226616 0.457367
v 0.757598 -1.274306 0.466588
v 0.790916 -0.980497 0.555306
v -0.781942 -1.246081 0.446174
v -0.726121 -1.057512 0.558035
v 0.916882 -0.958649 0.215094
v 0.902950 -0.831748 0.319734
v -0.895131 -0.981102 0.202279
v -0.851269 -0.908144 0.300818
v 1.145626 -0.632290 0.341117
v 1.178504 -0.743233 0.180648
v -1.133775 -0.660521 0.325000
v -1.161569 -0.771921 0.164148
v -0.017543 1.380076 0.030733
v -0.017953 1.277639 0.277404
v -0.111208 1.399625 0.033570
v -0.115018 1.294400 0.279406
v -0.206887 1.409083 0.036205
v -0.210598 1.294728 0.280803
v 0.170896 1.414040 0.038933
v 0.078658 1.296129 0.280663
v 0.075562 1.401761 0.034857
v 0.174157 1.299334 0.283493
v 0.240444 1.405371 0.035026
v 0.239620 1.287227 0.276042
v -0.276151 1.399402 0.031461
v -0.275630 1.281272 0.272461
v 1.200384 -1.135700 0.302688
v 1.223183 -1.169362 0.364602
v -1.175303 -1.164317 0.286022
v -1.181731 -1.153964 0.288191
v -1.184817 -1.236244 0.355978
v -0.319127 1.276534 -0.523949
v -0.197005 1.253603 -0.660622
v -0.222580 1.338268 -0.491723
v -0.163639 1.314286 -0.616579
v 0.294118 1.283867 -0.519670
v 0.174407 1.257971 -0.658035
v 0.214632 1.188461 -0.707050
v 0.195562 1.342847 -0.488849
v 0.174407 1.257971 -0.658035
v 0.138969 1.317662 -0.614503
v -0.010714 1.238892 -0.714958
v -0.197900 1.252259 -0.650866
v 0.175189 1.256574 -0.648291
v -0.163753 1.311968 -0.607537
v -0.012031 1.311923 -0.656366
v 0.139015 1.316389 -0.605300
v 1.174061 -0.760196 0.186382
v 1.147777 -0.809056 0.201536
v 1.092059 -0.859945 0.214167
v 1.132176 -0.663239 0.347605
v -1.129505 -0.836434 0.185579
v -1.068519 -0.745165 0.336718
v -1.119603 -0.690067 0.331855
v -0.101636 1.416892 -0.224654
v -0.206887 1.409083 0.036205
v -0.201584 1.423063 -0.248737
v -0.111208 1.399625 0.033570
v -0.016108 1.393288 -0.202631
v -0.017543 1.380076 0.030733
v -0.276151 1.399402 0.031461
v -0.284671 1.395203 -0.264000
v 0.069080 1.418905 -0.223453
v 0.075562 1.401761 0.034857
v 0.170896 1.414040 0.038933
v 0.169163 1.427480 -0.246149
v 0.240444 1.405371 0.035026
v 0.253060 1.401897 -0.260196
v -1.135513 -0.656269 0.324633
v -1.156807 -0.788466 0.170006
v -1.161569 -0.771921 0.164148
v -1.119603 -0.690067 0.331855
v -1.156807 -0.788466 0.170006
v 1.174061 -0.760196 0.186382
v 1.147777 -0.809056 0.201536
v 1.147242 -0.628224 0.340733
v -0.101636 1.416892 -0.224654
v -0.126539 1.367601 -0.463006
v -0.014378 1.383922 -0.443804
v -0.201584 1.423063 -0.248737
v -0.016108 1.393288 -0.202631
v 0.098476 1.370479 -0.461396
v 0.069080 1.418905 -0.223453
v 0.169163 1.427480 -0.246149
v -0.222580 1.338268 -0.491723
v -0.091976 1.351278 -0.558866
v -0.126539 1.367601 -0.463006
v -0.163639 1.314286 -0.616579
v -0.014139 1.390396 -0.489882
v -0.014378 1.383922 -0.443804
v 0.098476 1.370479 -0.461396
v 0.065654 1.353063 -0.557769
v 0.195562 1.342847 -0.488849
v 0.138969 1.317662 -0.614503
v -0.284671 1.395203 -0.264000
v 0.253060 1.401897 -0.260196
v -0.091154 1.348062 -0.551179
v -0.012874 1.342599 -0.588845
v 0.064742 1.349990 -0.550077
v -0.091154 1.348062 -0.551179
v -0.012874 1.342599 -0.588845
v -0.014178 1.387246 -0.482139
v 0.064742 1.349990 -0.550077
v -0.755424 -1.412324 -0.619349
v -0.717309 -1.282693 -0.819405
v -0.694989 -1.380855 -0.824974
v 0.799276 -1.392871 -0.608327
v 0.898303 -1.290097 -0.511083
v 0.740945 -1.363450 -0.814895
v -0.307854 -1.353641 -1.123058
v -0.473791 -1.525943 -0.931207
v -0.276914 -1.476057 -1.098659
v 0.329142 -1.468341 -1.094345
v 0.524915 -1.513095 -0.924072
v 0.357324 -1.346405 -1.118518
v 0.693250 -1.411087 -0.865407
v 0.593187 -1.527979 -0.788415
v 0.799276 -1.392871 -0.608327
v -0.543488 -1.541763 -0.796406
v -0.694989 -1.380855 -0.824974
v 0.027658 -1.678681 -0.940088
v 0.027003 -1.541703 -1.102931
v -0.180757 -1.541722 -1.081124
v 0.234432 -1.535946 -1.078074
v -0.129170 -1.640793 -0.982954
v -0.276914 -1.476057 -1.098659
v 0.184083 -1.637029 -0.980761
v 0.524915 -1.513095 -0.924072
vn 0.3023 -0.7689 -0.5634
vn 0.3536 -0.6945 -0.6267
vn 0.4047 -0.6097 -0.6816
vn 0.3204 -0.7833 -0.5327
vn -0.3124 -0.8069 -0.5013
vn -0.3605 -0.7279 -0.5833
vn -0.3491 -0.8319 -0.4314
vn -0.3916 -0.6265 -0.6739
vn -0.2428 -0.7575 -0.6060
vn -0.4891 -0.7427 -0.4574
vn -0.3458 -0.6338 -0.6919
vn 0.2712 -0.7511 -0.6019
vn 0.3442 -0.5632 -0.7512
vn 0.5134 -0.7315 -0.4487
vn -0.2424 -0.7571 -0.6067
vn -0.3454 -0.6335 -0.6923
vn -0.2044 -0.4362 -0.8764
vn 0.2708 -0.7507 -0.6026
vn 0.2266 -0.4318 -0.8731
vn 0.3439 -0.5634 -0.7512
vn 0.0131 -0.7318 -0.6814
vn -0.0804 -0.5059 -0.8588
vn 0.0121 -0.5646 -0.8253
vn 0.0891 -0.4041 -0.9104
vn -0.0802 -0.4147 -0.9064
vn 0.1039 -0.5035 -0.8577
vn 0.1021 -0.4116 -0.9056
vn -0.5753 -0.7392 -0.3500
vn -0.6563 -0.7146 -0.2420
vn -0.6611 -0.3732 -0.6509
vn 0.5973 -0.7266 -0.3395
vn 0.6780 -0.3562 -0.6430
vn 0.6780 -0.6986 -0.2286
vn -0.5753 -0.7396 -0.3493
vn -0.7015 -0.7105 -0.0565
vn -0.6562 -0.7150 -0.2412
vn 0.5973 -0.7270 -0.3387
vn 0.6779 -0.6989 -0.2279
vn 0.7194 -0.6933 -0.0432
vn -0.4893 -0.7424 -0.4576
vn -0.5548 -0.5017 -0.6637
vn -0.3461 -0.6336 -0.6919
vn -0.7353 -0.3888 -0.5551
vn -0.8236 -0.0973 -0.5587
vn -0.8091 -0.0152 -0.5875
vn 0.5588 -0.6830 -0.4703
vn 0.5137 -0.7312 -0.4489
vn 0.3445 -0.5634 -0.7509
vn 0.5426 -0.7022 -0.4610
vn 0.8334 -0.0772 -0.5473
vn 0.8084 -0.1954 -0.5552
vn 0.8057 -0.2591 -0.5326
vn 0.8174 0.0048 -0.5761
vn -0.7627 -0.6443 -0.0556
vn -0.7018 -0.7102 -0.0565
vn -0.9393 -0.3334 -0.0806
vn -0.6566 -0.7147 -0.2412
vn 0.7323 -0.6795 -0.0453
vn 0.7197 -0.6930 -0.0432
vn 0.6782 -0.6986 -0.2279
vn 0.7484 -0.6581 -0.0822
vn -0.0090 0.9415 -0.3368
vn -0.0205 0.9414 -0.3367
vn 0.1960 0.8208 -0.5365
vn -0.0176 0.9412 -0.3375
vn 0.3832 0.9051 -0.1842
vn 0.4855 0.7857 -0.3833
vn -0.0059 0.9416 -0.3368
vn -0.0046 0.9414 -0.3373
vn -0.0110 0.9411 -0.3379
vn -0.0096 0.9415 -0.3370
vn -0.0196 0.9410 -0.3379
vn -0.1778 0.8621 -0.4745
vn -0.0220 0.9411 -0.3374
vn 0.0030 0.9426 -0.3340
vn 0.0199 0.9436 -0.3305
vn -0.2663 -0.1113 -0.9574
vn -0.1957 -0.2920 -0.9362
vn -0.5545 -0.5015 -0.6641
vn -0.3458 -0.6335 -0.6922
vn -0.2665 -0.1113 -0.9574
vn -0.2047 -0.4354 -0.8767
vn 0.3442 -0.5629 -0.7514
vn 0.2341 -0.3591 -0.9034
vn 0.2154 -0.1900 -0.9579
vn 0.2269 -0.4310 -0.8733
vn 0.7154 -0.3773 0.5881
vn 0.6369 -0.4084 0.6539
vn 0.8460 -0.2653 0.4625
vn 0.8794 -0.2245 0.4199
vn -0.7132 -0.3952 0.5789
vn -0.8449 -0.2865 0.4516
vn -0.6349 -0.4244 0.6456
vn -0.8792 -0.2458 0.4082
vn -0.2023 0.9452 -0.2564
vn -0.0072 0.9399 -0.3413
vn -0.1369 0.8985 -0.4170
vn -0.0127 0.9979 0.0630
vn 0.1836 0.9493 -0.2551
vn 0.1250 0.9027 -0.4116
vn -0.1300 0.8936 -0.4295
vn -0.0072 0.9116 -0.4111
vn -0.0070 0.9042 -0.4271
vn 0.1167 0.8963 -0.4279
vn -0.2430 0.8267 -0.5075
vn -0.3846 0.8316 -0.4006
vn 0.2291 0.8332 -0.5033
vn 0.3667 0.8435 -0.3925
vn -0.1300 0.8936 -0.4296
vn -0.0047 0.8150 -0.5795
vn -0.1960 0.7053 -0.6813
vn 0.1886 0.7112 -0.6772
vn 0.6690 -0.4356 0.6023
vn 0.5525 -0.4462 0.7040
vn 0.5345 -0.4978 0.6830
vn 0.7571 -0.3322 0.5626
vn 0.5152 -0.4616 0.7221
vn 0.5716 -0.4867 0.6606
vn 0.6103 -0.4264 0.6676
vn 0.6297 -0.4874 0.6049
vn -0.5500 -0.4612 0.6963
vn -0.6739 -0.4019 0.6199
vn -0.5315 -0.5115 0.6752
vn -0.7574 -0.3497 0.5514
vn -0.5128 -0.4745 0.7155
vn -0.5593 -0.5154 0.6493
vn -0.6088 -0.4406 0.6598
vn -0.6232 -0.5042 0.5978
vn -0.0107 0.9682 -0.2500
vn 0.1614 0.9462 -0.2803
vn -0.0091 0.9686 -0.2483
vn 0.1982 0.9280 -0.3154
vn -0.2184 0.9241 -0.3137
vn -0.1842 0.9442 -0.2731
vn 0.4971 -0.4623 -0.7343
vn 0.6425 -0.0969 -0.7601
vn 0.5526 -0.3985 -0.7321
vn 0.6639 -0.1094 -0.7398
vn 0.6535 0.1826 -0.7345
vn 0.6346 0.2328 -0.7369
vn -0.5301 -0.4138 -0.7401
vn -0.6523 -0.1288 -0.7469
vn -0.6293 -0.1152 -0.7686
vn -0.4790 -0.4764 -0.7373
vn -0.6487 0.1660 -0.7427
vn -0.6305 0.2172 -0.7452
vn 0.2859 0.8783 -0.3832
vn 0.3518 0.8460 -0.4006
vn -0.3569 0.8317 -0.4254
vn -0.3011 0.8688 -0.3930
vn -0.7683 -0.3572 0.5311
vn -0.7298 -0.3812 0.5676
vn -0.1058 0.9471 -0.3030
vn -0.3069 0.9495 -0.0652
vn -0.1468 0.9880 -0.0473
vn -0.3196 0.8413 -0.4359
vn -0.5165 0.8525 -0.0805
vn 0.0855 0.9495 -0.3019
vn 0.2833 0.9572 -0.0597
vn 0.3032 0.8492 -0.4324
vn 0.4963 0.8651 -0.0725
vn 0.1228 0.9914 -0.0455
vn 0.7324 -0.3622 0.5765
vn 0.7700 -0.3383 0.5410
vn -0.0091 0.9081 -0.4187
vn -0.1211 0.9263 -0.3569
vn 0.0128 0.9222 -0.3864
vn -0.1056 0.9469 -0.3038
vn 0.1039 0.9273 -0.3597
vn 0.0852 0.9493 -0.3028
vn 0.9288 -0.1348 0.3451
vn 0.9426 -0.0982 0.3191
vn -0.9443 -0.1211 0.3059
vn -0.9301 -0.1569 0.3322
vn 0.1664 0.9850 0.0449
vn 0.1754 0.9807 0.0867
vn -0.0126 0.9970 0.0759
vn 0.0899 0.9951 0.0400
vn -0.0632 0.9953 0.0733
vn -0.1468 0.9880 -0.0472
vn -0.3629 0.9314 0.0293
vn -0.1904 0.9808 0.0426
vn -0.2013 0.9759 0.0843
vn -0.1155 0.9926 0.0382
vn 0.0388 0.9966 0.0732
vn 0.3394 0.9400 0.0354
vn -0.5500 0.8279 0.1098
vn -0.5167 0.8525 -0.0797
vn 0.5269 0.8416 0.1188
vn 0.4963 0.8652 -0.0717
vn -0.6066 -0.2693 -0.7480
vn -0.6264 -0.1354 -0.7677
vn -0.6195 -0.3070 -0.7224
vn -0.6291 -0.0391 -0.7763
vn 0.6389 -0.1189 -0.7600
vn 0.6232 -0.2535 -0.7398
vn 0.6389 -0.2914 -0.7119
vn 0.6388 -0.0236 -0.7690
vn 0.0421 0.9852 0.1662
vn -0.0124 0.9968 0.0784
vn 0.0129 0.9223 -0.3863
vn -0.1152 0.9926 0.0380
vn -0.1157 0.9925 0.0386
vn -0.2268 0.9315 0.2845
vn -0.0130 0.9968 0.0784
vn -0.2623 0.8807 -0.3943
vn -0.1215 0.9265 -0.3562
vn -0.0132 0.9690 0.2466
vn 0.1353 0.9572 0.2560
vn -0.0629 0.9606 0.2708
vn -0.3323 0.9158 0.2255
vn 0.2449 0.8866 -0.3924
vn 0.1043 0.9275 -0.3589
vn -0.1639 0.9534 0.2532
vn 0.0367 0.9615 0.2723
vn 0.3103 0.9226 0.2291
vn -0.2620 0.8805 -0.3951
vn -0.3193 0.8410 -0.4367
vn 0.2445 0.8864 -0.3931
vn 0.3029 0.8489 -0.4332
vn 0.8679 -0.2429 0.4333
vn 0.9110 -0.1886 0.3667
vn -0.9116 -0.2102 0.3532
vn -0.8680 -0.2629 0.4213
vn 0.6847 -0.4578 -0.5671
vn 0.7791 -0.3781 -0.5000
vn 0.9030 -0.2058 -0.3772
vn 0.9317 -0.0891 -0.3522
vn -0.8943 -0.2248 -0.3869
vn -0.9250 -0.1102 -0.3637
vn -0.7662 -0.3941 -0.5075
vn -0.6683 -0.4737 -0.5736
vn -0.5650 0.6343 -0.5277
vn -0.7362 0.6527 -0.1790
vn 0.5565 0.6478 -0.5203
vn 0.7220 0.6709 -0.1693
vn 0.3261 -0.4859 0.8109
vn 0.4168 -0.4899 0.7657
vn -0.3263 -0.4943 0.8058
vn -0.4157 -0.4999 0.7598
vn -0.3665 0.6588 -0.6570
vn -0.4105 0.7142 -0.5669
vn 0.3550 0.6679 -0.6541
vn 0.4001 0.7244 -0.5614
vn 0.9602 -0.0271 0.2779
vn 0.9653 0.0127 0.2609
vn -0.9688 -0.0124 0.2477
vn -0.9630 -0.0512 0.2647
vn -0.3323 0.9157 0.2260
vn -0.3067 0.8284 0.4686
vn -0.0630 0.9605 0.2712
vn -0.0657 0.8823 0.4660
vn 0.2805 0.8350 0.4733
vn 0.3103 0.9225 0.2297
vn 0.0368 0.9614 0.2727
vn 0.0378 0.8829 0.4681
vn -0.3666 0.5526 -0.7485
vn -0.5886 0.5790 -0.5642
vn 0.3612 0.5598 -0.7457
vn 0.5850 0.6448 -0.4919
vn -0.1639 0.9533 0.2536
vn -0.1762 0.8797 0.4417
vn 0.1353 0.9571 0.2564
vn 0.1502 0.8840 0.4427
vn -0.5153 0.7068 -0.4847
vn 0.5042 0.7201 -0.4767
vn -0.5182 0.7485 0.4137
vn -0.5985 0.7766 0.1969
vn 0.4942 0.7611 0.4202
vn 0.5761 0.7911 0.2055
vn -0.0023 0.5974 -0.8019
vn -0.2023 0.5883 -0.7829
vn 0.1964 0.5954 -0.7791
vn -0.5647 0.6340 -0.5284
vn -0.5149 0.7065 -0.4855
vn 0.5038 0.7199 -0.4774
vn 0.5562 0.6474 -0.5210
vn -0.0011 0.5083 -0.8612
vn -0.2237 0.4232 -0.8780
vn 0.2244 0.4286 -0.8752
vn -0.0127 0.9979 0.0635
vn -0.2067 0.8390 0.5034
vn -0.0150 0.8574 0.5144
vn 0.1773 0.8440 0.5063
vn -0.0154 0.9252 0.3791
vn 0.4859 0.7856 -0.3832
vn 0.6117 0.4149 -0.6736
vn 0.1966 0.8203 -0.5370
vn 0.7508 0.6121 -0.2482
vn -0.7707 0.6185 0.1531
vn -0.7363 0.6528 -0.1781
vn 0.7523 0.6378 0.1652
vn 0.7221 0.6710 -0.1685
vn 0.4952 -0.5579 -0.6659
vn 0.4188 -0.5732 -0.7043
vn -0.4706 -0.5721 -0.6718
vn -0.3931 -0.5838 -0.7103
vn 0.3839 0.9049 -0.1839
vn 0.7397 0.6677 0.0844
vn -0.6066 0.6237 -0.4929
vn -0.1781 0.8619 -0.4747
vn -0.6025 0.3941 -0.6941
vn -0.7603 0.5969 -0.2562
vn -0.6330 0.7614 -0.1398
vn -0.6341 0.7613 -0.1354
vn -0.7521 0.6556 0.0677
vn 0.0785 0.8553 0.5122
vn -0.0129 0.9193 0.3933
vn -0.0128 0.8655 0.5008
vn 0.0257 0.8920 0.4513
vn -0.1049 0.8454 0.5236
vn -0.2676 0.8461 0.4609
vn -0.3496 0.7813 0.5171
vn -0.4090 0.5915 0.6949
vn -0.1059 0.8529 0.5112
vn -0.0580 0.8898 0.4527
vn 0.0772 0.8473 0.5255
vn 0.2161 0.8634 0.4559
vn 0.3214 0.7896 0.5227
vn 0.4360 0.6020 0.6689
vn -0.6541 0.0896 -0.7511
vn -0.3670 0.1402 -0.9196
vn -0.3439 -0.0849 -0.9352
vn -0.6205 -0.1374 -0.7721
vn -0.5974 -0.0625 -0.7995
vn -0.3184 0.0144 -0.9479
vn 0.6559 0.0954 -0.7488
vn 0.3589 -0.0758 -0.9303
vn 0.3759 0.1504 -0.9144
vn 0.6063 -0.1088 -0.7878
vn 0.6053 -0.0672 -0.7932
vn 0.3307 0.0220 -0.9435
vn -0.6704 -0.3431 0.6579
vn -0.7111 -0.3185 0.6267
vn -0.8459 -0.2029 0.4932
vn -0.4681 -0.4359 0.7687
vn -0.3793 -0.4557 0.8053
vn 0.5637 -0.3905 0.7278
vn 0.5411 -0.4069 0.7360
vn 0.4676 -0.4257 0.7747
vn 0.3808 -0.4459 0.8100
vn -0.1050 0.8455 0.5236
vn -0.7676 0.6100 0.1967
vn 0.7485 0.6293 0.2091
vn 0.5761 0.7911 0.2054
vn 0.7048 0.4790 -0.5233
vn 0.7411 0.4158 -0.5272
vn 0.7620 0.3880 -0.5186
vn 0.6747 0.5069 -0.5365
vn 0.6128 0.6034 -0.5103
vn 0.6124 0.6012 -0.5133
vn 0.5264 0.7166 -0.4576
vn 0.4618 0.7647 -0.4494
vn -0.7435 0.3963 -0.5387
vn -0.7131 0.4611 -0.5281
vn -0.7623 0.3676 -0.5326
vn -0.6884 0.4910 -0.5340
vn -0.6239 0.5894 -0.5133
vn -0.6322 0.5859 -0.5070
vn -0.5292 0.7025 -0.4759
vn -0.4592 0.7498 -0.4765
vn -0.6299 -0.0781 -0.7727
vn -0.5686 -0.2735 -0.7759
vn -0.5948 -0.1631 -0.7871
vn -0.7435 -0.1348 -0.6551
vn -0.6302 -0.0783 -0.7724
vn -0.6614 -0.3724 -0.6510
vn -0.5758 0.0497 -0.8161
vn -0.5456 0.1054 -0.8314
vn 0.6767 -0.1882 -0.7118
vn 0.6429 -0.0623 -0.7634
vn 0.6108 -0.1476 -0.7779
vn 0.6783 -0.3555 -0.6430
vn 0.5860 0.0634 -0.8079
vn 0.5545 0.1184 -0.8237
vn 0.2004 0.3248 -0.9243
vn -0.1961 0.2590 -0.9458
vn 0.0021 0.4017 -0.9158
vn 0.1763 0.4425 -0.8793
vn -0.3517 0.4586 -0.8161
vn -0.1964 0.2594 -0.9456
vn 0.7115 0.3054 -0.6329
vn 0.7241 0.1607 -0.6707
vn 0.7114 0.0466 -0.7012
vn 0.7314 0.3556 -0.5819
vn 0.6990 -0.1498 -0.6992
vn 0.6630 -0.2434 -0.7079
vn -0.7184 0.1432 -0.6807
vn -0.7097 0.2879 -0.6430
vn -0.7026 0.0300 -0.7109
vn -0.7315 0.3379 -0.5922
vn -0.6844 -0.1658 -0.7100
vn -0.6456 -0.2585 -0.7186
vn -0.6333 0.5196 -0.5735
vn 0.0786 0.8551 0.5125
vn -0.1059 0.8527 0.5115
vn -0.6936 -0.0729 -0.7167
vn -0.5418 -0.0999 -0.8346
vn -0.6251 0.0115 -0.7805
vn -0.6439 -0.0982 -0.7588
vn 0.5560 -0.0869 -0.8266
vn 0.7050 -0.0559 -0.7070
vn 0.6357 0.0268 -0.7715
vn 0.6568 -0.0822 -0.7496
vn 0.6284 0.5343 -0.5654
vn 0.6400 0.6869 0.3442
vn 0.4574 0.8636 0.2121
vn 0.4254 0.7352 0.5278
vn 0.3217 0.8852 0.3361
vn 0.7395 0.6677 0.0852
vn 0.5484 0.8312 0.0919
vn 0.7393 0.6681 0.0848
vn 0.3838 0.9050 -0.1836
vn -0.6872 0.4715 -0.5527
vn -0.8694 0.4579 -0.1859
vn 0.6831 0.4872 -0.5441
vn 0.8603 0.4789 -0.1749
vn -0.5226 0.8415 0.1369
vn -0.6561 0.6783 0.3308
vn -0.5645 0.8217 0.0779
vn -0.4547 0.7215 0.5222
vn -0.4540 0.8526 0.2589
vn -0.4548 0.7217 0.5219
vn -0.0128 0.8653 0.5012
vn 0.7931 -0.0427 0.6076
vn 0.6564 -0.1497 0.7394
vn 0.7517 -0.0840 0.6541
vn 0.6006 -0.1804 0.7789
vn -0.7998 -0.0623 0.5970
vn -0.7587 -0.1025 0.6434
vn -0.6632 -0.1656 0.7299
vn -0.6065 -0.1953 0.7707
vn -0.5525 0.6621 0.5064
vn -0.5751 0.5247 0.6276
vn 0.5290 0.6752 0.5140
vn 0.5539 0.5391 0.6345
vn 0.8533 -0.1859 0.4871
vn -0.7210 0.5980 0.3500
vn 0.7008 0.6162 0.3593
vn 0.9644 0.1128 0.2393
vn 0.9642 0.1146 0.2391
vn 0.9455 0.2168 0.2428
vn 0.9315 0.2627 0.2516
vn -0.9701 0.0896 0.2256
vn -0.9700 0.0916 0.2253
vn -0.9537 0.1953 0.2289
vn -0.9408 0.2416 0.2380
vn -0.8900 -0.2123 0.4034
vn -0.9370 -0.1291 0.3246
vn -0.9330 -0.1373 0.3327
vn -0.8924 -0.2091 0.3998
vn 0.8988 -0.1766 0.4011
vn 0.8927 -0.1856 0.4107
vn 0.9410 -0.0941 0.3251
vn 0.9311 -0.1156 0.3460
vn -0.3496 0.3673 -0.8619
vn -0.2968 0.3521 -0.8877
vn 0.3517 0.3767 -0.8570
vn 0.2601 0.4434 -0.8577
vn -0.8557 0.0502 0.5150
vn -0.8579 0.0546 0.5110
vn -0.8462 0.1829 0.5004
vn -0.8184 0.2349 0.5245
vn 0.8478 0.0724 0.5254
vn 0.8501 0.0768 0.5210
vn 0.8374 0.2003 0.5085
vn 0.8108 0.2491 0.5297
vn 0.1121 0.7510 0.6507
vn 0.1439 0.7808 0.6080
vn 0.1620 0.7458 0.6462
vn 0.0867 0.7922 0.6041
vn -0.0841 0.7402 0.6670
vn -0.1922 0.8026 0.5648
vn -0.3678 0.7178 0.5912
vn -0.2873 0.6761 0.6785
vn -0.4390 0.4006 0.8042
vn -0.4398 0.6093 0.6598
vn -0.6570 0.4643 0.5940
vn -0.6389 0.2521 0.7268
vn -0.1426 0.7478 0.6484
vn -0.1910 0.7413 0.6434
vn -0.1732 0.7766 0.6057
vn -0.1289 0.7818 0.6101
vn 0.0565 0.7422 0.6678
vn 0.0965 0.8343 0.5428
vn 0.3281 0.7454 0.5803
vn 0.2638 0.6831 0.6810
vn 0.4221 0.3937 0.8166
vn 0.4156 0.6209 0.6646
vn 0.6367 0.4795 0.6039
vn 0.6221 0.2666 0.7361
vn -0.6445 -0.0983 -0.7583
vn -0.6939 -0.0730 -0.7164
vn -0.6701 0.0496 -0.7406
vn -0.8279 0.1361 -0.5442
vn -0.7053 0.1420 -0.6945
vn -0.5751 0.2675 -0.7732
vn -0.6783 0.3178 -0.6625
vn -0.9314 0.0765 -0.3559
vn -0.9101 0.1429 -0.3890
vn -0.6328 0.5194 -0.5742
vn -0.6868 0.4713 -0.5534
vn 0.6573 -0.0825 -0.7491
vn 0.7054 -0.0560 -0.7066
vn 0.6789 0.0659 -0.7313
vn 0.8316 0.1568 -0.5328
vn 0.7111 0.1597 -0.6847
vn 0.5788 0.2821 -0.7651
vn 0.6791 0.3347 -0.6533
vn 0.6279 0.5341 -0.5661
vn 0.6826 0.4870 -0.5448
vn 0.9505 0.0044 -0.3106
vn 0.9117 0.1641 -0.3766
vn 0.9641 -0.0093 0.2652
vn 0.9670 0.0055 0.2548
vn -0.9669 -0.0351 0.2526
vn -0.9699 -0.0226 0.2425
vn -0.8695 0.4579 -0.1850
vn -0.9038 0.4018 0.1472
vn 0.8604 0.4790 -0.1740
vn 0.8918 0.4234 0.1597
vn 0.1693 0.8900 0.4233
vn 0.1926 0.7699 0.6084
vn 0.2487 0.8845 0.3947
vn 0.0081 -0.0827 -0.9965
vn 0.1215 -0.0699 -0.9901
vn 0.0070 0.0102 -0.9999
vn 0.1455 -0.0678 -0.9870
vn 0.1552 0.0719 -0.9853
vn 0.0051 0.1352 -0.9908
vn 0.1615 0.2469 -0.9555
vn 0.0027 0.2964 -0.9551
vn -0.1546 0.2431 -0.9576
vn -0.1434 0.0686 -0.9873
vn -0.1300 -0.0709 -0.9890
vn -0.1059 -0.0727 -0.9917
vn -0.2812 0.8753 0.3934
vn -0.2256 0.7592 0.6105
vn -0.2801 0.8757 0.3932
vn -0.5524 0.6619 0.5067
vn -0.7355 0.5035 0.4534
vn 0.5290 0.6752 0.5141
vn 0.7156 0.5227 0.4634
vn 0.0022 0.3365 -0.9417
vn -0.2302 0.3216 -0.9185
vn 0.2349 0.3268 -0.9154
vn -0.7273 0.3964 -0.5602
vn -0.8027 0.3725 -0.4657
vn 0.7251 0.4145 -0.5499
vn 0.8256 0.3924 -0.4054
vn 0.6849 -0.4812 -0.5471
vn 0.7622 -0.4309 -0.4831
vn 0.8887 -0.2925 -0.3531
vn 0.9255 -0.2306 -0.3004
vn -0.8762 -0.3144 -0.3653
vn -0.9156 -0.2520 -0.3133
vn -0.7441 -0.4508 -0.4930
vn -0.6677 -0.4966 -0.5546
vn -0.7269 0.3963 -0.5609
vn -0.8040 0.3324 -0.4931
vn 0.7247 0.4143 -0.5506
vn 0.8016 0.3529 -0.4825
vn 0.4825 -0.5801 -0.6562
vn 0.4073 -0.5913 -0.6960
vn -0.4639 -0.5887 -0.6620
vn -0.3863 -0.5981 -0.7022
vn -0.1100 0.8864 0.4496
vn -0.0115 0.8126 0.5827
vn -0.1054 0.8882 0.4472
vn 0.0876 0.8897 0.4481
vn -0.0113 0.8128 0.5824
vn -0.8616 0.4570 0.2208
vn -0.8606 0.4587 0.2213
vn 0.8451 0.4809 0.2336
vn 0.8462 0.4789 0.2338
vn 0.0033 0.2686 -0.9633
vn -0.2211 0.2069 -0.9530
vn 0.2289 0.2124 -0.9500
vn -0.2949 0.2490 -0.9225
vn -0.2583 0.2543 -0.9320
vn 0.3010 0.2561 -0.9186
vn 0.2767 0.2826 -0.9184
vn 0.2548 -0.4740 0.8429
vn 0.2274 -0.4912 0.8408
vn -0.2541 -0.4812 0.8390
vn -0.2265 -0.4979 0.8371
vn 0.4756 -0.2293 0.8493
vn 0.4018 -0.2322 0.8858
vn -0.4802 -0.2414 0.8433
vn -0.4068 -0.2419 0.8809
vn -0.7253 0.3763 0.5765
vn 0.7156 0.5228 0.4633
vn 0.7073 0.3954 0.5860
vn 0.3710 -0.1978 0.9073
vn 0.3111 -0.1809 0.9330
vn 0.2483 -0.2405 0.9384
vn 0.2018 -0.2303 0.9520
vn -0.3211 -0.1897 0.9278
vn -0.3773 -0.2070 0.9026
vn -0.2548 -0.2466 0.9350
vn -0.2088 -0.2352 0.9492
vn 0.2010 0.8269 0.5252
vn 0.3632 0.7902 0.4935
vn 0.3666 0.7897 0.4918
vn 0.0761 0.8226 0.5635
vn -0.2265 0.8208 0.5244
vn -0.3893 0.7823 0.4862
vn -0.0999 0.8180 0.5665
vn -0.3979 0.7828 0.4784
vn -0.7050 0.1420 -0.6949
vn -0.6251 0.1659 -0.7628
vn 0.7108 0.1597 -0.6850
vn 0.6310 0.1813 -0.7543
vn 0.4773 0.7474 0.4622
vn 0.5024 0.7372 0.4518
vn -0.5025 0.7369 0.4522
vn -0.5280 0.7250 0.4423
vn 0.5639 0.7054 0.4295
vn 0.5958 0.6889 0.4129
vn -0.5866 0.6930 0.4191
vn -0.6191 0.6743 0.4026
vn 0.2800 -0.2307 0.9319
vn 0.3127 -0.1938 0.9299
vn 0.4364 -0.2141 0.8739
vn 0.2108 -0.2691 0.9398
vn -0.2354 -0.2651 0.9351
vn -0.4480 -0.2228 0.8658
vn -0.2928 -0.2367 0.9264
vn -0.3211 -0.2019 0.9253
vn -0.0142 0.5889 0.8081
vn -0.1242 0.3245 0.9377
vn -0.0149 0.3017 0.9533
vn -0.2116 0.4773 0.8529
vn 0.1023 0.3289 0.9388
vn 0.1909 0.4871 0.8522
vn -0.9628 0.1182 0.2428
vn -0.9628 0.1188 0.2429
vn -0.9526 0.0337 0.3023
vn -0.9401 -0.0047 0.3407
vn -0.9570 0.1867 0.2221
vn -0.9524 0.2115 0.2198
vn 0.9472 0.0577 0.3155
vn 0.9351 0.0186 0.3538
vn 0.9561 0.1398 0.2575
vn 0.9562 0.1368 0.2589
vn 0.9497 0.2047 0.2371
vn 0.9442 0.2337 0.2323
vn -0.8583 -0.0993 0.5035
vn -0.7742 -0.1438 0.6164
vn 0.8534 -0.0783 0.5154
vn 0.7689 -0.1248 0.6270
vn -0.7085 0.6036 0.3657
vn -0.7597 0.5541 0.3402
vn 0.6869 0.6218 0.3763
vn 0.7401 0.5742 0.3500
vn 0.2969 -0.5988 -0.7438
vn 0.2765 -0.5946 -0.7550
vn -0.2725 -0.6039 -0.7491
vn -0.2554 -0.5977 -0.7600
vn -0.8475 0.2481 -0.4692
vn -0.7826 0.2494 -0.5704
vn 0.8473 0.2693 -0.4577
vn 0.7841 0.2689 -0.5594
vn 0.4460 0.7082 0.5473
vn 0.2749 0.6294 0.7269
vn 0.5464 0.6686 0.5044
vn 0.5655 0.6615 0.4926
vn -0.4924 0.6929 0.5267
vn -0.4676 0.6990 0.5411
vn -0.5640 0.6572 0.5000
vn -0.5878 0.6461 0.4868
vn -0.8616 0.4569 0.2213
vn 0.8461 0.4788 0.2342
vn -0.8044 0.3325 -0.4924
vn -0.8479 0.2482 -0.4684
vn -0.9381 0.2844 -0.1978
vn -0.9695 0.1767 -0.1700
vn -0.8341 0.2081 -0.5109
vn 0.8020 0.3531 -0.4818
vn 0.9335 0.3075 -0.1844
vn 0.8477 0.2694 -0.4569
vn 0.9672 0.2005 -0.1561
vn 0.7841 0.2689 -0.5593
vn 0.8292 0.2101 -0.5179
vn 0.1369 0.5849 0.7995
vn 0.3165 0.7391 0.5946
vn -0.3458 0.7314 0.5878
vn -0.3822 0.7276 0.5696
vn 0.9184 0.3208 0.2316
vn 0.8977 0.3718 0.2365
vn -0.9293 0.2964 0.2202
vn -0.9102 0.3477 0.2253
vn -0.5303 0.0446 -0.8466
vn -0.6695 0.0498 -0.7412
vn 0.5409 0.0576 -0.8391
vn 0.6783 0.0661 -0.7318
vn -0.0092 0.4872 0.8732
vn -0.1622 0.4234 0.8913
vn -0.0079 0.0416 0.9991
vn -0.2057 0.3754 0.9037
vn 0.2102 -0.2022 0.9565
vn 0.2126 -0.1945 0.9576
vn -0.2179 -0.2077 0.9536
vn -0.2211 -0.2001 0.9545
vn 0.1436 0.3580 0.9226
vn 0.1971 0.4253 0.8833
vn 0.1569 -0.2210 0.9626
vn 0.1640 -0.2030 0.9653
vn -0.1649 -0.2248 0.9603
vn -0.1726 -0.2072 0.9629
vn -0.9382 0.2845 -0.1969
vn -0.9694 0.2382 0.0594
vn -0.8397 0.3826 0.3854
vn 0.9336 0.3075 -0.1838
vn 0.9625 0.2615 0.0729
vn 0.8242 0.4043 0.3965
vn -0.9396 0.2940 0.1751
vn -0.9499 0.2731 0.1522
vn 0.9297 0.3164 0.1883
vn 0.9407 0.2962 0.1652
vn -0.2653 0.1203 -0.9566
vn -0.2442 0.1237 -0.9618
vn -0.8101 0.2452 0.5326
vn 0.2754 0.1268 -0.9529
vn 0.2644 0.1502 -0.9526
vn 0.7964 0.2644 0.5439
vn 0.0054 0.1217 -0.9926
vn -0.1973 0.0784 -0.9772
vn 0.2087 0.0833 -0.9744
vn 0.9732 -0.0971 -0.2087
vn 0.9682 -0.1197 -0.2196
vn -0.9672 -0.1202 -0.2236
vn -0.9617 -0.1430 -0.2340
vn 0.4331 0.0012 0.9014
vn 0.5552 0.0498 0.8302
vn 0.6119 0.0811 0.7868
vn 0.3973 -0.0094 0.9176
vn -0.5126 0.0037 0.8586
vn -0.4438 -0.0101 0.8960
vn -0.6214 0.0661 0.7807
vn -0.3646 -0.0741 0.9282
vn -0.3402 0.4470 0.8273
vn -0.5493 0.3647 0.7518
vn 0.5297 0.3795 0.7585
vn 0.3190 0.4561 0.8308
vn -0.4349 0.5514 0.7119
vn -0.6738 0.5791 0.4590
vn -0.7108 0.5384 0.4526
vn -0.7299 0.5198 0.4439
vn -0.6490 0.6032 0.4636
vn -0.6325 0.6189 0.4658
vn 0.8844 0.3730 0.2806
vn 0.8455 0.4415 0.3004
vn -0.8981 0.3502 0.2660
vn -0.8632 0.4166 0.2851
vn 0.6515 0.5963 0.4690
vn 0.4674 0.5749 0.6716
vn 0.6923 0.5544 0.4619
vn 0.7101 0.5383 0.4538
vn 0.3604 0.5768 0.7331
vn 0.6089 0.6364 0.4736
vn 0.8081 0.4975 0.3154
vn 0.8261 0.4750 0.3032
vn -0.0870 0.8022 0.5907
vn -0.1836 0.7671 0.6147
vn -0.8241 0.4772 0.3053
vn -0.8413 0.4546 0.2925
vn 0.0558 0.8029 0.5935
vn 0.1504 0.7728 0.6166
vn 0.9338 0.0624 0.3522
vn 0.9423 0.0765 0.3259
vn 0.8977 0.0273 0.4397
vn 0.8745 0.0206 0.4847
vn 0.7802 0.4704 0.4124
vn 0.8079 0.4502 0.3802
vn -0.9483 0.0528 0.3129
vn -0.9398 0.0388 0.3395
vn -0.9041 0.0049 0.4274
vn -0.8817 -0.0006 0.4719
vn -0.7982 0.4493 0.4013
vn -0.8249 0.4288 0.3682
vn 0.8551 -0.1057 0.5075
vn 0.8576 -0.0475 0.5122
vn 0.7188 -0.3096 0.6225
vn 0.7011 -0.4651 0.5405
vn 0.8578 -0.0467 0.5118
vn 0.8213 0.2074 0.5314
vn 0.8975 0.2879 0.3341
vn 0.7196 0.1969 0.6659
vn -0.8587 -0.1263 0.4966
vn -0.7145 -0.3370 0.6131
vn -0.7572 -0.3112 0.5742
vn -0.6828 -0.5024 0.5305
vn -0.8333 0.1814 0.5221
vn -0.9036 0.1583 0.3981
vn -0.9096 0.2502 0.3317
vn -0.7340 0.1797 0.6549
vn -0.3380 0.2906 -0.8951
vn 0.3426 0.2993 -0.8905
vn -0.8113 0.3266 0.4850
vn -0.7903 0.1775 0.5864
vn 0.7958 0.3460 0.4970
vn 0.7770 0.1970 0.5979
vn 0.1936 0.8190 0.5402
vn 0.3161 0.7391 0.5949
vn 0.1373 0.7585 0.6370
vn 0.3596 0.7023 0.6144
vn -0.0407 0.8138 0.5797
vn -0.0412 0.7613 0.6471
vn -0.1956 0.5953 0.7794
vn -0.2508 0.7344 0.6306
vn 0.8792 0.3447 0.3290
vn 0.8508 0.4015 0.3390
vn 0.9161 0.2624 0.3032
vn -0.1692 0.7567 0.6315
vn -0.3454 0.7314 0.5880
vn -0.1778 0.8182 0.5467
vn -0.3819 0.7278 0.5696
vn -0.0149 0.8244 0.5659
vn 0.0122 0.7596 0.6503
vn 0.1970 0.5783 0.7916
vn 0.2263 0.7391 0.6344
vn -0.8917 0.3234 0.3166
vn -0.8647 0.3815 0.3267
vn -0.9261 0.2408 0.2905
vn -0.9110 0.1434 -0.3867
vn -0.7792 0.1124 -0.6167
vn 0.9125 0.1655 -0.3741
vn 0.7846 0.1314 -0.6059
vn 0.8087 0.0002 0.5883
vn 0.7529 -0.0046 0.6581
vn -0.8167 -0.0197 0.5768
vn -0.7617 -0.0233 0.6475
vn 0.8707 0.4056 0.2782
vn 0.8954 0.3641 0.2563
vn -0.9074 0.3419 0.2446
vn -0.8838 0.3845 0.2666
vn -0.2013 0.4162 0.8867
vn -0.1307 0.4249 0.8958
vn 0.1754 0.4237 0.8887
vn 0.1276 0.4137 0.9014
vn -0.2144 0.2116 0.9535
vn -0.3082 0.3257 0.8938
vn 0.1977 0.2191 0.9555
vn 0.2892 0.3383 0.8955
vn -0.9549 0.1214 0.2710
vn -0.9550 0.1258 0.2686
vn -0.9319 0.2219 0.2869
vn -0.9158 0.2565 0.3091
vn 0.9476 0.1437 0.2853
vn 0.9477 0.1466 0.2835
vn 0.9213 0.2456 0.3014
vn 0.9037 0.2813 0.3228
vn -0.8202 0.0889 -0.5652
vn 0.8206 0.0908 -0.5643
vn 0.8359 0.1182 -0.5360
vn 0.8393 0.0909 -0.5360
vn 0.8400 0.0867 -0.5356
vn 0.8336 0.1494 -0.5318
vn 0.8165 0.2135 -0.5364
vn 0.8315 0.1402 -0.5375
vn 0.8232 0.1935 -0.5338
vn 0.8141 0.2224 -0.5364
vn 0.7853 0.3206 -0.5297
vn 0.7506 0.3547 -0.5575
vn 0.7968 0.2871 -0.5316
vn 0.7836 0.3205 -0.5322
vn -0.8140 0.1919 -0.5483
vn -0.7974 0.2682 -0.5405
vn -0.8240 0.1510 -0.5461
vn -0.7840 0.3012 -0.5427
vn -0.8315 0.0930 -0.5476
vn -0.8340 0.0774 -0.5463
vn -0.8296 0.1291 -0.5432
vn -0.8142 0.1938 -0.5472
vn -0.7861 0.3020 -0.5394
vn -0.7514 0.3369 -0.5673
vn 0.8258 0.5007 0.2596
vn 0.7736 0.5686 0.2797
vn -0.8421 0.4789 0.2480
vn -0.7920 0.5488 0.2674
vn 0.6397 0.1725 -0.7490
vn 0.6374 0.1725 -0.7510
vn -0.6307 0.1572 -0.7599
vn -0.6337 0.1569 -0.7575
vn 0.9341 0.2583 0.2464
vn 0.9475 0.2013 0.2486
vn -0.9433 0.2349 0.2345
vn -0.9553 0.1784 0.2356
vn 0.0006 0.4447 0.8957
vn 0.0230 0.4736 0.8805
vn -0.0113 0.4639 0.8858
vn -0.0107 0.4729 0.8811
vn -0.0228 0.4441 0.8957
vn -0.0394 0.4740 0.8796
vn -0.7227 -0.0892 0.6854
vn -0.5551 -0.2906 0.7793
vn -0.6021 -0.2716 0.7508
vn -0.4548 -0.4162 0.7873
vn -0.2751 0.0856 -0.9576
vn -0.3013 0.1367 -0.9437
vn 0.2862 0.0924 -0.9537
vn 0.3139 0.1264 -0.9410
vn -0.2943 0.2298 -0.9277
vn -0.5451 0.3200 -0.7749
vn 0.3012 0.2370 -0.9237
vn 0.5404 0.3631 -0.7590
vn 0.0060 0.0684 -0.9976
vn 0.1674 0.1081 -0.9800
vn 0.0040 0.2091 -0.9779
vn 0.1424 0.2783 -0.9499
vn -0.1566 0.1041 -0.9822
vn -0.1365 0.2749 -0.9517
vn -0.6341 0.3186 0.7046
vn -0.5359 0.3160 0.7829
vn -0.4509 0.2721 0.8501
vn -0.6836 0.3560 0.6371
vn 0.2255 -0.1323 0.9652
vn 0.2631 -0.1760 0.9486
vn 0.2252 -0.1327 0.9652
vn -0.2354 -0.1379 0.9621
vn -0.1533 -0.2221 0.9629
vn -0.8568 0.1787 0.4837
vn -0.9146 0.0616 0.3997
vn -0.9253 0.0345 0.3776
vn -0.8217 0.2288 0.5220
vn -0.9401 -0.0125 0.3407
vn -0.9431 -0.0226 0.3318
vn -0.9468 -0.0375 0.3197
vn -0.9463 -0.0355 0.3212
vn 0.5197 0.3272 0.7892
vn 0.6173 0.3354 0.7117
vn 0.4305 0.2808 0.8578
vn 0.6917 0.3867 0.6099
vn 0.9066 0.0847 0.4134
vn 0.8415 0.2050 0.4999
vn 0.9191 0.0560 0.3899
vn 0.8046 0.2528 0.5374
vn 0.9360 0.0077 0.3520
vn 0.9388 -0.0008 0.3444
vn 0.9427 -0.0145 0.3334
vn 0.9415 -0.0096 0.3369
vn -0.7349 0.3443 0.5842
vn -0.7757 0.3673 0.5132
vn 0.7190 0.3598 0.5947
vn 0.7454 0.4066 0.5283
vn -0.9084 0.2570 0.3298
vn -0.8730 0.1266 0.4710
vn 0.8974 0.2787 0.3420
vn 0.8632 0.1466 0.4831
vn -0.7955 0.3438 0.4989
vn -0.6881 0.1112 0.7170
vn 0.7812 0.3664 0.5054
vn 0.7861 0.2031 0.5838
vn 0.9376 0.1677 0.3047
vn 0.9013 0.2101 0.3789
vn -0.9457 0.1421 0.2923
vn -0.9109 0.1881 0.3673
vn -0.9466 0.1688 0.2746
vn -0.9509 0.1450 0.2735
vn -0.9113 0.1434 -0.3859
vn -0.9895 0.1060 -0.0984
vn 0.9128 0.1655 -0.3733
vn 0.9879 0.1300 -0.0842
vn 0.7125 -0.0149 0.7015
vn 0.6665 -0.0148 0.7454
vn 0.6314 -0.0134 0.7754
vn 0.9387 0.1906 0.2872
vn 0.9433 0.1676 0.2864
vn -0.7214 -0.0326 0.6918
vn -0.6764 -0.0313 0.7359
vn -0.6417 -0.0289 0.7664
vn 0.7368 0.3526 0.5769
vn 0.6837 0.4040 0.6077
vn -0.7462 0.3383 0.5734
vn -0.6963 0.3869 0.6046
vn -0.9695 0.1767 -0.1699
vn -0.9859 0.1007 0.1336
vn -0.6827 0.2087 0.7003
vn 0.6674 0.2252 0.7098
vn -0.2139 0.1037 0.9713
vn -0.3141 0.2385 0.9189
vn 0.1789 0.1019 0.9786
vn 0.2939 0.2491 0.9228
vn -0.9120 0.2351 0.3361
vn -0.8947 0.1221 0.4297
vn 0.9012 0.2573 0.3488
vn 0.8855 0.1437 0.4419
vn -0.9206 0.1239 -0.3704
vn -0.7431 0.1361 -0.6552
vn 0.9812 0.1244 0.1477
vn -0.3078 0.2646 0.9139
vn -0.2750 0.2122 0.9377
vn 0.2319 0.3256 0.9166
vn 0.2558 0.2199 0.9414
vn 0.9223 0.1463 -0.3577
vn 0.7484 0.1542 -0.6451
vn -0.8431 0.3125 -0.4377
vn -0.7162 0.2930 -0.6333
vn -0.7827 0.1548 -0.6029
vn 0.7840 0.1914 -0.5905
vn 0.0857 -0.2395 0.9671
vn 0.0410 -0.2574 0.9654
vn 0.0470 -0.2887 0.9563
vn 0.2249 -0.1330 0.9653
vn -0.0478 -0.2573 0.9651
vn -0.0050 -0.2889 0.9573
vn -0.9396 0.2937 0.1759
vn -0.9716 0.0596 0.2291
vn -0.9979 0.0295 0.0573
vn 0.8719 0.3175 -0.3729
vn 0.7173 0.3103 -0.6238
vn -0.9970 -0.0351 -0.0693
vn -0.9396 -0.3326 -0.0806
vn -0.9974 0.0256 -0.0676
vn -0.9854 -0.1542 -0.0719
vn -0.9841 0.1670 -0.0609
vn -0.9871 0.1481 -0.0608
vn -0.9781 0.1996 -0.0596
vn -0.9955 -0.0822 -0.0477
vn -0.9943 0.0887 -0.0595
vn -0.9954 -0.0830 -0.0476
vn -0.9663 -0.2554 -0.0332
vn -0.9610 -0.2698 -0.0611
vn -0.9910 -0.1338 -0.0026
vn -0.9911 -0.1334 -0.0026
vn -1.0000 -0.0043 0.0006
vn -0.9971 -0.0759 0.0004
vn -0.9981 0.0601 -0.0103
vn -0.9795 0.2008 -0.0172
vn -0.9641 0.2633 -0.0332
vn -0.8435 0.3124 -0.4370
vn -0.9736 0.2155 -0.0753
vn -0.9209 0.1238 -0.3696
vn -0.9860 0.0976 -0.1354
vn -0.9877 0.1351 -0.0788
vn 0.9297 0.3161 0.1891
vn 0.9666 0.0825 0.2425
vn 0.9960 0.0540 0.0715
vn 0.9974 0.0486 -0.0539
vn 0.9907 -0.1233 -0.0572
vn 0.9911 -0.1329 -0.0024
vn 0.9972 0.0506 -0.0542
vn 0.9805 0.1909 -0.0475
vn 0.9872 0.1525 -0.0467
vn 0.9977 -0.0580 -0.0339
vn 0.9965 -0.0678 -0.0478
vn 0.9850 -0.1722 -0.0086
vn 0.9940 -0.1089 0.0113
vn 0.9997 0.0205 0.0149
vn 0.9964 0.0847 0.0039
vn 0.9744 0.2247 -0.0034
vn 0.9579 0.2864 -0.0202
vn 0.8722 0.3175 -0.3722
vn 0.9690 0.2391 -0.0622
vn 0.9226 0.1463 -0.3569
vn 0.9851 0.1216 -0.1217
vn 0.9851 0.1592 -0.0649
vn -0.6346 -0.3441 -0.6920
vn -0.6094 -0.4103 -0.6785
vn -0.6362 -0.3715 -0.6762
vn -0.6337 -0.3458 -0.6920
vn -0.6146 -0.3016 -0.7289
vn -0.6057 -0.2910 -0.7406
vn 0.6511 -0.3395 -0.6788
vn 0.6277 -0.3968 -0.6697
vn 0.6502 -0.3301 -0.6843
vn 0.6150 -0.4168 -0.6694
vn 0.6336 -0.2865 -0.7187
vn 0.6263 -0.2778 -0.7284
vn 0.6496 -0.2952 -0.7006
vn 0.2902 -0.2374 0.9270
vn 0.2418 -0.2091 0.9475
vn -0.2956 -0.2437 0.9237
vn -0.2490 -0.2143 0.9445
vn -0.7163 0.2930 -0.6333
vn 0.8320 0.4663 0.3005
vn 0.8006 0.4313 0.4160
vn -0.8533 0.3676 0.3698
vn -0.8172 0.4113 0.4037
vn 0.9576 0.2015 -0.2059
vn 0.9005 0.3307 0.2823
vn 0.8093 0.1390 -0.5707
vn 0.2592 -0.1342 -0.9565
vn 0.6108 -0.0222 -0.7915
vn -0.3256 -0.1314 -0.9363
vn -0.5913 -0.2146 0.7774
vn -0.4967 -0.2381 0.8346
vn -0.1206 0.0510 0.9914
vn -0.1998 0.2046 0.9582
vn 0.1052 0.0550 0.9929
vn 0.1810 0.2110 0.9606
vn 0.5860 -0.1998 0.7853
vn 0.4911 -0.2259 0.8413
vn 0.7350 0.0022 0.6780
vn 0.6975 -0.0233 0.7162
vn 0.7730 -0.0052 0.6344
vn 0.6902 -0.2447 0.6809
vn 0.5377 -0.3724 0.7565
vn 0.5671 -0.2693 0.7784
vn 0.7128 -0.0699 0.6979
vn -0.2392 0.1177 0.9638
vn -0.3413 0.2379 0.9094
vn 0.2234 0.1246 0.9667
vn 0.3226 0.2460 0.9140
vn -0.8605 0.1767 0.4779
vn -0.7239 -0.2382 0.6475
vn 0.9846 -0.0347 -0.1714
vn 0.9683 -0.1193 -0.2194
vn 0.9732 -0.0970 -0.2087
vn -0.9806 -0.0591 -0.1869
vn -0.9618 -0.1426 -0.2338
vn 0.8498 0.2022 0.4868
vn 0.7666 -0.1839 0.6152
vn -0.9708 0.1877 0.1497
vn -0.9505 0.0614 0.3045
vn -0.9903 0.0490 0.1302
vn -0.9899 0.1413 -0.0144
vn 0.9638 0.2115 0.1627
vn 0.9445 0.0847 0.3176
vn 0.9869 0.0731 0.1438
vn 0.9862 0.1654 -0.0006
vn -0.4359 0.6193 0.6531
vn -0.5340 0.6945 0.4822
vn -0.5272 0.7067 0.4719
vn -0.4271 0.5620 0.7083
vn 0.5082 0.7170 0.4772
vn 0.5097 0.7064 0.4911
vn 0.4133 0.6273 0.6601
vn 0.4024 0.5712 0.7154
vn -0.9967 0.0806 -0.0099
vn 0.9945 0.1049 0.0041
vn -0.9581 0.1815 -0.2215
vn -0.9115 0.3125 0.2673
vn -0.8033 0.1218 -0.5830
vn -0.6002 -0.0360 -0.7990
vn -0.2762 0.7425 0.6102
vn -0.3261 0.7254 0.6061
vn 0.2501 0.7500 0.6123
vn 0.3040 0.7342 0.6071
vn 0.6615 -0.1512 0.7345
vn 0.6039 -0.1586 0.7811
vn 0.5962 -0.1260 0.7929
vn 0.5806 -0.1926 0.7911
vn -0.6099 -0.1737 0.7732
vn -0.6668 -0.1679 0.7261
vn -0.6038 -0.1406 0.7846
vn -0.5845 -0.2079 0.7843
vn -0.2963 0.2548 0.9205
vn -0.4583 -0.0663 0.8863
vn -0.6780 0.3177 -0.6629
vn -0.6427 0.2598 -0.7207
vn -0.6251 0.3197 -0.7121
vn -0.6778 0.3175 -0.6631
vn 0.5310 -0.0895 0.8426
vn 0.4476 -0.0552 0.8925
vn 0.6787 0.3344 -0.6539
vn 0.6455 0.2764 -0.7120
vn 0.6788 0.3346 -0.6536
vn 0.6046 0.3930 -0.6928
vn 0.6047 0.3930 -0.6928
vn 0.6786 0.3350 -0.6537
vn 0.1473 -0.0112 0.9890
vn 0.1319 -0.0090 0.9912
vn 0.1019 0.0123 0.9947
vn 0.4323 -0.5779 -0.6922
vn 0.7670 0.1333 0.6276
vn -0.8515 0.0657 0.5202
vn -0.8488 0.0735 0.5236
vn -0.7565 0.0502 0.6520
vn -0.7221 0.0927 0.6855
vn -0.9101 0.1283 0.3940
vn -0.9516 0.0310 0.3056
vn 0.9461 0.0541 0.3194
vn 0.0045 0.1810 -0.9835
vn -0.0837 0.0835 -0.9930
vn -0.0807 0.1463 -0.9859
vn -0.0727 0.1255 -0.9894
vn -0.0718 0.2956 -0.9526
vn 0.0030 0.3116 -0.9502
vn 0.0956 0.0868 -0.9916
vn 0.0905 0.1490 -0.9847
vn 0.0775 0.2977 -0.9515
vn 0.9206 0.0349 0.3889
vn 0.8791 -0.0603 0.4727
vn 0.9455 0.1077 0.3072
vn 0.9457 0.1092 0.3063
vn -0.9522 0.0862 0.2929
vn -0.9520 0.0845 0.2941
vn -0.9266 0.0126 0.3759
vn -0.8838 -0.0822 0.4606
vn 0.4692 0.3573 0.8076
vn 0.5788 0.2347 0.7810
vn 0.6045 0.1952 0.7723
vn -0.4726 0.3466 0.8103
vn -0.6126 0.1818 0.7692
vn -0.5836 0.2227 0.7809
vn -0.6219 0.0664 0.7803
vn -0.6655 0.0984 0.7399
vn -0.5520 -0.4787 -0.6828
vn -0.5523 -0.4833 -0.6793
vn -0.4904 -0.5143 -0.7036
vn -0.6092 -0.4107 -0.6784
vn 0.8025 0.0659 0.5930
vn 0.7663 0.0222 0.6421
vn 0.7465 0.0689 0.6618
vn 0.7095 0.1099 0.6961
vn -0.9997 0.0179 0.0180
vn -0.9913 0.1254 -0.0411
vn 0.5732 -0.4637 -0.6755
vn 0.4494 -0.5286 -0.7202
vn 0.5128 -0.5010 -0.6971
vn 0.5130 -0.5010 -0.6970
vn 0.6298 0.1359 0.7648
vn 0.7590 0.2397 0.6054
vn 0.6964 0.1659 0.6982
vn 0.7578 0.2396 0.6069
vn 0.7560 0.2988 0.5825
vn 0.7456 0.3211 0.5840
vn -0.6402 0.1230 0.7583
vn -0.7088 0.1449 0.6903
vn -0.7741 0.2191 0.5940
vn -0.7775 0.2171 0.5903
vn -0.7703 0.2812 0.5723
vn -0.7562 0.3022 0.5804
vn 0.9986 0.0422 0.0319
vn 0.9884 0.1494 -0.0268
vn -0.9170 -0.1076 0.3841
vn 0.9139 -0.0855 0.3969
vn 0.4688 -0.1290 0.8738
vn 0.4426 -0.1269 0.8877
vn -0.4775 -0.1405 0.8673
vn -0.4462 -0.0928 0.8901
vn 0.2493 -0.6219 -0.7423
vn 0.2225 -0.6162 -0.7555
vn 0.1287 -0.6261 -0.7690
vn 0.0952 -0.6270 -0.7732
vn 0.0011 -0.6291 -0.7774
vn 0.0053 -0.6300 -0.7766
vn -0.1631 -0.6189 -0.7683
vn -0.2632 -0.6084 -0.7487
vn -0.2221 -0.6271 -0.7466
vn -0.1932 -0.6223 -0.7586
vn -0.0975 -0.6297 -0.7707
vn -0.0668 -0.6276 -0.7757
vn 0.0239 -0.6262 -0.7793
vn 0.0194 -0.6246 -0.7807
vn 0.1875 -0.6129 -0.7676
vn 0.2879 -0.6015 -0.7452
vn -0.3765 -0.5729 -0.7280
vn 0.8821 0.2460 0.4017
vn 0.8871 0.2308 0.3996
vn 0.9085 0.1459 0.3916
vn 0.8163 0.3577 0.4535
vn 0.7604 0.4161 0.4987
vn 0.2642 0.6611 0.7022
vn 0.3180 0.6434 0.6964
vn 0.2235 0.6764 0.7018
vn 0.3422 0.6214 0.7048
vn 0.1556 0.6882 0.7087
vn 0.1211 0.6954 0.7083
vn 0.0623 0.7011 0.7104
vn 0.0358 0.7025 0.7107
vn -0.3395 0.6348 0.6940
vn -0.2871 0.6529 0.7009
vn -0.2518 0.6681 0.7002
vn -0.3672 0.6122 0.7003
vn -0.1859 0.6818 0.7076
vn -0.1471 0.6916 0.7072
vn -0.0885 0.6993 0.7093
vn -0.0645 0.7028 0.7085
vn -0.0573 0.0307 0.9979
vn -0.0974 0.1807 0.9787
vn 0.0432 0.0324 0.9985
vn 0.0816 0.1803 0.9802
vn 0.7719 -0.1845 -0.6084
vn 0.5532 -0.2409 -0.7975
vn 0.5950 -0.2501 -0.7638
vn 0.5529 -0.2408 -0.7977
vn 0.5273 -0.2307 -0.8177
vn -0.4862 -0.2380 -0.8408
vn -0.5303 -0.2509 -0.8098
vn -0.5714 -0.2619 -0.7777
vn -0.5304 -0.2509 -0.8098
vn 0.1845 -0.0647 0.9807
vn 0.1757 -0.0258 0.9841
vn 0.2070 0.0114 0.9783
vn 0.1074 -0.1158 0.9875
vn 0.1057 -0.1090 0.9884
vn 0.0701 -0.1122 0.9912
vn 0.1587 0.0219 0.9871
vn 0.2295 0.0493 0.9721
vn 0.0869 -0.0919 0.9920
vn 0.1051 -0.0741 0.9917
vn -0.1895 -0.0302 0.9814
vn -0.1960 -0.0693 0.9782
vn -0.2203 0.0057 0.9754
vn -0.1259 -0.1030 0.9867
vn -0.1166 -0.1117 0.9869
vn -0.0809 -0.1143 0.9901
vn -0.1737 0.0171 0.9846
vn -0.2525 0.0439 0.9666
vn -0.0982 -0.0941 0.9907
vn -0.1203 -0.0785 0.9896
vn -0.2566 0.0567 0.9648
vn -0.3616 0.1646 0.9177
vn 0.2177 0.0599 0.9742
vn 0.3457 0.1734 0.9222
vn -0.8781 0.2705 0.3945
vn -0.8297 0.3377 0.4445
vn -0.7742 0.3992 0.4911
vn -0.8740 0.2841 0.3943
vn 0.1493 -0.0657 0.9866
vn 0.1266 -0.0678 0.9896
vn -0.1608 -0.0697 0.9845
vn -0.1713 -0.0645 0.9831
vn 0.3647 0.6052 0.7076
vn 0.3513 0.5685 0.7439
vn -0.3910 0.5953 0.7019
vn -0.3746 0.5601 0.7389
vn -0.7544 0.0967 0.6492
vn 0.7431 0.1144 0.6594
vn -0.0146 0.0312 0.9994
vn -0.0205 0.1729 0.9847
vn 0.0017 0.0283 0.9996
vn 0.0040 0.1668 0.9860
vn 0.1866 -0.6085 -0.7713
vn 0.1801 -0.6074 -0.7737
vn 0.0558 -0.6189 -0.7835
vn -0.0182 -0.6200 -0.7844
vn -0.1934 -0.6041 -0.7731
vn -0.2907 -0.5831 -0.7586
vn -0.1563 -0.6114 -0.7757
vn -0.1493 -0.6114 -0.7771
vn -0.0209 -0.6186 -0.7854
vn 0.0471 -0.6181 -0.7847
vn 0.1228 -0.6126 -0.7808
vn 0.3188 -0.5752 -0.7534
vn -0.0153 0.7009 0.7131
vn -0.0375 0.6919 0.7211
vn -0.0170 0.7033 0.7107
vn 0.0062 0.6970 0.7170
vn 0.5842 -0.0269 0.8111
vn 0.6293 0.0661 0.7744
vn 0.5322 -0.1194 0.8381
vn -0.7399 -0.3075 0.5984
vn 0.2467 -0.1826 0.9517
vn 0.2331 -0.1913 0.9535
vn 0.2264 -0.1839 0.9565
vn 0.2194 -0.1966 0.9556
vn 0.7863 0.2100 0.5810
vn 0.7569 0.2845 0.5883
vn 0.7770 0.2491 0.5781
vn 0.7739 0.3029 0.5561
vn 0.7131 0.3407 0.6128
vn 0.6512 0.3489 0.6740
vn -0.8013 0.1901 0.5672
vn -0.7943 0.2326 0.5612
vn -0.7725 0.2640 0.5775
vn -0.7882 0.2839 0.5460
vn -0.7248 0.3221 0.6091
vn -0.6622 0.3374 0.6691
vn -0.4576 0.6901 0.5606
vn -0.3284 0.5333 0.7796
vn 0.3039 0.5410 0.7842
vn 0.4337 0.7017 0.5653
vn -0.3395 0.1530 0.9281
vn -0.3096 0.1077 0.9448
vn 0.1383 -0.0177 0.9902
vn 0.2896 0.1116 0.9506
vn 0.4582 -0.2040 -0.8651
vn 0.6203 -0.2365 -0.7478
vn 0.5067 -0.2061 -0.8371
vn 0.6371 -0.2690 -0.7223
vn -0.4897 -0.2187 -0.8440
vn -0.6204 -0.2806 -0.7323
vn -0.5793 -0.2282 -0.7825
vn -0.4026 -0.2003 -0.8932
vn -0.7246 0.1777 0.6658
vn -0.6281 0.1066 0.7708
vn -0.7341 0.0600 0.6764
vn -0.6544 0.1908 0.7317
vn -0.7739 0.0743 0.6289
vn -0.7654 0.5801 0.2788
vn -0.8171 0.5124 0.2641
vn -0.8299 0.4900 0.2666
vn -0.5296 0.1067 0.8415
vn -0.4833 0.2380 0.8425
vn 0.8973 -0.0620 0.4370
vn 0.9519 0.0692 0.2986
vn 0.9522 0.0703 0.2974
vn 0.9407 0.0006 0.3393
vn -0.9014 -0.0838 0.4247
vn -0.9575 0.0469 0.2846
vn -0.8738 -0.1150 0.4724
vn -0.9580 0.0493 0.2826
vn 0.6150 0.1225 0.7790
vn 0.7116 0.1967 0.6745
vn 0.7234 0.0787 0.6860
vn 0.6398 0.2077 0.7399
vn 0.7623 0.0923 0.6406
vn 0.7496 0.5935 0.2930
vn 0.8145 0.5060 0.2837
vn 0.8010 0.5291 0.2801
vn 0.5478 -0.0018 0.8366
vn 0.4652 0.2487 0.8496
vn -0.9618 0.0745 0.2634
vn 0.9558 0.0971 0.2775
vn 0.1775 -0.0325 0.9836
vn 0.1767 -0.0177 0.9841
vn 0.1778 -0.0322 0.9835
vn 0.1861 -0.0484 0.9813
vn 0.1492 -0.0657 0.9866
vn -0.1897 -0.0361 0.9812
vn -0.1665 -0.0155 0.9859
vn -0.1501 -0.0191 0.9885
vn -0.1925 -0.0208 0.9811
vn -0.1872 -0.0400 0.9815
vn -0.1884 -0.0468 0.9810
vn -0.1898 -0.0361 0.9812
vn 0.0182 -0.0187 -0.9997
vn -0.0419 -0.0149 -0.9990
vn -0.0098 -0.0107 -0.9999
vn 0.0445 -0.0339 -0.9984
vn -0.3686 0.7133 0.5961
vn -0.3670 0.7157 0.5942
vn 0.0154 -0.0166 -0.9997
vn 0.0567 -0.0143 -0.9983
vn -0.0300 -0.0346 -0.9990
vn 0.0897 -0.0171 -0.9958
vn 0.3511 0.7219 0.5963
vn 0.3487 0.7254 0.5934
vn 0.8617 -0.2645 0.4331
vn -0.5416 -0.1321 0.8302
vn -0.5415 -0.1321 0.8302
vn -0.2533 -0.1892 0.9487
vn -0.2338 -0.1901 0.9535
vn -0.2404 -0.1968 0.9505
vn -0.2265 -0.2020 0.9528
vn 0.7011 0.3813 0.6026
vn 0.6628 0.4129 0.6246
vn -0.7140 0.3634 0.5985
vn -0.6792 0.3969 0.6174
vn -0.8914 0.0332 0.4519
vn -0.8928 0.0185 0.4501
vn 0.0486 0.0846 0.9952
vn 0.0542 0.1677 0.9843
vn 0.1064 0.1733 0.9791
vn 0.0645 0.0178 0.9978
vn -0.0648 0.0815 0.9946
vn -0.0738 0.1659 0.9834
vn -0.1246 0.1699 0.9776
vn -0.0791 0.0159 0.9967
vn -0.5647 0.0084 0.8252
vn -0.7610 -0.2578 -0.5953
vn -0.7028 -0.3759 -0.6039
vn -0.7563 -0.3025 -0.5801
vn -0.7633 -0.2772 -0.5835
vn -0.7348 -0.1846 -0.6526
vn -0.7243 -0.1635 -0.6698
vn 0.8838 0.0561 0.4645
vn 0.9081 0.0147 0.4184
vn 0.7786 -0.2684 -0.5673
vn 0.6656 -0.4017 -0.6290
vn 0.7251 -0.3553 -0.5899
vn 0.7810 -0.2614 -0.5672
vn 0.7486 -0.1672 -0.6416
vn 0.7728 -0.1540 -0.6157
vn -0.8381 0.1497 0.5245
vn -0.8084 0.1721 0.5628
vn -0.8245 0.2703 0.4972
vn 0.8264 0.1706 0.5366
vn 0.8185 0.2299 0.5265
vn 0.8103 0.2881 0.5103
vn 0.7959 0.1921 0.5742
vn -0.1003 -0.2959 0.9499
vn -0.0990 -0.2945 0.9505
vn -0.1459 -0.2945 0.9445
vn -0.2194 -0.2875 0.9323
vn -0.0520 -0.2940 0.9544
vn 0.0407 -0.2576 0.9654
vn 0.1745 -0.2874 0.9418
vn 0.0932 -0.2909 0.9522
vn 0.1409 -0.2895 0.9468
vn 0.2129 -0.2816 0.9356
vn 0.0501 -0.2935 0.9547
vn -0.8391 0.4840 0.2481
vn -0.7784 0.5678 0.2679
vn -0.7069 0.6454 0.2895
vn -0.8410 0.4811 0.2475
vn 0.8351 0.4865 0.2568
vn 0.7696 0.5754 0.2769
vn 0.8527 0.4576 0.2519
vn 0.6849 0.6645 0.2989
vn 0.0957 -0.0460 -0.9944
vn 0.1307 -0.0705 -0.9889
vn -0.7010 0.6500 0.2934
vn -0.6666 0.6829 0.2988
vn -0.0491 -0.0409 -0.9980
vn -0.1153 -0.0741 -0.9906
vn -0.0431 -0.0235 -0.9988
vn -0.4889 -0.3394 0.8036
vn -0.4544 -0.4563 0.7651
vn -0.4722 -0.3693 0.8004
vn -0.4416 -0.5039 0.7424
vn -0.5178 -0.2946 0.8032
vn -0.5277 -0.2741 0.8040
vn 0.4782 -0.4856 0.7318
vn 0.4946 -0.3391 0.8002
vn 0.4860 -0.3834 0.7854
vn 0.4584 -0.5107 0.7274
vn 0.5189 -0.2852 0.8059
vn 0.5216 -0.2582 0.8132
vn -0.0843 0.2052 -0.9751
vn 0.0047 0.1858 -0.9826
vn 0.0926 0.2073 -0.9739
vn 0.6443 0.7002 0.3076
vn 0.6791 0.6683 0.3037
vn -0.7544 0.1734 0.6332
vn -0.7071 0.1403 0.6931
vn 0.7401 0.1928 0.6442
vn 0.6927 0.1583 0.7036
vn -0.4047 -0.5654 0.7187
vn -0.3794 -0.5634 0.7339
vn 0.4098 -0.5417 0.7339
vn 0.3705 -0.5156 0.7726
vn -0.2876 0.2600 -0.9218
vn -0.2622 0.1352 -0.9555
vn -0.2736 0.2481 -0.9293
vn -0.3056 0.2136 -0.9279
vn -0.2665 -0.1105 -0.9575
vn -0.2813 0.2108 -0.9362
vn -0.3050 0.2060 -0.9298
vn 0.2936 0.2666 -0.9180
vn 0.3478 0.3583 -0.8664
vn 0.4054 0.2189 -0.8876
vn 0.2719 0.1417 -0.9518
vn 0.2936 0.2662 -0.9181
vn 0.2937 0.2670 -0.9179
vn 0.2893 0.2176 -0.9322
vn 0.2843 0.3651 -0.8865
vn 0.3128 0.2126 -0.9257
vn -0.4117 0.1053 0.9052
vn -0.3747 0.0919 0.9226
vn 0.3956 0.1362 0.9083
vn 0.3600 0.1010 0.9275
vn -0.9967 0.0805 -0.0091
vn -0.8357 0.0313 0.5483
vn -0.4943 -0.1882 0.8487
vn -0.5235 -0.2244 0.8220
vn 0.4816 -0.1714 0.8594
vn 0.5114 -0.2054 0.8344
vn 0.9945 0.1048 0.0049
vn 0.8266 0.0519 0.5604
vn 0.6295 0.5798 0.5172
vn 0.7257 0.5513 0.4116
vn -0.7093 0.5736 0.4098
vn -0.6497 0.5654 0.5082
vn 0.5793 0.1219 0.8060
vn 0.5328 0.1610 0.8308
vn -0.5937 0.1080 0.7974
vn -0.5477 0.1488 0.8233
vn -0.0088 0.1836 0.9830
vn -0.8945 -0.0150 0.4469
vn -0.8035 -0.2486 0.5408
vn 0.8884 0.0056 0.4591
vn 0.7857 -0.2541 0.5640
vn -0.9804 -0.1954 0.0237
vn -0.9681 -0.2234 0.1131
vn -0.9918 -0.0423 0.1202
vn -0.9491 -0.1840 0.2558
vn -0.9676 -0.0324 0.2505
vn 0.9840 -0.1745 0.0370
vn 0.9908 -0.0190 0.1339
vn 0.9709 -0.2033 0.1268
vn 0.9496 -0.1614 0.2686
vn 0.9641 -0.0127 0.2651
vn 0.0132 0.2563 0.9665
vn 0.0868 0.2767 0.9570
vn 0.0573 0.2608 0.9637
vn 0.0424 0.3090 0.9501
vn 0.0042 0.1655 0.9862
vn -0.1318 0.1768 0.9754
vn -0.1349 0.1643 0.9771
vn -0.2432 0.1417 0.9596
vn -0.4056 0.1113 0.9072
vn -0.5943 0.0782 0.8004
vn -0.7491 0.0275 0.6619
vn -0.0345 0.2571 0.9658
vn -0.1097 0.2762 0.9548
vn -0.0681 0.3080 0.9489
vn -0.0685 0.2719 0.9599
vn 0.0409 0.1324 0.9904
vn 0.1153 0.1800 0.9769
vn 0.1308 0.1447 0.9808
vn 0.2278 0.1474 0.9625
vn 0.3913 0.1203 0.9124
vn 0.5804 0.0924 0.8091
vn 0.7386 0.0457 0.6726
vn -0.4041 -0.2437 0.8816
vn -0.3854 -0.4452 0.8083
vn -0.4090 -0.3022 0.8611
vn -0.3772 -0.5835 0.7192
vn 0.2037 -0.0867 -0.9752
vn 0.2353 -0.1177 -0.9648
vn -0.1453 -0.0819 -0.9860
vn -0.2180 -0.1238 -0.9681
vn -0.1452 -0.0629 -0.9874
vn -0.3087 -0.6038 0.7350
vn -0.2781 -0.5992 0.7507
vn -0.2045 -0.6507 0.7313
vn 0.3028 -0.5618 0.7699
vn 0.2754 -0.5666 0.7766
vn 0.2037 -0.6136 0.7629
vn -0.2956 -0.7644 0.5730
vn -0.2751 -0.8275 0.4894
vn -0.1833 -0.9023 0.3903
vn 0.3787 -0.4184 0.8256
vn 0.3951 -0.2275 0.8900
vn 0.4003 -0.2819 0.8719
vn 0.3676 -0.5359 0.7601
vn 0.6746 0.6379 0.3715
vn 0.7449 0.5702 0.3464
vn -0.7676 0.5479 0.3326
vn -0.8254 0.4766 0.3024
vn -0.9035 -0.1955 0.3813
vn -0.9373 -0.0303 0.3472
vn 0.9035 -0.1692 0.3937
vn 0.9323 -0.0103 0.3616
vn 0.2967 -0.6896 0.6606
vn 0.2814 -0.7378 0.6135
vn 0.2102 -0.8088 0.5493
vn -0.8518 -0.2244 0.4734
vn -0.9085 -0.0289 0.4168
vn 0.9478 0.0289 0.3174
vn 0.9402 0.0234 0.3397
vn 0.9257 0.0879 0.3679
vn 0.9494 -0.0395 0.3117
vn -0.9531 0.0047 0.3026
vn -0.9362 0.0659 0.3451
vn -0.9529 -0.0605 0.2973
vn -0.1198 0.6584 0.7431
vn -0.0965 0.6792 0.7276
vn 0.0674 0.6872 0.7234
vn 0.0947 0.6693 0.7369
vn 0.8522 -0.1993 0.4837
vn 0.9028 -0.0072 0.4300
vn -0.6373 -0.2485 -0.7295
vn -0.5978 -0.2688 -0.7552
vn -0.7343 -0.1948 -0.6503
vn -0.4645 -0.3191 -0.8261
vn -0.3977 -0.3396 -0.8523
vn -0.4424 0.0566 0.8950
vn -0.3995 0.0585 0.9149
vn -0.4854 0.0442 0.8732
vn -0.3929 0.0711 0.9168
vn -0.4864 0.0267 0.8733
vn -0.4873 0.0161 0.8731
vn -0.4846 -0.0146 0.8746
vn -0.4891 -0.0147 0.8721
vn -0.4790 -0.0588 0.8758
vn -0.4622 -0.0809 0.8831
vn -0.4512 -0.1004 0.8868
vn -0.4482 -0.0991 0.8884
vn 0.3824 0.0674 0.9215
vn 0.4254 0.0663 0.9026
vn 0.4710 0.0545 0.8805
vn 0.3756 0.0799 0.9233
vn 0.4745 0.0373 0.8794
vn 0.4757 0.0274 0.8792
vn 0.4729 -0.0025 0.8811
vn 0.4744 -0.0024 0.8803
vn 0.4684 -0.0470 0.8823
vn 0.4523 -0.0695 0.8892
vn 0.4397 -0.0891 0.8937
vn 0.4379 -0.0884 0.8947
vn -0.8137 -0.0545 0.5788
vn 0.8068 -0.0347 0.5898
vn -0.5750 0.4134 0.7060
vn -0.4492 0.4253 0.7857
vn 0.2386 0.0896 0.9670
vn 0.4132 0.0851 0.9066
vn 0.2874 0.1360 0.9481
vn -0.0225 -0.1511 0.9883
vn 0.0568 0.1396 0.9886
vn -0.0282 0.1395 0.9898
vn -0.2503 0.0838 0.9645
vn -0.4335 0.0766 0.8979
vn -0.2795 0.1299 0.9513
vn -0.0272 0.1478 0.9886
vn 0.0529 -0.1634 0.9851
vn 0.0517 0.1401 0.9888
vn 0.5656 0.4185 0.7106
vn 0.4413 0.4312 0.7869
vn -0.4539 -0.1152 0.8836
vn -0.4791 -0.1460 0.8655
vn 0.4460 -0.1052 0.8888
vn 0.4703 -0.1339 0.8723
vn -0.8662 -0.0122 0.4996
vn -0.9931 -0.1003 0.0613
vn -0.9870 -0.0717 0.1442
vn 0.8592 0.0087 0.5116
vn 0.9863 -0.0478 0.1578
vn 0.9943 -0.0761 0.0751
vn -0.7261 0.4809 0.4915
vn -0.8392 0.3493 0.4169
vn -0.8472 0.3405 0.4078
vn -0.6522 0.5196 0.5520
vn -0.9082 0.2119 0.3609
vn -0.3959 0.0304 0.9178
vn -0.3752 0.0707 0.9243
vn -0.3639 0.0481 0.9302
vn -0.4190 0.0895 0.9035
vn 0.3603 0.0792 0.9295
vn 0.3898 0.0556 0.9192
vn 0.3488 0.0562 0.9355
vn 0.3897 0.1160 0.9136
vn -0.4005 -0.1509 0.9038
vn -0.4118 -0.1769 0.8940
vn 0.4030 -0.1650 0.9002
vn 0.3913 -0.1402 0.9095
vn 0.8946 0.1508 0.4206
vn 0.8936 0.1467 0.4243
vn 0.9045 0.2264 0.3613
vn 0.8381 0.0988 0.5365
vn 0.7927 0.1106 0.5996
vn -0.9418 -0.0432 0.3335
vn 0.1365 -0.0035 0.9906
vn 0.1226 0.0007 0.9925
vn 0.1475 0.0020 0.9891
vn 0.0696 0.0137 0.9975
vn -0.1336 -0.0030 0.9910
vn -0.1483 -0.0077 0.9889
vn -0.1601 -0.0022 0.9871
vn -0.0791 0.0116 0.9968
vn 0.9378 -0.0202 0.3467
vn -0.3131 0.0650 0.9475
vn -0.3220 0.0606 0.9448
vn 0.2970 0.0724 0.9521
vn 0.0931 -0.0867 0.9919
vn 0.7266 0.2617 0.6353
vn 0.6601 0.4268 0.6182
vn 0.7295 0.2575 0.6337
vn 0.5809 0.4876 0.6518
vn 0.6215 0.1445 0.7699
vn 0.5184 0.1267 0.8457
vn -0.7407 0.2434 0.6261
vn -0.6803 0.4147 0.6044
vn -0.6052 0.4737 0.6398
vn -0.7441 0.2380 0.6242
vn -0.6333 0.1234 0.7640
vn -0.5312 0.1139 0.8396
vn 0.2955 -0.1392 -0.9451
vn 0.3039 -0.1659 -0.9381
vn -0.2539 -0.1350 -0.9578
vn -0.2858 -0.1734 -0.9425
vn -0.2703 -0.1121 -0.9562
vn -0.4135 0.0348 0.9099
vn -0.3804 0.0380 0.9240
vn 0.4019 0.0575 0.9139
vn 0.3660 0.0473 0.9294
vn -0.2450 0.0077 -0.9695
vn -0.2810 -0.0051 -0.9597
vn -0.2295 0.0399 -0.9725
vn -0.3063 -0.0276 -0.9516
vn 0.2574 0.0133 -0.9662
vn 0.2417 0.0445 -0.9693
vn 0.2934 0.0017 -0.9560
vn 0.2728 -0.0178 -0.9619
vn 0.9801 0.0247 0.1969
vn 0.9954 0.0774 0.0568
vn 0.9773 0.0660 0.2015
vn -0.9863 -0.1316 0.0995
vn -0.9977 0.0531 0.0424
vn -0.9815 0.0422 0.1867
vn -0.9608 0.2743 -0.0406
vn -0.8021 0.0914 0.5902
vn -0.8426 0.0666 0.5344
vn -0.8874 0.0677 0.4560
vn -0.8730 0.0191 0.4874
vn 0.9003 0.3309 0.2827
vn 0.7051 0.3987 0.5864
vn 0.7622 0.4638 0.4517
vn 0.7878 0.4230 0.4477
vn 0.7134 0.4916 0.4994
vn 0.6339 0.5351 0.5584
vn -0.7196 0.3828 0.5794
vn 0.5432 -0.2894 -0.7882
vn 0.5459 -0.2875 -0.7870
vn 0.4167 -0.3301 -0.8470
vn -0.3697 -0.1066 0.9230
vn -0.3863 -0.1180 0.9148
vn 0.3764 -0.1087 0.9200
vn 0.3591 -0.0975 0.9282
vn 0.6158 -0.3643 -0.6986
vn 0.4486 -0.4634 -0.7642
vn 0.5290 -0.4308 -0.7312
vn 0.6249 -0.3584 -0.6935
vn 0.6668 -0.2817 -0.6899
vn -0.4286 -0.4751 -0.7685
vn -0.6115 -0.3567 -0.7062
vn -0.5099 -0.4452 -0.7360
vn -0.6083 -0.3680 -0.7032
vn -0.6205 -0.2806 -0.7323
vn -0.6477 -0.2959 -0.7021
vn 0.5852 0.5635 0.5831
vn 0.6392 0.5182 0.5683
vn -0.6561 0.5021 0.5635
vn -0.6060 0.5467 0.5779
vn 0.5433 -0.1739 -0.8213
vn 0.5381 -0.1814 -0.8232
vn 0.4997 -0.2311 -0.8348
vn 0.5348 -0.1515 -0.8313
vn -0.5225 -0.1657 -0.8364
vn -0.5252 -0.1815 -0.8314
vn -0.5248 -0.1886 -0.8301
vn -0.4748 -0.2481 -0.8444
vn 0.8091 0.3241 0.4903
vn 0.7533 0.3691 0.5443
vn -0.8234 0.3044 0.4789
vn -0.7710 0.3504 0.5318
vn -0.1198 0.0619 0.9909
vn -0.4182 -0.0064 0.9083
vn -0.3779 0.0072 0.9258
vn -0.4028 -0.0939 0.9105
vn -0.3402 -0.0464 0.9392
vn 0.1046 0.0641 0.9924
vn 0.3926 -0.0831 0.9159
vn 0.3290 -0.0392 0.9435
vn 0.4536 -0.2595 0.8526
vn 0.4402 -0.2399 0.8653
vn 0.4880 -0.2620 0.8326
vn 0.4455 -0.3002 0.8434
vn -0.4503 -0.3104 0.8372
vn -0.4932 -0.2735 0.8258
vn -0.4592 -0.2702 0.8462
vn -0.4458 -0.2508 0.8593
vn 0.4063 0.0135 0.9136
vn 0.3644 0.0169 0.9311
vn -0.3876 -0.0073 0.9218
vn -0.3632 0.0261 0.9313
vn -0.5081 -0.2080 0.8358
vn 0.3761 0.0034 0.9266
vn 0.3971 -0.0192 0.9176
vn 0.3663 0.0135 0.9304
vn 0.5028 -0.1945 0.8422
vn 0.3872 -0.2106 -0.8976
vn 0.3868 -0.2106 -0.8978
vn 0.3512 -0.2106 -0.9123
vn 0.4600 -0.2166 -0.8611
vn -0.3689 -0.2212 -0.9028
vn -0.2967 -0.2199 -0.9293
vn 0.3106 0.5467 0.7776
vn 0.2292 0.4870 0.8428
vn -0.2544 0.4805 0.8393
vn -0.3343 0.5392 0.7730
vn -0.3250 -0.1696 -0.9304
vn -0.9729 -0.1834 0.1408
vn 0.9750 -0.1596 0.1545
vn 0.3427 -0.1611 -0.9255
vn -0.4062 -0.0342 0.9132
vn -0.3680 -0.0087 0.9298
vn -0.6167 -0.1558 -0.7716
vn 0.5142 -0.5071 -0.6917
vn 0.4211 -0.5484 -0.7225
vn -0.5756 -0.4753 -0.6655
vn -0.4831 -0.5222 -0.7028
vn -0.5885 -0.4624 -0.6632
vn -0.7023 -0.3764 -0.6042
vn 0.3560 -0.0000 0.9345
vn 0.4011 -0.0116 0.9160
vn 0.4010 -0.5596 -0.7253
vn 0.3889 -0.5735 -0.7210
vn 0.3420 -0.5675 -0.7490
vn -0.3500 -0.5732 -0.7410
vn -0.3786 -0.5685 -0.7304
vn -0.3672 -0.5812 -0.7262
vn -0.3209 -0.5755 -0.7522
vn -0.3782 0.0151 0.9256
vn -0.3580 -0.0023 0.9337
vn -0.3423 0.0117 0.9395
vn -0.1158 0.0170 0.9931
vn 0.3650 0.0244 0.9307
vn 0.3452 0.0065 0.9385
vn 0.3280 0.0196 0.9445
vn 0.0568 0.0476 0.9973
vn -0.9473 -0.0242 0.3195
vn 0.9430 -0.0012 0.3328
vn -0.1846 -0.2247 0.9568
vn -0.1743 -0.2454 0.9536
vn -0.1995 -0.2081 0.9575
vn -0.1334 -0.1987 0.9709
vn 0.1679 -0.2408 0.9560
vn 0.1775 -0.2201 0.9592
vn 0.1921 -0.2032 0.9601
vn 0.1250 -0.1949 0.9728
vn -0.2889 0.0090 0.9573
vn -0.2607 -0.0052 0.9654
vn -0.1466 -0.0297 0.9887
vn -0.1726 -0.0521 0.9836
vn 0.2762 0.0160 0.9610
vn 0.2101 -0.0199 0.9775
vn 0.1344 -0.0256 0.9906
vn 0.0777 -0.0808 0.9937
vn -0.2814 0.0097 0.9595
vn -0.1071 0.1269 0.9861
vn 0.0648 0.1251 0.9900
vn 0.2693 0.0149 0.9629
vn 0.6853 -0.1280 -0.7169
vn 0.6740 -0.1229 -0.7284
vn 0.7485 -0.1672 -0.6417
vn -0.6614 -0.1398 -0.7369
vn -0.6759 -0.1466 -0.7223
vn 0.3567 -0.5648 -0.7442
vn 0.3321 -0.5705 -0.7512
vn -0.3329 -0.5748 -0.7476
vn -0.3594 -0.5672 -0.7410
vn -0.3589 -0.5676 -0.7409
vn -0.4900 -0.5146 -0.7037
vn 0.5778 -0.2433 -0.7791
vn 0.6578 -0.2489 -0.7108
vn 0.4874 -0.2398 -0.8396
vn 0.3615 -0.2250 -0.9048
vn -0.6478 -0.2658 -0.7139
vn -0.5613 -0.2578 -0.7864
vn -0.5617 -0.2579 -0.7861
vn -0.3417 -0.2335 -0.9103
vn 0.3892 0.7801 0.4900
vn 0.6067 0.6558 0.4493
vn 0.5769 0.6683 0.4696
vn 0.6565 0.5987 0.4589
vn -0.6565 0.6198 0.4299
vn -0.4708 0.7441 0.4740
vn -0.6152 0.6432 0.4559
vn -0.6776 0.5822 0.4493
vn -0.0489 0.0475 0.9977
vn -0.3017 0.0223 0.9531
vn 0.2874 0.0297 0.9574
vn 0.0336 0.0488 0.9982
vn -0.5950 -0.2934 -0.7482
vn -0.5640 -0.2603 -0.7837
vn -0.5733 -0.2743 -0.7721
vn -0.5891 -0.3068 -0.7475
vn -0.4345 0.1690 0.8847
vn -0.3932 0.1930 0.8990
vn 0.5903 -0.2568 -0.7652
vn 0.6159 -0.2715 -0.7396
vn 0.6091 -0.2885 -0.7387
vn 0.6080 -0.2916 -0.7384
vn 0.5597 -0.2359 -0.7944
vn 0.5796 -0.2518 -0.7751
vn 0.5903 -0.2567 -0.7653
vn 0.9110 0.0925 0.4018
vn 0.8963 0.1426 0.4200
vn 0.8915 0.1372 0.4318
vn 0.8832 0.1632 0.4396
vn -0.5655 -0.2662 -0.7806
vn -0.5468 -0.2507 -0.7989
vn -0.5655 -0.2663 -0.7806
vn -0.9230 0.0657 0.3791
vn -0.9362 0.0660 0.3451
vn -0.9046 0.1275 0.4068
vn -0.9314 -0.0058 0.3640
vn -0.8949 0.1246 0.4285
vn -0.8763 0.1792 0.4471
vn 0.4197 0.1779 0.8900
vn 0.3779 0.2003 0.9039
vn -0.5887 0.4684 0.6587
vn -0.5298 0.5029 0.6830
vn -0.4423 -0.1450 -0.8851
vn -0.4769 -0.1517 -0.8658
vn -0.5066 -0.1549 -0.8482
vn 0.5853 0.1070 0.8037
vn 0.4334 0.1070 0.8948
vn 0.3704 0.1505 0.9166
vn 0.7109 0.0628 0.7005
vn -0.7081 0.0682 0.7028
vn -0.7320 0.0420 0.6800
vn -0.5437 0.1480 0.8261
vn -0.4069 0.1862 0.8943
vn -0.7924 -0.0241 0.6095
vn -0.4506 0.0944 0.8877
vn -0.6033 0.0909 0.7923
vn -0.3869 0.1408 0.9113
vn -0.7252 0.0435 0.6872
vn 0.5040 0.5138 0.6942
vn 0.5670 0.4829 0.6673
vn -0.1450 -0.0048 0.9894
vn 0.1315 -0.0007 0.9913
vn 0.3307 -0.3056 -0.8929
vn 0.4061 -0.2907 -0.8663
vn 0.3115 -0.2775 -0.9088
vn 0.3922 -0.3294 -0.8589
vn 0.4995 -0.2314 -0.8348
vn 0.5284 -0.1776 -0.8302
vn 0.4944 -0.1390 -0.8580
vn 0.4690 -0.1308 -0.8735
vn 0.5311 -0.1474 -0.8344
vn 0.5433 -0.1739 -0.8214
vn -0.4155 -0.2787 -0.8658
vn -0.3078 -0.3124 -0.8987
vn -0.4151 -0.2206 -0.8827
vn -0.3611 -0.3495 -0.8645
vn -0.5167 -0.1898 -0.8348
vn -0.0544 0.0860 0.9948
vn -0.2784 0.0168 0.9603
vn 0.2641 0.0237 0.9642
vn 0.0375 0.0880 0.9954
vn -0.1064 -0.0219 -0.9941
vn -0.2077 -0.0393 -0.9774
vn -0.0895 -0.0323 -0.9955
vn -0.3079 -0.0565 -0.9498
vn -0.2814 -0.0375 -0.9589
vn -0.2085 -0.0394 -0.9772
vn -0.3575 -0.0608 -0.9319
vn -0.3862 -0.0765 -0.9192
vn -0.3575 -0.0609 -0.9319
vn -0.3574 -0.0608 -0.9320
vn 0.8722 0.2851 -0.3974
vn 0.9115 0.1649 -0.3767
vn 0.2233 -0.0348 -0.9741
vn 0.2017 -0.0307 -0.9790
vn 0.3479 -0.0556 -0.9359
vn 0.3710 -0.0525 -0.9272
vn 0.3825 -0.0448 -0.9229
vn 0.2938 0.0016 -0.9559
vn -0.8726 0.2667 -0.4092
vn -0.9099 0.1437 -0.3892
vn -0.9312 0.0773 -0.3561
vn 0.5481 0.2724 0.7908
vn 0.4673 0.2999 0.8317
vn -0.5667 0.2603 0.7817
vn -0.4876 0.2914 0.8230
vn -0.9728 -0.1835 0.1411
vn 0.9749 -0.1598 0.1548
vn -0.8542 0.4408 0.2759
vn -0.6767 0.0832 0.7315
vn -0.6080 0.1010 0.7875
vn 0.6650 0.0993 0.7402
vn 0.5943 0.1154 0.7959
vn 0.5577 0.4946 0.6666
vn 0.4815 0.5379 0.6919
vn -0.5780 0.4767 0.6623
vn -0.5045 0.5256 0.6850
vn -0.1856 -0.0718 0.9800
vn -0.1750 -0.0153 0.9845
vn 0.1741 -0.0662 0.9825
vn 0.1684 -0.1445 0.9751
vn -0.5868 -0.3125 -0.7470
vn -0.5866 -0.3133 -0.7468
vn 0.6036 -0.3023 -0.7377
vn 0.6045 -0.2992 -0.7383
vn -0.9803 -0.1962 0.0236
vn -0.9301 -0.3557 0.0914
vn -0.9110 -0.3378 0.2364
vn 0.9838 -0.1753 0.0369
vn 0.9348 -0.3394 0.1048
vn 0.9140 -0.3209 0.2483
vn -0.8390 -0.2856 0.4631
vn 0.8389 -0.2655 0.4752
vn 0.2323 0.4950 0.8373
vn 0.4592 0.4443 0.7692
vn 0.8070 -0.1218 0.5779
vn 0.7660 -0.0876 0.6368
vn 0.8512 -0.1265 0.5093
vn -0.8546 -0.1482 0.4976
vn -0.5860 0.0960 0.8046
vn -0.7722 -0.1063 0.6264
vn 0.5103 0.1005 0.8541
vn 0.4593 0.0998 0.8826
vn -0.5211 0.0910 0.8487
vn -0.4715 0.0908 0.8772
vn -0.4797 0.4338 0.7627
vn -0.2584 0.4863 0.8347
vn 0.5955 0.1427 0.7906
vn 0.5562 0.1197 0.8224
vn -0.6109 0.1273 0.7814
vn -0.5711 0.1059 0.8140
vn 0.1169 0.0742 0.9904
vn 0.1143 0.0296 0.9930
vn 0.0719 0.0951 0.9929
vn 0.1472 0.0156 0.9890
vn 0.0731 0.1026 0.9920
vn 0.0279 0.1164 0.9928
vn 0.0076 0.1262 0.9920
vn -0.0541 0.1469 0.9877
vn -0.1334 0.0715 0.9885
vn -0.1374 0.0274 0.9901
vn -0.1611 0.0118 0.9869
vn -0.1143 0.0744 0.9907
vn -0.0885 0.1001 0.9910
vn -0.0242 0.1078 0.9939
vn -0.0254 0.1250 0.9918
vn 0.0351 0.1473 0.9885
vn -0.1946 0.6243 0.7566
vn -0.1837 0.6246 0.7590
vn -0.2715 0.5842 0.7649
vn -0.3065 0.5663 0.7651
vn 0.1702 0.6395 0.7497
vn 0.1606 0.6397 0.7517
vn 0.2449 0.6041 0.7584
vn 0.2816 0.5799 0.7644
vn 0.3416 -0.5674 -0.7492
vn 0.3094 -0.5746 -0.7577
vn -0.2858 -0.5842 -0.7596
vn -0.3329 -0.5747 -0.7476
vn -0.8517 -0.3455 0.3939
vn 0.8577 -0.3174 0.4044
vn 0.6490 0.3705 0.6645
vn 0.6956 0.3518 0.6264
vn -0.7170 0.3322 0.6128
vn -0.6692 0.3552 0.6527
vn 0.4907 0.6714 0.5554
vn 0.5626 0.6659 0.4899
vn 0.5408 0.6675 0.5119
vn 0.5319 0.6939 0.4853
vn -0.5860 0.6498 0.4841
vn -0.5146 0.6587 0.5489
vn -0.5616 0.6550 0.5056
vn -0.5558 0.6798 0.4786
vn 0.1994 -0.1543 0.9677
vn 0.1151 -0.1736 0.9781
vn 0.2670 0.0324 0.9632
vn -0.2426 -0.0566 0.9685
vn -0.2089 -0.1592 0.9649
vn -0.1243 -0.1764 0.9764
vn -0.2808 0.0277 0.9594
vn 0.3016 0.1690 0.9383
vn 0.2724 0.1980 0.9416
vn -0.3181 0.1622 0.9341
vn -0.2917 0.1912 0.9372
vn -0.9728 -0.1836 0.1412
vn 0.5286 -0.1526 -0.8351
vn 0.4501 -0.1504 -0.8802
vn 0.4208 -0.1524 -0.8943
vn 0.5488 -0.1531 -0.8218
vn 0.6166 -0.1564 -0.7716
vn 0.9749 -0.1598 0.1549
vn -0.1344 -0.0936 0.9865
vn 0.1234 -0.0911 0.9882
vn 0.4163 -0.3301 -0.8472
vn 0.3513 -0.3470 -0.8696
vn 0.3598 -0.3406 -0.8687
vn 0.2242 -0.3757 -0.8992
vn -0.2737 -0.3642 -0.8902
vn -0.2042 -0.3794 -0.9024
vn 0.6493 0.1226 0.7506
vn 0.6461 0.1295 0.7522
vn 0.5302 0.1611 0.8324
vn 0.3935 0.1967 0.8981
vn 0.8903 0.1420 0.4327
vn 0.8652 0.0028 0.5015
vn 0.8903 0.1420 0.4328
vn 0.8933 0.2782 0.3530
vn -0.8963 0.1225 0.4261
vn -0.8702 -0.0172 0.4924
vn -0.9004 0.2598 0.3490
vn -0.5515 -0.4296 0.7150
vn 0.5034 -0.1947 0.8418
vn 0.5552 -0.4129 0.7220
vn -0.0141 0.5343 0.8452
vn -0.0536 -0.0807 0.9953
vn -0.0446 -0.0763 0.9961
vn -0.1466 -0.0297 0.9888
vn 0.0335 -0.0744 0.9967
vn -0.8569 -0.0226 0.5150
vn 0.8495 -0.0016 0.5276
vn -0.2983 -0.2771 0.9134
vn -0.2194 -0.2874 0.9323
vn -0.3469 -0.2634 0.9002
vn -0.2499 -0.2877 0.9246
vn 0.2931 -0.2688 0.9175
vn 0.3415 -0.2543 0.9048
vn -0.7770 -0.3846 0.4983
vn 0.7849 -0.3546 0.5081
vn 0.2383 0.4954 0.8353
vn 0.0696 0.4702 0.8798
vn -0.2454 0.4912 0.8358
vn -0.0746 0.4667 0.8813
vn 0.4472 0.3062 0.8404
vn 0.1974 0.3744 0.9060
vn 0.5657 0.3069 0.7654
vn 0.2535 0.3398 0.9057
vn 0.2913 0.7148 0.6357
vn 0.2102 0.3945 0.8945
vn 0.2097 0.3936 0.8950
vn 0.2714 0.3806 0.8840
vn 0.3170 0.3696 0.8734
vn 0.4042 0.3474 0.8461
vn -0.8667 0.1639 0.4711
vn -0.4690 0.2934 0.8331
vn -0.8374 0.1055 0.5363
vn -0.2901 0.7379 0.6094
vn -0.3879 0.4320 0.8142
vn -0.2425 0.3872 0.8895
vn -0.2595 0.3836 0.8863
vn -0.2591 0.3829 0.8867
vn -0.2567 0.3824 0.8876
vn -0.2019 0.3937 0.8968
vn -0.4317 -0.1603 -0.8877
vn -0.4622 -0.1603 -0.8722
vn -0.4059 -0.1624 -0.8994
vn -0.4516 -0.1575 -0.8782
vn 0.2624 0.2157 0.9405
vn 0.2897 0.2149 0.9327
vn 0.3068 0.2081 0.9287
vn 0.2573 0.2069 0.9439
vn -0.3074 0.2075 0.9287
vn -0.2825 0.2070 0.9366
vn -0.3230 0.2023 0.9245
vn -0.2783 0.1985 0.9398
vn -0.8418 -0.0845 0.5331
vn -0.9273 -0.0185 0.3738
vn -0.8027 -0.0997 0.5879
vn -0.9714 -0.0160 0.2368
vn -0.7641 -0.1101 0.6357
vn -0.7438 -0.1145 0.6585
vn 0.8362 -0.0641 0.5447
vn 0.6119 0.1752 0.7713
vn 0.9800 0.0243 0.1978
vn 0.7956 -0.0806 0.6005
vn 0.7563 -0.0920 0.6478
vn 0.7365 -0.0967 0.6695
vn 0.3900 -0.1289 -0.9117
vn 0.4469 -0.1362 -0.8841
vn 0.3611 -0.1367 -0.9224
vn -0.3705 -0.1390 -0.9184
vn -0.3441 -0.1456 -0.9276
vn 0.0256 -0.0876 0.9958
vn 0.0114 -0.1329 0.9911
vn 0.0318 -0.0325 0.9990
vn -0.0371 -0.0882 0.9954
vn -0.0216 -0.1334 0.9908
vn -0.0452 -0.0335 0.9984
vn 0.2782 -0.2158 -0.9360
vn 0.2605 -0.2083 -0.9427
vn -0.2755 -0.2252 -0.9345
vn -0.3412 -0.2335 -0.9105
vn -0.2399 -0.2150 -0.9467
vn -0.2724 -0.2314 -0.9339
vn -0.2220 0.2036 0.9536
vn -0.4013 0.1523 0.9032
vn -0.4314 0.1447 0.8905
vn -0.1882 0.1919 0.9632
vn -0.6231 0.0465 0.7808
vn -0.6487 0.3461 0.6778
vn -0.7829 0.1748 0.5970
vn -0.8027 0.1662 0.5728
vn -0.5513 0.3549 0.7551
vn 0.7851 0.1941 0.5881
vn 0.7641 0.1997 0.6135
vn 0.6194 0.3698 0.6926
vn 0.5213 0.3710 0.7685
vn -0.0081 -0.1162 0.9932
vn -0.0027 -0.1160 0.9932
vn -0.6836 -0.4406 0.5819
vn 0.6917 -0.4162 0.5901
vn 0.6906 0.4133 0.5936
vn 0.5775 0.4751 0.6639
vn -0.6573 0.4284 0.6200
vn -0.5970 0.4607 0.6567
vn 0.3351 0.3236 0.8849
vn 0.2949 0.3581 0.8859
vn -0.3189 0.3545 0.8790
vn -0.3579 0.3189 0.8776
vn -0.3602 -0.5906 -0.7221
vn -0.3439 -0.6014 -0.7211
vn 0.3902 -0.5797 -0.7153
vn 0.3744 -0.5908 -0.7147
vn 0.0096 -0.1358 0.9907
vn -0.0198 -0.1363 0.9905
vn 0.9054 0.0783 0.4173
vn 0.1367 0.4890 0.8615
vn 0.1414 0.4918 0.8591
vn 0.1541 0.4901 0.8579
vn 0.1152 0.4884 0.8650
vn 0.4667 0.5748 0.6721
vn -0.1721 0.4872 0.8562
vn -0.1908 0.4841 0.8540
vn -0.9127 0.0565 0.4047
vn -0.1396 0.4860 0.8627
vn -0.4343 0.5512 0.7124
vn -0.1522 0.4810 0.8634
vn 0.2468 -0.2109 -0.9458
vn -0.2398 -0.2150 -0.9467
vn -0.2237 -0.2165 -0.9503
vn -0.0409 0.1532 0.9873
vn -0.1046 0.1815 0.9778
vn 0.0207 0.1535 0.9879
vn 0.0918 0.1864 0.9782
vn 0.3607 -0.1539 -0.9199
vn 0.3344 -0.1520 -0.9301
vn -0.3451 -0.1623 -0.9244
vn -0.3179 -0.1593 -0.9346
vn 0.4197 0.3097 0.8532
vn 0.4084 0.3198 0.8550
vn 0.6113 0.1757 0.7716
vn 0.3384 0.3039 0.8906
vn -0.4054 0.2988 0.8639
vn -0.4411 0.2981 0.8465
vn -0.3543 0.2961 0.8870
vn -0.4270 0.3127 0.8485
vn -0.3858 0.5361 0.7509
vn -0.4336 0.5212 0.7351
vn 0.3605 0.5449 0.7571
vn 0.4074 0.5283 0.7449
vn 0.2005 -0.3018 -0.9320
vn 0.3287 -0.2443 -0.9123
vn 0.2085 -0.2836 -0.9360
vn -0.2270 -0.3013 -0.9261
vn -0.1714 -0.3085 -0.9356
vn -0.3035 -0.2533 -0.9186
vn -0.3071 -0.3124 -0.8989
vn 0.7821 0.3071 0.5422
vn 0.7508 0.2336 0.6179
vn 0.8041 0.3772 0.4595
vn -0.7750 0.2972 0.5577
vn -0.7750 0.2972 0.5578
vn -0.7415 0.2135 0.6361
vn -0.7975 0.3772 0.4709
vn -0.6121 -0.5013 0.6116
vn -0.6143 -0.4637 0.6385
vn 0.5914 -0.4570 0.6644
vn 0.6174 -0.4463 0.6478
vn 0.3172 -0.5880 -0.7441
vn 0.3190 -0.5870 -0.7441
vn -0.2808 -0.5961 -0.7522
vn -0.2819 -0.5955 -0.7522
vn -0.4824 -0.5224 -0.7031
vn 0.3775 0.3719 0.8480
vn 0.3822 0.3472 0.8564
vn 0.2981 0.3893 0.8716
vn 0.2673 0.3756 0.8874
vn -0.4036 0.3368 0.8507
vn -0.3111 0.3813 0.8705
vn -0.2772 0.3724 0.8857
vn -0.3971 0.3625 0.8431
vn -0.0208 -0.1997 0.9796
vn 0.0887 -0.2377 0.9673
vn 0.0128 -0.1993 0.9798
vn -0.0948 -0.2572 0.9617
vn 0.7269 0.5900 0.3514
vn 0.6934 0.6224 0.3631
vn 0.6102 0.6924 0.3851
vn 0.5048 0.7593 0.4108
vn 0.8336 0.4599 0.3059
vn 0.3689 -0.5014 -0.7826
vn 0.3672 -0.4980 -0.7856
vn -0.3480 -0.5100 -0.7866
vn -0.3446 -0.5029 -0.7927
vn 0.0064 -0.1803 0.9836
vn -0.0058 -0.0903 0.9959
vn -0.0079 0.0410 0.9991
vn -0.0003 -0.1944 0.9809
vn -0.0148 -0.1787 0.9838
vn -0.0271 -0.2226 0.9745
vn -0.2074 0.2440 0.9473
vn -0.1409 0.2061 0.9683
vn 0.1242 0.2123 0.9693
vn 0.1945 0.2387 0.9514
vn 0.3299 0.5877 0.7387
vn 0.3865 0.5666 0.7277
vn -0.3607 0.5812 0.7295
vn -0.4158 0.5594 0.7171
vn -0.9727 -0.1838 0.1414
vn 0.9748 -0.1601 0.1552
vn -0.0246 -0.1757 0.9841
vn 0.0038 -0.1965 0.9805
vn 0.0157 -0.1743 0.9846
vn 0.0382 -0.2336 0.9716
vn -0.1683 -0.1082 0.9798
vn -0.8243 0.2707 0.4973
vn -0.7626 0.4449 0.4696
vn -0.8081 0.3306 0.4875
vn -0.7327 0.4868 0.4755
vn -0.6241 0.5093 0.5926
vn -0.7144 0.3256 0.6194
vn -0.5283 0.4039 0.7468
vn -0.5033 0.5302 0.6823
vn 0.7168 0.4488 0.5337
vn 0.7121 0.5046 0.4881
vn 0.6000 0.5264 0.6024
vn 0.3647 0.4541 0.8129
vn 0.5348 0.4420 0.7201
vn 0.4790 0.5416 0.6908
vn 0.4652 0.2495 0.8493
vn 0.3899 0.3758 0.8407
vn 0.1071 0.4595 0.8817
vn 0.0085 0.4253 0.9050
vn -0.0239 0.4224 0.9061
vn -0.1300 0.4557 0.8806
vn 0.2238 -0.3757 -0.8993
vn 0.1631 -0.3847 -0.9085
vn 0.1670 -0.3780 -0.9106
vn 0.1046 -0.3783 -0.9197
vn -0.0985 -0.3932 -0.9142
vn -0.0812 -0.3803 -0.9213
vn 0.7576 -0.2056 0.6195
vn 0.7572 -0.2078 0.6193
vn 0.7615 -0.1982 0.6171
vn 0.7636 -0.1935 0.6160
vn 0.8970 -0.0624 0.4377
vn -0.7613 -0.2234 0.6087
vn -0.7609 -0.2257 0.6084
vn -0.7672 -0.2121 0.6054
vn 0.1614 0.1789 0.9705
vn 0.1785 0.1020 0.9786
vn 0.1420 0.2827 0.9486
vn 0.1613 0.3570 0.9201
vn 0.1299 0.3590 0.9243
vn -0.1964 0.0978 0.9756
vn -0.1834 0.1763 0.9671
vn -0.1655 0.2806 0.9455
vn -0.1800 0.3514 0.9187
vn -0.1468 0.3514 0.9246
vn -0.7749 0.1314 0.6183
vn 0.0958 0.3990 0.9120
vn -0.1065 0.3954 0.9123
vn 0.7692 0.1460 0.6221
vn 0.2800 0.4003 0.8726
vn 0.1680 0.4221 0.8909
vn 0.1142 0.4253 0.8978
vn -0.1889 0.4181 0.8886
vn -0.1725 0.3955 0.9021
vn -0.3465 0.3496 0.8705
vn -0.2729 0.4013 0.8744
vn -0.4439 0.3741 0.8143
vn 0.1987 0.0246 0.9798
vn 0.2317 -0.0944 0.9682
vn 0.2210 -0.0663 0.9730
vn 0.2542 -0.1392 0.9571
vn 0.2130 -0.1569 0.9644
vn -0.2119 0.0189 0.9771
vn -0.2423 -0.1001 0.9650
vn -0.2321 -0.0719 0.9700
vn -0.2695 -0.1570 0.9501
vn -0.2223 -0.1626 0.9613
vn 0.3130 -0.1392 -0.9395
vn 0.3148 -0.1486 -0.9375
vn -0.2983 -0.1553 -0.9417
vn -0.2983 -0.1466 -0.9431
vn -0.0843 0.4689 0.8792
vn -0.1435 0.4516 0.8806
vn 0.3598 0.5766 0.7336
vn 0.0628 0.4703 0.8803
vn 0.1196 0.4551 0.8824
vn 0.0628 0.4703 0.8802
vn 0.2708 0.2985 0.9152
vn 0.2319 0.2946 0.9271
vn -0.3073 0.2932 0.9053
vn -0.2554 0.2891 0.9226
vn 0.7491 0.1649 -0.6416
vn 0.7168 0.1841 -0.6725
vn 0.6768 0.2131 -0.7047
vn 0.7511 0.1620 -0.6399
vn -0.7445 0.1455 -0.6516
vn -0.7483 0.1399 -0.6484
vn -0.6721 0.1973 -0.7136
vn 0.1583 0.4039 0.9010
vn 0.1473 0.3940 0.9072
vn -0.1692 0.4022 0.8998
vn -0.1650 0.3898 0.9060
vn -0.4375 -0.2422 0.8660
vn -0.4891 -0.2215 0.8437
vn 0.4317 -0.2314 0.8718
vn 0.4828 -0.2098 0.8503
vn -0.3011 0.4891 0.8186
vn -0.2793 0.5693 0.7732
vn 0.2776 0.4936 0.8242
vn 0.2555 0.5726 0.7790
vn 0.3101 0.3827 0.8702
vn 0.3670 0.4124 0.8338
vn -0.3365 0.3777 0.8626
vn -0.3970 0.4030 0.8247
vn -0.1234 -0.2329 0.9646
vn -0.1997 -0.2491 0.9477
vn -0.5225 0.4784 0.7058
vn -0.5615 0.4768 0.6763
vn -0.6245 0.4509 0.6378
vn -0.6475 0.4509 0.6143
vn 0.4982 0.4916 0.7142
vn 0.5411 0.4915 0.6824
vn 0.6094 0.4633 0.6435
vn 0.6335 0.4622 0.6205
vn 0.1154 -0.2301 0.9663
vn 0.1891 -0.2331 0.9539
vn -0.6449 0.6671 0.3730
vn -0.6467 0.6655 0.3728
vn -0.5886 0.7088 0.3888
vn -0.5288 0.7471 0.4028
vn 0.1346 0.4332 0.8912
vn 0.1179 0.4060 0.9062
vn -0.1604 0.4395 0.8838
vn -0.1426 0.3677 0.9189
vn 0.2835 0.3079 0.9082
vn 0.2494 0.3214 0.9135
vn 0.1960 0.3324 0.9225
vn 0.2020 0.2919 0.9349
vn 0.0698 0.3240 0.9435
vn 0.0484 0.3198 0.9462
vn -0.5859 0.0960 0.8046
vn -0.3012 0.3014 0.9047
vn -0.2159 0.3288 0.9194
vn -0.2179 0.2866 0.9329
vn -0.0890 0.3232 0.9421
vn -0.0609 0.3183 0.9460
vn 0.4070 0.5927 0.6951
vn 0.3195 0.6201 0.7165
vn -0.4361 0.5826 0.6858
vn -0.3489 0.6118 0.7099
vn 0.1970 0.2274 0.9537
vn 0.1318 0.2364 0.9627
vn -0.2098 0.2212 0.9524
vn -0.1474 0.2296 0.9621
vn -0.1273 0.2640 0.9561
vn -0.1866 0.2562 0.9484
vn -0.1636 0.2641 0.9505
vn -0.1405 0.2719 0.9520
vn -0.7789 0.1154 0.6165
vn -0.1295 -0.0038 0.9916
vn 0.7317 -0.1098 -0.6728
vn -0.6711 0.4329 0.6018
vn -0.6711 0.4335 0.6015
vn 0.6581 0.4444 0.6078
vn 0.6580 0.4449 0.6076
vn 0.1720 -0.2061 0.9633
vn 0.2182 -0.2108 0.9529
vn -0.1806 -0.2103 0.9608
vn -0.2280 -0.2246 0.9474
vn 0.2318 0.2946 0.9271
vn 0.2208 0.2943 0.9298
vn -0.2569 0.2898 0.9220
vn -0.2553 0.2891 0.9226
vn -0.6428 -0.1714 0.7466
vn 0.4204 -0.0053 0.9073
vn 0.1449 0.4309 0.8907
vn 0.1703 0.4222 0.8904
vn 0.1331 0.4316 0.8922
vn 0.1132 0.4370 0.8923
vn -0.1616 0.4353 0.8857
vn -0.1434 0.4333 0.8898
vn -0.1589 0.4330 0.8873
vn -0.1454 0.4415 0.8854
vn -0.0176 0.4525 0.8916
vn -0.0126 0.4393 0.8983
vn -0.0044 0.4519 0.8921
vn -0.0720 0.4407 0.8948
vn -0.0341 0.4535 0.8906
vn 0.0837 -0.2712 0.9589
vn 0.1576 -0.3327 0.9298
vn -0.0935 -0.2765 0.9564
vn -0.1545 -0.3557 0.9217
vn 0.0918 0.4220 0.9020
vn 0.0394 0.4167 0.9082
vn -0.1131 0.4200 0.9004
vn -0.0585 0.4199 0.9057
vn 0.0766 -0.2435 0.9669
vn 0.0779 -0.2603 0.9624
vn -0.0854 -0.2469 0.9653
vn -0.0936 -0.2764 0.9565
vn 0.2357 -0.1061 0.9660
vn 0.2589 -0.1645 0.9518
vn 0.2799 -0.1292 0.9513
vn 0.2321 -0.1790 0.9561
vn 0.3262 -0.0659 0.9430
vn 0.3704 -0.0614 0.9268
vn 0.3707 -0.0472 0.9276
vn 0.3708 -0.0399 0.9279
vn -0.2750 -0.1864 0.9432
vn -0.2470 -0.1124 0.9625
vn -0.2901 -0.1364 0.9472
vn -0.2399 -0.1841 0.9532
vn -0.3384 -0.0743 0.9381
vn -0.3828 -0.0706 0.9211
vn -0.3816 -0.0563 0.9226
vn -0.3807 -0.0711 0.9219
vn -0.3808 -0.0711 0.9219
vn 0.2412 0.2203 0.9452
vn 0.1919 0.2189 0.9567
vn 0.1629 0.2581 0.9523
vn 0.1732 0.2005 0.9643
vn 0.1131 0.4323 0.8946
vn 0.0436 0.5141 0.8566
vn -0.0672 0.5132 0.8556
vn -0.1422 0.4288 0.8921
vn 0.1045 -0.3783 -0.9198
vn 0.0770 -0.3713 -0.9253
vn 0.0384 -0.4021 -0.9148
vn 0.0833 -0.3354 -0.9384
vn -0.0436 -0.3647 -0.9301
vn -0.0586 -0.3370 -0.9397
vn 0.1609 -0.2279 0.9603
vn 0.2626 -0.2682 0.9269
vn -0.1659 -0.2305 0.9588
vn -0.2531 -0.2888 0.9233
vn 0.1524 0.4728 0.8679
vn 0.1520 0.4856 0.8609
vn -0.1604 0.4396 0.8838
vn -0.1941 0.4906 0.8495
vn -0.1693 0.4745 0.8638
vn -0.1226 0.4764 0.8706
vn 0.5165 0.4397 0.7348
vn 0.4530 0.4673 0.7592
vn -0.5405 0.4269 0.7250
vn -0.5109 0.4407 0.7381
vn 0.0586 0.3999 0.9147
vn 0.0821 0.4060 0.9102
vn -0.0836 0.4040 0.9110
vn -0.0814 0.3991 0.9133
vn 0.3723 0.0952 0.9232
vn 0.3698 0.0149 0.9290
vn 0.3675 0.0712 0.9273
vn 0.3680 0.0480 0.9286
vn 0.3699 0.0149 0.9290
vn 0.3686 -0.0183 0.9294
vn -0.3853 0.0393 0.9220
vn -0.3831 0.0061 0.9237
vn -0.3890 0.0850 0.9173
vn -0.3806 0.0062 0.9247
vn -0.3805 -0.0271 0.9244
vn 0.0357 0.5013 0.8645
vn -0.0674 0.6630 0.7456
vn 0.0391 0.5276 0.8486
vn 0.1408 0.4390 0.8874
vn -0.0616 0.4995 0.8641
vn 0.0308 0.6599 0.7507
vn -0.2957 0.2554 0.9205
vn -0.2726 0.6271 0.7297
vn -0.3536 0.5936 0.7229
vn 0.2431 0.6303 0.7373
vn 0.3242 0.6004 0.7310
vn 0.1269 0.5034 0.8547
vn 0.1015 0.5072 0.8558
vn -0.1941 0.4907 0.8494
vn -0.1450 0.5189 0.8424
vn -0.1833 0.5001 0.8464
vn -0.2148 0.4986 0.8398
vn -0.3883 0.1079 0.9152
vn -0.3891 0.0850 0.9173
vn -0.3756 0.2147 0.9016
vn -0.3857 0.1076 0.9163
vn -0.3754 0.2151 0.9015
vn -0.3660 0.2677 0.8913
vn -0.3605 0.2664 0.8939
vn -0.3514 0.3610 0.8638
vn -0.6467 -0.1247 -0.7525
vn 0.3672 0.1712 0.9142
vn 0.3652 0.2241 0.9035
vn 0.3320 0.3671 0.8689
vn 0.3441 0.3215 0.8822
vn 0.0895 0.5299 0.8434
vn 0.1314 0.5938 0.7938
vn -0.1417 0.5278 0.8375
vn -0.1488 0.5300 0.8348
vn -0.1822 0.6318 0.7534
vn -0.0675 0.4331 0.8988
vn 0.2743 0.6291 0.7273
vn 0.0409 0.4341 0.8999
vn -0.0165 0.4256 0.9048
vn 0.0192 0.4368 0.8993
vn 0.2705 0.6066 0.7476
vn 0.2686 0.6082 0.7470
vn -0.2948 0.6002 0.7435
vn -0.3000 0.6005 0.7412
vn -0.4614 -0.5303 -0.7113
vn -0.3882 -0.5535 -0.7368
vn 0.0360 0.4087 0.9120
vn 0.0064 0.4139 0.9103
vn -0.0613 0.4079 0.9110
vn -0.0344 0.4136 0.9098
vn 0.3195 -0.5750 -0.7532
vn 0.4128 -0.5473 -0.7281
vn 0.4059 -0.5526 -0.7280
vn 0.5301 -0.4975 -0.6867
vn 0.0586 0.4000 0.9147
vn 0.0201 0.4052 0.9140
vn 0.5193 0.5000 0.6931
vn 0.5771 0.4752 0.6642
vn 0.4292 0.5345 0.7281
vn 0.5203 0.4990 0.6931
vn 0.4170 0.5775 0.7018
vn 0.3805 0.5921 0.7104
vn 0.4288 0.5345 0.7283
vn 0.3596 0.5922 0.7211
vn -0.4937 0.5553 0.6692
vn -0.4522 0.5228 0.7226
vn -0.4164 0.5846 0.6963
vn -0.3845 0.5839 0.7150
vn 0.0832 -0.3354 -0.9384
vn 0.0494 -0.3480 -0.9362
vn -0.0414 -0.3345 -0.9415
vn -0.1710 -0.3086 -0.9357
vn 0.2667 0.6085 0.7474
vn 0.2668 0.6079 0.7478
vn -0.2901 0.6009 0.7448
vn -0.2885 0.5994 0.7467
vn -0.1830 0.3014 0.9358
vn -0.1777 0.2933 0.9394
vn -0.1316 0.3553 0.9255
vn -0.0794 0.3945 0.9155
vn 0.1588 0.3036 0.9395
vn 0.2005 0.2611 0.9443
vn 0.1584 0.3040 0.9394
vn 0.1609 0.2922 0.9427
vn 0.1090 0.3597 0.9267
vn 0.0613 0.3971 0.9157
vn 0.0553 0.2407 0.9690
vn 0.0383 0.2406 0.9699
vn -0.0725 0.2342 0.9695
vn -0.0551 0.2350 0.9704
vn -0.0584 0.4318 0.9001
vn -0.0429 0.4636 0.8850
vn 0.0499 0.4297 0.9016
vn 0.0371 0.4609 0.8867
vn -0.0473 0.4114 0.9102
vn 0.0012 0.4405 0.8977
vn 0.0497 0.4051 0.9129
vn -0.0237 0.4429 0.8963
vn -0.3474 0.4280 0.8343
vn -0.3401 0.4059 0.8483
vn -0.3350 0.4045 0.8510
vn 0.3137 0.4235 0.8499
vn 0.3113 0.4364 0.8442
vn 0.0168 0.4587 0.8884
vn 0.0054 0.4949 0.8689
vn -0.0395 0.4577 0.8882
vn -0.0289 0.4532 0.8910
vn -0.0061 0.4321 0.9018
vn 0.0037 0.2398 0.9708
vn -0.0132 0.2382 0.9711
vn -0.0212 0.2370 0.9713
vn -0.0028 0.2402 0.9707
vn 0.5796 0.5835 0.5688
vn 0.6159 0.5595 0.5546
vn 0.5552 0.5924 0.5838
vn 0.5266 0.5996 0.6026
vn -0.5782 0.5799 0.5739
vn -0.6409 0.5434 0.5421
vn -0.6031 0.5701 0.5579
vn -0.5654 0.5847 0.5817
vn 0.0973 0.2631 0.9599
vn 0.1039 0.2672 0.9580
vn 0.1403 0.2682 0.9531
vn 0.1171 0.2754 0.9542
vn 0.7141 -0.1132 0.6908
vn 0.7142 -0.1132 0.6908
vn 0.6824 -0.1575 0.7138
vn 0.7434 -0.0685 0.6653
vn -0.0988 0.3943 0.9136
vn -0.0626 0.3793 0.9232
vn -0.0314 0.5108 0.8591
vn 0.0745 0.3978 0.9144
vn 0.0370 0.3826 0.9232
vn 0.0607 0.4055 0.9121
vn 0.9354 -0.0866 -0.3428
vn 0.9501 0.0949 -0.2973
vn 0.9288 -0.0506 -0.3670
vn 0.8578 -0.0461 -0.5119
vn 0.9007 0.3301 0.2825
vn 0.9606 0.1266 0.2475
vn 0.9896 0.1393 -0.0357
vn 0.8948 0.1831 0.4071
vn 0.3799 -0.2098 -0.9009
vn 0.6233 -0.1372 -0.7699
vn 0.4963 -0.3138 -0.8095
vn 0.5332 -0.2915 -0.7942
vn 0.1071 -0.3643 -0.9251
vn 0.1476 -0.2228 -0.9636
vn -0.0097 -0.3660 -0.9306
vn -0.1973 -0.3083 -0.9306
vn 0.3061 0.4581 0.8345
vn 0.3151 0.4732 0.8227
vn -0.3484 0.4382 0.8286
vn -0.3369 0.4336 0.8358
vn -0.3622 0.4743 0.8024
vn 0.1392 0.6910 0.7093
vn 0.1737 0.7458 0.6432
vn -0.2056 0.6818 0.7021
vn -0.0979 0.5957 0.7972
vn -0.1824 0.6321 0.7531
vn -0.2535 0.8101 0.5287
vn 0.3099 0.5357 0.7855
vn 0.3099 0.5904 0.7453
vn -0.3632 0.4900 0.7925
vn -0.3464 0.4813 0.8052
vn -0.3285 0.5788 0.7464
vn 0.6148 0.2473 -0.7489
vn 0.5805 0.2726 -0.7673
vn -0.6349 0.2198 -0.7407
vn -0.6718 0.1974 -0.7139
vn -0.5776 0.2584 -0.7743
vn -0.6425 0.2062 -0.7380
vn 0.5339 0.7390 0.4108
vn 0.4964 0.7606 0.4184
vn 0.4024 0.8084 0.4295
vn 0.3805 0.8190 0.4295
vn 0.4215 0.8014 0.4243
vn 0.4024 0.8085 0.4295
vn 0.5044 0.7594 0.4109
vn 0.4456 0.7894 0.4222
vn -0.6225 0.6823 0.3834
vn -0.5562 0.7273 0.4021
vn -0.5192 0.7497 0.4103
vn -0.7672 0.5483 0.3327
vn -0.4293 0.7973 0.4243
vn -0.4069 0.8081 0.4259
vn -0.4294 0.7972 0.4243
vn -0.4379 0.7945 0.4206
vn -0.4665 0.7815 0.4144
vn -0.6158 -0.1708 0.7692
vn -0.5881 -0.1860 0.7871
vn 0.5817 -0.1717 0.7951
vn 0.5306 -0.1871 0.8267
vn -0.9037 0.1606 0.3969
vn -0.9117 0.3117 0.2676
vn -0.9669 0.1020 0.2341
vn -0.9921 0.1132 -0.0543
vn -0.7197 0.3821 0.5797
vn -0.7453 0.2454 0.6199
vn -0.9217 -0.0703 -0.3815
vn -0.9475 0.0763 -0.3104
vn -0.9280 -0.1087 -0.3563
vn -0.8483 -0.0675 -0.5252
vn -0.4410 -0.1356 -0.8872
vn -0.4795 -0.3258 -0.8148
vn -0.6115 -0.1501 -0.7769
vn -0.5144 -0.2368 -0.8242
vn -0.5517 0.3098 0.7743
vn -0.4798 0.4331 0.7630
vn -0.3050 0.3565 0.8831
vn -0.2584 0.4856 0.8351
vn -0.0104 0.3749 0.9270
vn -0.0141 0.5336 0.8456
vn 0.2324 0.4942 0.8377
vn 0.2826 0.3590 0.8895
vn 0.4594 0.4435 0.7696
vn 0.5313 0.3248 0.7824
vn 0.7053 0.3979 0.5867
vn 0.7320 0.2665 0.6270
vn 0.8945 0.1834 0.4078
vn 0.9004 0.3303 0.2830
vn -0.1006 0.3738 0.9220
vn -0.0691 0.3736 0.9250
vn -0.0994 0.3732 0.9224
vn -0.1308 0.3722 0.9189
vn -0.1302 0.3715 0.9192
vn -0.1632 0.3706 0.9143
vn 0.0867 0.3758 0.9226
vn 0.0828 0.3763 0.9228
vn 0.1114 0.3757 0.9200
vn 0.0407 0.3749 0.9262
vn 0.1048 0.3750 0.9211
vn 0.1150 0.3751 0.9198
vn -0.0901 0.2357 0.9676
vn -0.0892 0.2378 0.9672
vn -0.2133 0.2325 0.9489
vn -0.2797 0.2270 0.9328
vn 0.0697 0.2433 0.9674
vn 0.0716 0.2443 0.9671
vn 0.1912 0.2411 0.9515
vn 0.2600 0.2338 0.9369
vn 0.2831 0.6822 0.6742
vn 0.2861 0.7420 0.6062
vn -0.3013 0.6172 0.7269
vn -0.3460 0.6515 0.6751
vn -0.3285 0.5790 0.7462
vn -0.1948 0.6079 0.7697
vn 0.4114 0.6415 0.6475
vn 0.4005 0.6101 0.6837
vn -0.4338 0.6328 0.6414
vn -0.4342 0.6328 0.6412
vn -0.5168 0.5930 0.6175
vn -0.3966 0.6354 0.6625
vn -0.4335 0.6330 0.6414
vn -0.1175 0.3552 0.9274
vn -0.1261 0.3127 0.9414
vn -0.1472 0.3357 0.9304
vn -0.1246 0.3209 0.9389
vn -0.2007 0.3330 0.9213
vn -0.2534 0.3792 0.8899
vn 0.0941 0.3565 0.9296
vn 0.0711 0.3188 0.9451
vn 0.0802 0.3634 0.9282
vn 0.1271 0.3387 0.9323
vn 0.1407 0.3115 0.9398
vn 0.1819 0.3380 0.9234
vn 0.2336 0.3822 0.8940
vn -0.0625 0.3605 0.9306
vn -0.0724 0.2753 0.9586
vn -0.0088 0.5219 0.8530
vn -0.0629 0.3599 0.9309
vn 0.0087 0.6480 0.7615
vn 0.1079 0.5078 0.8547
vn 0.1067 0.2140 0.9710
vn 0.0419 0.3618 0.9313
vn 0.3639 0.4544 0.8131
vn 0.1740 -0.0654 0.9826
vn -0.0247 0.5017 0.8647
vn -0.1338 0.5029 0.8539
vn 0.0570 0.2094 0.9762
vn 0.0254 0.2021 0.9790
vn -0.0708 0.2046 0.9763
vn -0.0385 0.2013 0.9788
vn 0.2658 0.8174 0.5112
vn 0.2752 0.8612 0.4273
vn -0.1641 0.6211 0.7664
vn -0.1949 0.6084 0.7693
vn -0.1690 0.6778 0.7155
vn -0.2141 0.6726 0.7083
vn 0.3941 0.4873 0.7793
vn 0.2953 0.5140 0.8054
vn -0.4914 -0.7891 -0.3685
vn -0.4439 -0.8155 -0.3714
vn -0.4507 -0.8146 -0.3650
vn -0.5574 -0.7481 -0.3600
vn -0.6863 -0.6499 -0.3265
vn -0.6153 -0.7088 -0.3450
vn -0.3559 0.4978 0.7909
vn -0.3559 0.4977 0.7910
vn -0.4071 0.4867 0.7729
vn 0.4492 -0.8129 -0.3708
vn 0.4688 -0.8041 -0.3655
vn 0.5785 -0.7355 -0.3527
vn 0.4762 -0.8023 -0.3600
vn 0.6292 -0.7001 -0.3377
vn 0.5788 -0.7352 -0.3528
vn 0.6364 -0.6933 -0.3382
vn 0.7502 -0.5896 -0.2994
vn -0.2290 0.1214 0.9658
vn -0.2072 0.1328 0.9692
vn -0.2388 0.1438 0.9604
vn 0.2056 0.1403 0.9685
vn 0.2237 0.1484 0.9633
vn 0.2140 0.1352 0.9674
vn 0.2143 0.1251 0.9687
vn -0.5498 -0.7590 -0.3487
vn -0.4837 -0.7978 -0.3598
vn -0.5501 -0.7588 -0.3487
vn 0.6097 -0.7191 -0.3333
vn 0.5767 -0.7424 -0.3410
vn 0.5056 -0.7869 -0.3538
vn 0.5764 -0.7427 -0.3409
vn 0.2242 0.9173 0.3289
vn 0.2135 0.9367 0.2774
vn 0.1451 0.9663 0.2124
vn -0.1969 0.7306 0.6538
vn -0.1689 0.6781 0.7153
vn -0.2233 0.8873 0.4035
vn -0.0881 0.5905 0.8022
vn -0.2229 0.8872 0.4040
vn -0.1464 0.9311 0.3342
vn -0.1856 0.3556 0.9160
vn -0.0075 0.3501 0.9367
vn -0.0401 0.3316 0.9426
vn -0.1752 0.3887 0.9046
vn 0.0304 0.3045 0.9520
vn -0.0869 0.2870 0.9540
vn 0.0300 0.3043 0.9521
vn -0.0120 0.2891 0.9572
vn 0.0188 0.2725 0.9620
vn -0.0307 0.2676 0.9630
vn 0.0120 0.2680 0.9633
vn 0.0382 0.3571 0.9333
vn -0.0176 0.3486 0.9371
vn 0.1571 0.3919 0.9065
vn 0.0349 0.3168 0.9478
vn -0.0474 0.3029 0.9518
vn 0.0001 0.2823 0.9593
vn -0.0384 0.2717 0.9616
vn -0.0095 0.2678 0.9634
vn -0.0440 0.2651 0.9632
vn -0.1272 0.2640 0.9561
vn -0.7781 -0.0843 0.6225
vn 0.1199 0.7944 0.5954
vn -0.2532 0.8101 0.5288
vn -0.1956 0.8631 0.4657
vn -0.5265 0.2815 -0.8022
vn -0.5776 0.2584 -0.7744
vn -0.5087 0.2931 -0.8095
vn -0.5615 0.2579 -0.7863
vn 0.5292 0.2945 -0.7957
vn 0.5444 0.2969 -0.7845
vn -0.2770 0.1198 0.9534
vn -0.2782 0.1251 0.9523
vn -0.2768 0.1291 0.9522
vn 0.2630 0.1302 0.9560
vn 0.2614 0.1250 0.9571
vn 0.0990 -0.3207 -0.9420
vn 0.2027 -0.0730 -0.9765
vn 0.1684 -0.2089 -0.9633
vn 0.0431 -0.4379 -0.8980
vn -0.0457 -0.5274 -0.8484
vn 0.5356 0.0626 -0.8422
vn -0.1912 -0.2444 -0.9506
vn -0.1435 -0.2190 -0.9651
vn -0.1852 -0.0767 -0.9797
vn -0.0061 -0.4534 -0.8913
vn 0.0870 -0.5418 -0.8360
vn -0.1912 -0.2445 -0.9506
vn -0.5263 0.0498 -0.8488
vn -0.0440 0.1988 0.9790
vn -0.0686 0.1938 0.9786
vn 0.0296 0.2019 0.9790
vn 0.0502 0.1961 0.9793
vn -0.2546 0.1638 0.9531
vn -0.2589 0.1838 0.9483
vn -0.3064 0.1833 0.9341
vn -0.2503 0.1437 0.9574
vn -0.2388 0.1435 0.9604
vn 0.2716 0.1765 0.9461
vn 0.2427 0.1896 0.9514
vn -0.4324 0.2032 0.8785
vn -0.5161 0.1874 0.8358
vn 0.4148 0.2121 0.8849
vn 0.5014 0.1968 0.8425
vn -0.2268 0.2180 0.9492
vn -0.2899 0.2162 0.9323
vn -0.2368 0.2273 0.9446
vn -0.2099 0.2193 0.9528
vn -0.2071 0.2232 0.9525
vn -0.2023 0.2363 0.9504
vn 0.2230 0.2235 0.9488
vn 0.2722 0.2218 0.9363
vn 0.1914 0.2235 0.9557
vn 0.2922 0.2475 0.9238
vn 0.1740 0.2271 0.9582
vn 0.1813 0.2198 0.9585
vn 0.1783 0.2421 0.9537
vn -0.2106 0.2389 0.9479
vn -0.1862 0.2546 0.9489
vn 0.2023 0.6534 0.7295
vn 0.1813 0.6495 0.7384
vn -0.2317 0.6479 0.7256
vn -0.2119 0.6458 0.7335
vn 0.1842 0.2459 0.9516
vn 0.2265 0.2442 0.9429
vn 0.2133 0.2279 0.9500
vn 0.2969 0.2233 0.9284
vn 0.2266 0.2442 0.9429
vn -0.6174 -0.4538 -0.6426
vn -0.6921 -0.4029 -0.5990
vn -0.6211 -0.4492 -0.6423
vn -0.4620 -0.5299 -0.7111
vn 0.6348 0.2047 -0.7451
vn 0.5481 0.1857 -0.8156
vn -0.6245 0.1909 -0.7573
vn -0.5383 0.1734 -0.8247
vn 0.6369 -0.4392 -0.6336
vn 0.6408 -0.4341 -0.6332
vn 0.7449 -0.3559 -0.5643
vn 0.5308 -0.4972 -0.6864
vn 0.6369 -0.4393 -0.6335
vn 0.6330 -0.4443 -0.6339
vn -0.7254 -0.1225 0.6773
vn -0.6861 -0.1671 0.7081
vn -0.7604 -0.0952 0.6424
vn 0.6810 -0.1365 0.7194
vn 0.7186 -0.1050 0.6875
vn 0.7534 -0.0770 0.6531
vn 0.5820 -0.1716 0.7949
vn -0.2116 -0.4533 -0.8659
vn -0.2359 -0.4401 -0.8664
vn -0.3546 -0.4370 -0.8266
vn -0.1630 -0.4784 -0.8629
vn 0.3742 -0.4374 -0.8177
vn 0.2830 -0.4452 -0.8495
vn 0.2822 -0.4455 -0.8497
vn 0.2601 -0.4330 -0.8630
vn -0.7447 -0.2786 0.6064
vn -0.8302 -0.1276 0.5426
vn -0.8482 -0.0807 0.5235
vn -0.8037 0.0737 0.5904
vn -0.7032 0.1211 0.7006
vn 0.7448 -0.2618 0.6137
vn 0.8446 -0.0594 0.5320
vn 0.8290 -0.1058 0.5491
vn 0.7951 0.0938 0.5992
vn 0.6909 0.1359 0.7100
vn -0.3659 0.0739 -0.9277
vn -0.4440 0.0442 -0.8949
vn -0.4454 0.0991 -0.8898
vn -0.5380 0.1733 -0.8249
vn 0.4735 0.3173 -0.8216
vn 0.4395 0.3246 -0.8375
vn 0.4204 0.3296 -0.8453
vn -0.4324 0.3158 -0.8446
vn -0.4651 0.3110 -0.8288
vn -0.4112 0.3222 -0.8527
vn 0.2991 0.0388 -0.9534
vn 0.3776 0.0835 -0.9222
vn 0.4518 0.0554 -0.8904
vn 0.5477 0.1856 -0.8158
vn 0.3778 0.0838 -0.9221
vn -0.1946 -0.3920 -0.8991
vn -0.2591 -0.3569 -0.8975
vn -0.1948 -0.3917 -0.8992
vn -0.2372 -0.3594 -0.9025
vn 0.2053 -0.4021 -0.8923
vn 0.2771 -0.3519 -0.8941
vn 0.2568 -0.3547 -0.8990
vn 0.2593 -0.4332 -0.8632
vn 0.2050 -0.4024 -0.8922
vn 0.1318 -0.4493 -0.8836
vn -0.3192 0.2132 0.9234
vn 0.3179 0.5005 0.8052
vn 0.3143 0.5043 0.8043
vn 0.3106 0.5080 0.8034
vn -0.1825 0.1922 0.9642
vn -0.1363 0.1934 0.9716
vn -0.1371 0.1932 0.9715
vn -0.1946 0.1913 0.9621
vn 0.1661 0.1901 0.9676
vn 0.1154 0.1929 0.9744
vn 0.1780 0.1921 0.9651
vn 0.1112 0.1898 0.9755
vn -0.3587 0.1874 0.9144
vn -0.3641 0.1925 0.9113
vn -0.4195 0.1936 0.8869
vn -0.3587 0.1874 0.9145
vn -0.3533 0.1823 0.9176
vn 0.3670 0.1969 0.9092
vn 0.3454 0.1992 0.9171
vn 0.3409 0.1948 0.9197
vn -0.4015 0.4643 0.7894
vn -0.4337 0.4502 0.7805
vn -0.3321 0.4948 0.8031
vn -0.3361 0.4905 0.8040
vn -0.5334 0.3951 0.7479
vn -0.6682 -0.6714 -0.3205
vn -0.7491 -0.5910 -0.2994
vn -0.6635 -0.6760 -0.3205
vn -0.5504 -0.7586 -0.3486
vn 0.6957 -0.6490 -0.3080
vn 0.6867 -0.6583 -0.3083
vn 0.8290 -0.4957 -0.2590
vn 0.9631 -0.2213 -0.1529
vn -0.3937 -0.4455 -0.8041
vn -0.2496 -0.4849 -0.8382
vn -0.3929 -0.4458 -0.8043
vn -0.3550 -0.4370 -0.8265
vn 0.1224 0.5435 0.8304
vn 0.1930 0.5340 0.8232
vn 0.1857 0.5373 0.8227
vn 0.2946 0.5142 0.8055
vn 0.2003 0.5306 0.8236
vn -0.2233 0.5310 0.8174
vn -0.1658 0.5392 0.8257
vn -0.2176 0.5338 0.8171
vn -0.3555 0.4979 0.7910
vn 0.1550 0.5475 0.8223
vn 0.1976 0.5090 0.8378
vn 0.2300 0.3268 0.9167
vn 0.2113 0.3100 0.9270
vn 0.2669 0.0328 0.9632
vn 0.2848 0.1541 0.9461
vn -0.1241 0.5744 0.8091
vn -0.1341 0.5034 0.8536
vn -0.2227 0.5043 0.8343
vn -0.1053 0.6527 0.7503
vn -0.2319 0.3788 0.8960
vn -0.2273 0.5148 0.8266
vn -0.2228 0.5043 0.8343
vn -0.2321 0.3057 0.9234
vn -0.2808 0.0278 0.9594
vn -0.3010 0.1493 0.9419
vn -0.2597 0.2622 0.9294
vn -0.2748 0.2674 0.9236
vn -0.2865 0.2704 0.9191
vn -0.3521 0.2828 0.8922
vn -0.2725 0.2644 0.9251
vn -0.2831 0.2659 0.9215
vn 0.2534 0.2733 0.9280
vn 0.2573 0.2686 0.9283
vn 0.2929 0.2806 0.9140
vn 0.3281 0.2897 0.8991
vn 0.2305 0.2689 0.9352
vn 0.2556 0.2718 0.9278
vn 0.2298 0.2702 0.9350
vn -0.3975 0.1808 0.8996
vn -0.3506 0.1520 0.9241
vn -0.4247 0.1412 0.8943
vn -0.2157 0.1892 0.9580
vn 0.3456 0.1586 0.9249
vn 0.4056 0.1883 0.8944
vn 0.4091 0.1501 0.9001
vn 0.2477 0.1929 0.9494
vn -0.3500 0.2467 0.9037
vn -0.4170 0.2422 0.8760
vn -0.4313 0.2590 0.8642
vn -0.2903 0.2162 0.9322
vn 0.3962 0.2526 0.8827
vn 0.4387 0.2735 0.8560
vn -0.2578 0.5365 0.8036
vn -0.2842 0.5316 0.7979
vn -0.3029 0.5279 0.7934
vn -0.2754 0.5302 0.8019
vn 0.2179 0.5481 0.8075
vn 0.2595 0.5413 0.7998
vn 0.2515 0.5377 0.8047
vn 0.2972 0.5409 0.7868
vn -0.2812 -0.5945 -0.7533
vn -0.3048 -0.5869 -0.7501
vn -0.2773 -0.5968 -0.7529
vn -0.2334 -0.6086 -0.7584
vn -0.4366 -0.5482 -0.7133
vn -0.4370 -0.5482 -0.7131
vn -0.4742 -0.5346 -0.6995
vn -0.3487 -0.5769 -0.7387
vn -0.3714 -0.5799 -0.7252
vn -0.3830 -0.5796 -0.7193
vn -0.2492 -0.6119 -0.7507
vn -0.2774 -0.5969 -0.7529
vn 0.2684 -0.6049 -0.7498
vn 0.2671 -0.5976 -0.7560
vn 0.3298 -0.5794 -0.7453
vn 0.3803 -0.5688 -0.7293
vn 0.2680 -0.6051 -0.7497
vn 0.2730 -0.6062 -0.7470
vn 0.3946 -0.5752 -0.7165
vn 0.4967 -0.5232 -0.6925
vn 0.3789 -0.5661 -0.7321
vn 0.3734 -0.5684 -0.7332
vn 0.3844 -0.5637 -0.7311
vn 0.3299 -0.5794 -0.7453
vn 0.3789 -0.5660 -0.7322
vn -0.2210 0.1888 0.9568
vn -0.2334 0.1927 0.9531
vn 0.2029 0.1929 0.9600
vn 0.2117 0.1974 0.9572
vn 0.7816 0.2327 -0.5787
vn 0.8516 0.1715 -0.4954
vn 0.9291 0.0783 -0.3614
vn 0.7788 0.2295 -0.5838
vn 0.7648 0.2473 -0.5949
vn -0.4412 0.1920 0.8767
vn -0.4934 0.1964 0.8474
vn -0.5190 0.1984 0.8315
vn 0.4763 0.2081 0.8543
vn 0.5266 0.2122 0.8232
vn 0.4273 0.2040 0.8808
vn -0.3775 0.2783 0.8832
vn -0.3787 0.2805 0.8820
vn -0.4192 0.2878 0.8611
vn 0.3303 0.2826 0.9006
vn 0.3627 0.2874 0.8865
vn 0.4039 0.2962 0.8655
vn -0.2925 -0.3292 -0.8978
vn -0.3368 -0.3111 -0.8887
vn -0.2926 -0.3292 -0.8978
vn 0.2992 -0.3302 -0.8952
vn 0.3608 -0.3015 -0.8825
vn 0.3583 -0.2991 -0.8844
vn 0.2567 -0.3547 -0.8991
vn 0.2362 -0.3573 -0.9036
vn 0.2574 0.5391 0.8019
vn 0.2663 0.5334 0.8028
vn 0.2752 0.5277 0.8036
vn 0.2984 0.3442 -0.8902
vn 0.3790 0.3338 -0.8631
vn 0.2987 0.3443 -0.8901
vn -0.2930 0.3363 -0.8950
vn -0.3802 0.3215 -0.8672
vn -0.2614 0.3376 -0.9043
vn -0.2934 0.3361 -0.8949
vn 0.2200 0.0301 -0.9750
vn 0.0072 0.0318 -0.9995
vn -0.0826 0.0207 -0.9964
vn -0.0235 0.0199 -0.9995
vn -0.2037 0.0242 -0.9787
vn -0.3652 0.0737 -0.9280
vn 0.5368 -0.3954 -0.7453
vn 0.4198 -0.4353 -0.7964
vn 0.2745 -0.4793 -0.8336
vn 0.5559 -0.3800 -0.7393
vn 0.3750 -0.4372 -0.8175
vn 0.4205 -0.4350 -0.7962
vn 0.5376 -0.3951 -0.7449
vn 0.7565 -0.2769 -0.5925
vn -0.2864 0.1916 0.9388
vn -0.3281 0.1982 0.9236
vn 0.2631 0.1958 0.9447
vn 0.3037 0.1992 0.9317
vn -0.8343 0.1645 -0.5262
vn -0.8759 0.1217 -0.4670
vn -0.9517 0.0084 -0.3068
vn -0.7764 0.2099 -0.5942
vn -0.8490 0.1503 -0.5066
vn -0.9257 0.0556 -0.3741
vn 0.7933 0.1925 -0.5775
vn 0.7933 0.1925 -0.5776
vn 0.7398 0.1109 -0.6636
vn -0.3368 0.5092 0.7920
vn -0.3636 0.4977 0.7875
vn -0.4285 0.4717 0.7707
vn -0.4891 0.3247 0.8095
vn -0.4631 0.3087 0.8308
vn 0.4513 0.3168 0.8342
vn 0.4754 0.3336 0.8141
vn -0.9392 -0.1976 -0.2807
vn -0.9548 -0.1403 -0.2619
vn -0.9659 -0.0944 -0.2410
vn -0.9432 -0.1771 -0.2810
vn 0.9468 -0.1779 -0.2682
vn 0.9710 -0.0720 -0.2279
vn 0.9507 -0.1548 -0.2685
vn -0.5064 0.3633 0.7821
vn -0.5076 0.3584 0.7835
vn -0.5004 0.3884 0.7738
vn -0.5004 0.3936 0.7712
vn 0.4917 0.3713 0.7876
vn 0.4921 0.3680 0.7889
vn 0.4856 0.3945 0.7801
vn 0.4856 0.3994 0.7776
vn 0.3561 0.2925 0.8875
vn 0.3629 0.2961 0.8835
vn -0.6613 -0.0773 -0.7461
vn -0.6616 -0.0774 -0.7458
vn -0.7121 -0.0820 -0.6973
vn -0.6081 -0.0723 -0.7906
vn -0.6064 -0.0716 -0.7920
vn -0.6003 -0.0706 -0.7967
vn -0.6332 -0.0725 -0.7706
vn -0.6080 -0.0723 -0.7906
vn -0.6125 -0.0726 -0.7872
vn 0.6601 -0.0599 -0.7487
vn 0.6909 -0.0622 -0.7203
vn 0.7254 -0.0646 -0.6853
vn 0.6215 -0.0573 -0.7813
vn 0.6390 -0.0570 -0.7671
vn 0.6136 -0.0557 -0.7876
vn 0.6457 -0.0568 -0.7615
vn -0.5958 -0.4876 -0.6382
vn 0.2973 -0.6955 -0.6541
vn -0.2202 -0.7055 -0.6736
vn 0.6057 -0.4798 -0.6348
vn 0.3954 -0.5749 -0.7163
vn 0.6056 -0.4798 -0.6348
vn -0.4716 0.4740 0.7436
vn -0.3539 0.5351 0.7671
vn -0.4719 0.4737 0.7435
vn -0.5829 0.4245 0.6928
vn 0.4538 0.4861 0.7468
vn 0.5648 0.4353 0.7010
vn -0.3804 -0.2989 -0.8752
vn -0.4081 -0.2915 -0.8652
vn -0.3375 -0.3073 -0.8898
vn 0.3421 -0.3046 -0.8889
vn 0.3571 -0.2979 -0.8853
vn 0.4027 -0.2908 -0.8679
vn -0.3351 0.2452 0.9097
vn -0.3097 0.2350 0.9213
vn -0.3149 0.2408 0.9181
vn -0.4205 0.2440 0.8739
vn 0.4030 0.2579 0.8781
vn 0.2957 0.2484 0.9224
vn 0.3639 0.2613 0.8940
vn 0.2891 0.2432 0.9259
vn -0.4148 0.2935 0.8613
vn -0.4334 0.2986 0.8503
vn -0.4824 0.3106 0.8190
vn -0.3521 0.2829 0.8922
vn -0.3772 0.2828 0.8819
vn -0.7267 -0.2950 -0.6204
vn 0.5247 0.4049 0.7488
vn -0.3139 0.1826 0.9317
vn -0.2370 0.1793 0.9548
vn -0.2494 0.1969 0.9482
vn -0.2495 0.1969 0.9482
vn 0.2293 0.2037 0.9518
vn 0.2938 0.1909 0.9366
vn 0.2293 0.2036 0.9518
vn -0.3604 0.3856 0.8494
vn -0.1982 0.4184 0.8864
vn 0.2796 0.3874 0.8785
vn 0.1575 0.3919 0.9064
vn 0.4339 0.3840 0.8150
vn 0.4035 0.3451 0.8474
vn -0.2187 -0.1811 -0.9588
vn -0.2189 -0.1809 -0.9588
vn -0.2729 -0.1410 -0.9516
vn -0.4124 -0.2004 -0.8887
vn -0.4131 -0.2004 -0.8883
vn -0.4211 -0.2009 -0.8845
vn -0.4473 -0.1935 -0.8732
vn -0.4077 -0.2045 -0.8899
vn -0.4152 -0.2001 -0.8874
vn 0.1188 -0.2767 -0.9536
vn 0.1023 -0.3115 -0.9447
vn 0.1189 -0.2768 -0.9536
vn 0.0965 -0.2898 -0.9522
vn -0.0737 -0.3183 -0.9451
vn -0.0764 -0.3303 -0.9408
vn -0.0736 -0.3182 -0.9451
vn -0.1061 -0.2719 -0.9564
vn 0.2969 -0.1681 -0.9400
vn 0.3188 -0.1548 -0.9351
vn 0.3135 -0.1790 -0.9325
vn 0.3595 -0.1895 -0.9137
vn 0.4771 -0.1879 -0.8585
vn 0.5604 -0.1882 -0.8066
vn 0.4775 -0.1879 -0.8583
vn 0.4320 -0.1943 -0.8807
vn 0.7216 -0.1003 -0.6850
vn -0.1178 0.1512 0.9815
vn -0.1606 0.1405 0.9770
vn -0.0972 0.1392 0.9855
vn 0.1433 0.1423 0.9794
vn 0.1418 0.1609 0.9767
vn 0.1010 0.1529 0.9831
vn 0.0501 -0.5790 -0.8138
vn 0.1668 -0.5720 -0.8031
vn 0.0930 -0.5761 -0.8120
vn 0.0955 -0.5763 -0.8117
vn 0.2869 -0.5488 -0.7852
vn 0.1669 -0.5720 -0.8031
vn 0.2387 -0.5648 -0.7900
vn 0.2989 -0.5883 -0.7513
vn 0.4637 -0.5153 -0.7207
vn 0.2993 -0.5882 -0.7513
vn 0.3532 -0.5896 -0.7264
vn 0.3296 -0.6482 -0.6865
vn -0.0770 -0.5774 -0.8128
vn -0.1417 -0.5721 -0.8078
vn 0.0185 -0.5819 -0.8130
vn -0.1744 -0.5685 -0.8040
vn -0.2948 -0.5583 -0.7755
vn -0.2951 -0.5583 -0.7753
vn -0.3075 -0.5602 -0.7692
vn -0.1746 -0.5821 -0.7942
vn -0.3495 -0.6058 -0.7147
vn -0.3492 -0.6060 -0.7147
vn -0.3041 -0.6423 -0.7036
vn -0.2086 -0.6568 -0.7246
vn -0.0125 0.1170 0.9930
vn -0.0254 0.1072 0.9939
vn -0.0020 0.1069 0.9943
vn -0.0125 0.1171 0.9930
vn -0.0020 0.1159 0.9933
vn -0.0126 0.1058 0.9943
vn 0.0153 0.1215 0.9925
vn -0.6567 0.2280 0.7188
vn -0.6200 0.2144 0.7547
vn -0.5806 0.1966 0.7901
vn 0.6063 0.2304 0.7611
vn 0.6415 0.2459 0.7267
vn -0.5083 -0.2752 -0.8161
vn -0.5079 -0.2754 -0.8162
vn -0.5301 -0.2725 -0.8030
vn -0.3370 -0.3191 -0.8858
vn 0.1128 -0.2456 -0.9628
vn 0.1070 -0.2252 -0.9684
vn 0.1218 -0.2437 -0.9622
vn -0.0983 -0.2445 -0.9646
vn -0.0934 -0.2356 -0.9674
vn -0.0886 -0.2463 -0.9651
vn -0.1032 -0.2437 -0.9644
vn 0.4874 -0.2661 -0.8316
vn 0.4026 -0.2909 -0.8679
vn 0.4180 -0.2906 -0.8607
vn 0.3460 -0.3132 -0.8844
vn 0.0495 -0.1735 -0.9836
vn 0.0684 -0.1989 -0.9776
vn 0.0684 -0.1988 -0.9776
vn 0.0940 -0.2013 -0.9750
vn -0.0296 -0.1926 -0.9808
vn -0.0586 -0.1973 -0.9786
vn -0.0449 -0.1863 -0.9815
vn -0.0731 -0.1995 -0.9772
vn -0.0082 0.5567 0.8307
vn 0.0322 0.5523 0.8331
vn 0.0057 0.5567 0.8307
vn 0.0322 0.5522 0.8331
vn 0.0586 0.5475 0.8348
vn -0.0335 0.5530 0.8325
vn -0.0255 0.5541 0.8321
vn -0.0179 0.5558 0.8311
vn -0.1654 0.5394 0.8257
vn 0.1191 -0.2371 -0.9642
vn 0.1234 -0.2409 -0.9627
vn 0.1375 -0.2335 -0.9626
vn -0.1070 -0.2341 -0.9663
vn -0.1085 -0.2351 -0.9659
vn -0.1085 -0.2360 -0.9657
vn -0.7950 -0.0100 0.6066
vn -0.7947 -0.0097 0.6069
vn -0.7737 0.0803 0.6285
vn -0.7505 0.1214 0.6496
vn 0.7858 0.0090 0.6184
vn 0.7855 0.0091 0.6188
vn 0.7621 0.0978 0.6400
vn 0.7386 0.1386 0.6598
vn 0.0488 -0.1544 -0.9868
vn 0.0475 -0.1534 -0.9870
vn 0.0461 -0.1254 -0.9910
vn 0.0500 -0.1555 -0.9866
vn -0.0298 -0.1543 -0.9876
vn -0.0288 -0.1361 -0.9903
vn -0.0279 -0.1527 -0.9879
vn 0.0235 0.0940 0.9953
vn 0.0459 0.0877 0.9951
vn 0.0312 0.0785 0.9964
vn -0.0392 0.0914 0.9950
vn -0.0392 0.0913 0.9951
vn -0.0404 0.0846 0.9956
vn -0.0626 0.0841 0.9945
vn 0.0962 0.0839 -0.9918
vn 0.1069 0.1023 -0.9890
vn 0.0859 0.0705 -0.9938
vn 0.0758 0.0731 -0.9944
vn -0.0800 0.0855 -0.9931
vn -0.0801 0.0855 -0.9931
vn -0.0947 0.0864 -0.9917
vn -0.0634 0.0530 -0.9966
vn -0.5991 0.2201 0.7698
vn -0.6605 0.1980 0.7242
vn -0.5144 0.2642 0.8158
vn 0.5827 0.2355 0.7779
vn 0.6459 0.2134 0.7330
vn 0.1279 -0.2291 -0.9650
vn 0.1424 -0.2279 -0.9632
vn 0.1571 -0.2273 -0.9611
vn 0.1189 -0.2767 -0.9536
vn 0.1573 -0.2281 -0.9609
vn -0.1299 -0.2345 -0.9634
vn -0.1401 -0.2322 -0.9625
vn -0.1411 -0.2370 -0.9612
vn -0.1061 -0.2719 -0.9565
vn 0.0464 -0.0993 -0.9940
vn 0.0483 -0.1013 -0.9937
vn 0.0474 -0.0739 -0.9961
vn 0.0464 -0.0992 -0.9940
vn 0.0445 -0.0974 -0.9943
vn 0.0873 -0.1895 -0.9780
vn 0.1070 -0.2251 -0.9684
vn 0.0940 -0.2012 -0.9750
vn 0.1068 -0.2082 -0.9722
vn -0.0295 -0.0831 -0.9961
vn -0.0309 -0.0747 -0.9967
vn -0.0288 -0.1021 -0.9944
vn -0.0810 -0.1969 -0.9771
vn -0.0891 -0.2050 -0.9747
vn 0.1111 0.0867 -0.9900
vn 0.1122 0.0808 -0.9904
vn 0.1166 0.0971 -0.9884
vn -0.0997 0.0841 -0.9915
vn -0.1057 0.0949 -0.9899
vn -0.1044 0.0806 -0.9913
vn -0.0948 0.0864 -0.9917
vn -0.0937 0.0733 -0.9929
vn -0.4206 0.2440 0.8738
vn -0.4668 0.2389 0.8515
vn -0.4763 0.2670 0.8378
vn -0.4568 0.2105 0.8643
vn 0.0575 -0.0579 -0.9967
vn 0.0683 -0.0692 -0.9953
vn 0.0693 -0.0406 -0.9968
vn 0.0466 -0.0465 -0.9978
vn -0.0470 -0.0428 -0.9980
vn -0.0536 -0.0697 -0.9961
vn -0.0551 -0.0417 -0.9976
vn 0.4854 0.2868 0.8259
vn 0.5005 0.2920 0.8150
vn 0.5543 0.3449 0.7575
vn 0.0732 0.0024 -0.9973
vn 0.0744 -0.0167 -0.9971
vn 0.0747 0.0097 -0.9972
vn 0.0702 -0.0120 -0.9975
vn 0.0748 0.0360 -0.9965
vn 0.1572 0.0663 -0.9853
vn 0.1842 0.1192 -0.9756
vn 0.1494 0.0942 -0.9843
vn 0.1123 0.0808 -0.9904
vn -0.0607 0.0091 -0.9981
vn -0.0610 -0.0189 -0.9980
vn -0.0625 0.0345 -0.9974
vn -0.0634 0.0529 -0.9966
vn -0.0624 0.0344 -0.9975
vn -0.1663 0.0604 -0.9842
vn -0.1385 0.0906 -0.9862
vn -0.1737 0.1146 -0.9781
vn -0.1385 0.0905 -0.9862
vn -0.1030 0.0663 -0.9925
vn -0.8108 -0.1897 -0.5537
vn -0.3998 -0.1603 -0.9025
vn -0.2730 -0.1410 -0.9516
vn -0.3081 -0.1305 -0.9423
vn -0.3688 -0.0842 -0.9257
vn -0.7958 -0.0961 -0.5979
vn -0.8683 -0.1087 -0.4840
vn -0.7087 -0.0818 -0.7008
vn -0.7953 -0.0960 -0.5986
vn 0.8433 -0.1626 -0.5122
vn 0.4315 -0.1159 -0.8946
vn 0.4312 -0.1159 -0.8948
vn 0.2275 -0.0945 -0.9692
vn 0.8311 -0.0806 -0.5503
vn 0.8777 -0.0877 -0.4712
vn 0.8316 -0.0806 -0.5496
vn 0.8779 -0.0878 -0.4708
vn -0.5295 0.1601 0.8331
vn -0.4491 0.1752 0.8761
vn 0.4224 0.1791 0.8885
vn 0.5012 0.1661 0.8493
vn -0.5751 0.3164 0.7544
vn 0.1356 -0.1681 -0.9764
vn -0.1302 -0.1156 -0.9847
vn 0.4481 0.4737 0.7582
vn -0.8212 -0.2879 -0.4927
vn -0.8609 -0.2254 -0.4561
vn -0.8942 -0.1704 -0.4139
vn -0.6926 -0.4023 -0.5987
vn 0.8323 -0.2722 -0.4829
vn 0.8310 -0.2754 -0.4832
vn 0.9037 -0.1487 -0.4015
vn 0.7454 -0.3554 -0.5639
vn 0.8335 -0.2690 -0.4826
vn -0.9331 0.1106 -0.3422
vn -0.9710 -0.0611 -0.2311
vn -0.9438 0.1825 -0.2756
vn 0.5091 0.3475 0.7875
vn 0.5194 0.3542 0.7777
vn 0.4775 0.3265 0.8157
vn 0.9429 0.2054 -0.2622
vn 0.9753 -0.0381 -0.2176
vn 0.0032 0.0649 0.9979
vn 0.0160 0.0591 0.9981
vn -0.0179 0.0554 0.9983
vn -0.0213 0.0538 0.9983
vn -0.0190 0.0644 0.9977
vn -0.0555 0.0590 0.9967
vn -0.0191 0.0644 0.9977
vn -0.0012 0.0565 0.9984
vn -0.0047 0.0590 0.9982
vn 0.0056 0.0537 0.9985
vn -0.2358 -0.5852 -0.7758
vn -0.1259 -0.5896 -0.7978
vn -0.1167 -0.5828 -0.8042
vn -0.2411 -0.5913 -0.7696
vn -0.0224 -0.5834 -0.8119
vn -0.0386 -0.5813 -0.8128
vn -0.0225 -0.5834 -0.8119
vn 0.0497 -0.5792 -0.8137
vn 0.2046 -0.5854 -0.7845
vn 0.2046 -0.5855 -0.7845
vn 0.2679 -0.5944 -0.7582
vn 0.1466 -0.5800 -0.8013
vn 0.0190 -0.5818 -0.8131
vn 0.0873 -0.5787 -0.8109
vn 0.1458 -0.5801 -0.8014
vn 0.0457 -0.5852 -0.8096
vn -0.2385 -0.0186 -0.9710
vn -0.2067 0.0336 -0.9778
vn -0.2544 0.0612 -0.9652
vn -0.1584 0.0061 -0.9874
vn -0.0003 0.0540 0.9985
vn 0.0110 0.0541 0.9985
vn 0.0126 0.0561 0.9983
vn -0.0067 0.0529 0.9986
vn -0.0148 0.0529 0.9985
vn -0.0263 0.0531 0.9982
vn -0.0077 0.0513 0.9987
vn -0.0290 0.0560 0.9980
vn 0.2253 -0.0062 -0.9743
vn 0.2661 0.0675 -0.9616
vn 0.2194 0.0391 -0.9748
vn -0.0213 0.0539 0.9983
vn -0.0224 0.0539 0.9983
vn 0.0062 0.0543 0.9985
vn 0.7925 -0.1201 -0.5979
vn -0.8096 -0.1208 -0.5744
vn -0.8700 -0.4299 -0.2413
vn -0.9053 -0.3509 -0.2394
vn -0.9316 -0.2779 -0.2343
vn -0.7496 -0.5904 -0.2993
vn 0.8850 -0.4050 -0.2295
vn 0.8294 -0.4951 -0.2587
vn 0.9415 -0.2543 -0.2210
vn 0.8922 -0.3873 -0.2323
vn 0.7505 -0.5892 -0.2994
vn 0.7976 -0.5357 -0.2773
vn 0.8274 -0.4918 -0.2711
vn 0.7654 -0.5782 -0.2826
vn -0.7898 0.1740 -0.5882
vn -0.8326 0.2515 -0.4934
vn -0.7337 0.0936 -0.6730
vn -0.8555 -0.5023 -0.1258
vn -0.6650 -0.0743 -0.7431
vn 0.6767 -0.0578 -0.7340
vn 0.8693 -0.4810 -0.1143
vn 0.8692 -0.4811 -0.1144
vn 0.8335 0.2710 -0.4815
vn 0.8781 -0.0878 -0.4704
vn -0.6900 -0.6811 -0.2450
vn -0.7258 -0.6449 -0.2395
vn -0.6479 -0.7210 -0.2459
vn -0.7103 -0.6602 -0.2442
vn 0.6688 -0.7031 -0.2415
vn 0.7476 -0.6235 -0.2288
vn 0.7762 -0.5910 -0.2197
vn -0.8827 -0.1154 -0.4556
vn -0.8922 -0.1253 -0.4339
vn -0.8726 -0.1054 -0.4769
vn -0.6181 -0.1108 -0.7783
vn -0.3695 -0.0841 -0.9254
vn -0.2555 -0.0371 -0.9661
vn -0.3688 -0.0839 -0.9257
vn 0.4626 -0.0654 -0.8842
vn 0.2744 -0.0319 -0.9611
vn 0.4618 -0.0652 -0.8846
vn 0.4319 -0.1159 -0.8944
vn 0.9475 -0.1020 -0.3032
vn 0.9894 0.0533 -0.1354
vn 0.9649 0.2569 -0.0542
vn 0.4180 -0.6146 -0.6690
vn 0.3299 -0.6480 -0.6864
vn 0.3757 -0.6429 -0.6675
vn 0.3324 -0.6695 -0.6643
vn -0.3532 -0.6492 -0.6736
vn -0.3085 -0.6753 -0.6699
vn -0.5915 -0.4815 -0.6467
vn -0.7835 -0.5425 -0.3028
vn -0.7835 -0.5425 -0.3029
vn 0.9019 -0.1029 -0.4196
vn -0.8446 -0.0466 0.5334
vn -0.8296 -0.3107 -0.4639
vn 0.8392 -0.2918 -0.4589
vn -0.5551 0.3549 0.7523
vn -0.5568 0.3640 0.7467
vn -0.5533 0.3458 0.7578
vn 0.5396 0.3675 0.7574
vn 0.5396 0.3673 0.7576
vn 0.1625 -0.7221 -0.6725
vn 0.1612 -0.7368 -0.6567
vn 0.2222 -0.6935 -0.6854
vn 0.3065 -0.6482 -0.6971
vn -0.1306 -0.7257 -0.6755
vn -0.1721 -0.7122 -0.6805
vn -0.1338 -0.7388 -0.6605
vn -0.2750 -0.6567 -0.7022
vn 0.8850 -0.2188 -0.4109
vn -0.8803 -0.2383 -0.4102
vn 0.9102 -0.0117 -0.4140
vn 0.9104 -0.0118 -0.4136
vn 0.8036 0.0934 -0.5878
vn 0.9931 -0.0893 0.0759
vn -0.9600 -0.0934 0.2641
vn -0.9357 -0.0241 -0.3521
vn -0.9916 -0.1135 0.0617
vn -0.9354 -0.0237 -0.3528
vn -0.7973 0.0738 -0.5991
vn 0.0780 0.2804 -0.9567
vn -0.1672 0.1719 -0.9708
vn -0.0453 0.2384 -0.9701
vn 0.1309 0.2831 -0.9501
vn 0.2004 0.3177 -0.9268
vn 0.2980 0.3444 -0.8903
vn -0.0720 0.2778 -0.9579
vn 0.1009 0.2235 -0.9695
vn 0.1760 0.1758 -0.9686
vn 0.0029 0.2820 -0.9594
vn -0.0728 0.2780 -0.9578
vn -0.2509 0.2738 -0.9285
vn -0.0726 0.2782 -0.9578
vn -0.5300 0.2422 0.8126
vn -0.6886 0.3009 0.6598
vn -0.6913 0.3046 0.6552
vn 0.6715 0.3158 0.6704
vn 0.6728 0.3180 0.6680
vn -0.3408 -0.5879 -0.7336
vn -0.3409 -0.5879 -0.7336
vn -0.3435 -0.5950 -0.7266
vn -0.2386 -0.6172 -0.7497
vn 0.3655 -0.5648 -0.7398
vn 0.2683 -0.5942 -0.7582
vn 0.3196 -0.5882 -0.7429
vn 0.3631 -0.5884 -0.7224
vn -0.6138 0.3129 0.7248
vn -0.6138 0.3130 0.7248
vn -0.6196 0.2836 0.7319
vn -0.6073 0.3421 0.7171
vn 0.6091 0.3530 0.7101
vn 0.6091 0.3531 0.7101
vn -0.9980 0.0538 -0.0322
vn -0.9712 -0.0612 -0.2304
vn 0.9963 -0.0747 -0.0414
vn 0.9754 -0.0387 -0.2171
vn 0.9968 0.0780 -0.0181
vn 0.8363 0.0147 0.5481
vn 0.8363 -0.0241 0.5477
vn 0.8350 0.0534 0.5477
vn 0.5567 0.2741 0.7841
vn 0.5568 0.2741 0.7841
vn 0.5249 0.2494 0.8138
vn 0.5873 0.2982 0.7524
vn -0.8350 -0.4818 -0.2659
vn -0.8354 -0.4812 -0.2657
vn -0.9017 -0.3620 -0.2363
vn -0.7812 -0.5550 -0.2859
vn -0.8086 -0.5169 -0.2810
vn -0.6869 -0.6493 -0.3264
vn 0.5279 0.3040 -0.7930
vn 0.5760 0.2897 -0.7644
vn 0.4946 0.3139 -0.8104
vn 0.5244 0.3071 -0.7941
vn 0.6881 0.2575 -0.6784
vn 0.6726 0.2700 -0.6890
vn -0.9527 -0.0081 -0.3037
vn -0.9654 -0.0595 -0.2538
vn -0.9669 -0.0642 -0.2469
vn -0.9595 -0.2033 -0.1949
vn -0.9536 -0.2336 -0.1898
vn -0.9685 -0.1416 -0.2050
vn 0.9719 -0.0566 -0.2283
vn 0.9568 0.0154 -0.2904
vn 0.9716 -0.0415 -0.2329
vn 0.9665 -0.1805 -0.1823
vn 0.9563 -0.2335 -0.1758
vn 0.2477 -0.1027 -0.9634
vn 0.2672 -0.0513 -0.9623
vn 0.2515 -0.0739 -0.9650
vn -0.2379 -0.1135 -0.9646
vn -0.2375 -0.0766 -0.9684
vn -0.2540 -0.0543 -0.9657
vn -0.2384 -0.0190 -0.9710
vn -0.2209 -0.0988 -0.9703
vn -0.2420 0.5871 0.7725
vn -0.1059 0.5838 0.8050
vn -0.1845 0.5752 0.7969
vn -0.1087 0.6161 0.7802
vn -0.1075 0.5827 0.8056
vn -0.0226 0.5566 0.8305
vn 0.1209 0.6009 0.7902
vn 0.1069 0.5959 0.7959
vn 0.2407 0.6017 0.7616
vn 0.1202 0.5831 0.8034
vn 0.0348 0.5715 0.8199
vn -0.0096 0.5560 0.8311
vn 0.0348 0.5714 0.8199
vn -0.0255 0.5540 0.8321
vn 0.9563 0.0061 -0.2923
vn 0.9564 0.0327 -0.2903
vn -0.4354 -0.5754 -0.6924
vn -0.3437 -0.6067 -0.7168
vn -0.4351 -0.5756 -0.6924
vn 0.4117 -0.5786 -0.7040
vn 0.3717 -0.5952 -0.7125
vn 0.4574 -0.5667 -0.6853
vn 0.3638 -0.5882 -0.7223
vn 0.4510 -0.5610 -0.6942
vn -0.5598 0.3398 0.7557
vn -0.6802 0.2908 0.6729
vn -0.5474 0.3577 0.7566
vn -0.6334 0.2845 0.7196
vn 0.5633 0.3513 0.7478
vn 0.4347 0.3838 0.8147
vn 0.6724 0.3094 0.6724
vn 0.6209 0.3183 0.7164
vn -0.5211 0.2941 -0.8013
vn -0.5945 0.2914 -0.7494
vn -0.8646 0.1301 -0.4853
vn 0.7504 0.2223 -0.6225
vn 0.4344 0.4276 -0.7928
vn 0.6938 0.3669 -0.6197
vn 0.5801 0.3308 -0.7444
vn -0.9671 0.2257 -0.1174
vn -0.6651 -0.4213 -0.6165
vn -0.9461 -0.1711 -0.2749
vn 0.9126 -0.0130 -0.4087
vn 0.9752 -0.0385 -0.2178
vn 0.9058 -0.2399 -0.3492
vn 0.9177 0.0599 -0.3927
vn -0.8875 -0.0852 -0.4530
vn -0.8947 -0.2618 -0.3618
vn 0.9927 -0.1203 -0.0071
vn -0.9576 -0.0839 -0.2756
vn -0.9593 -0.1486 -0.2400
vn -0.9507 -0.0189 -0.3096
vn -0.8815 -0.4273 -0.2008
vn -0.9065 -0.3775 -0.1890
vn -0.8475 -0.4882 -0.2085
vn -0.7263 -0.6443 -0.2394
vn 0.9176 -0.3555 -0.1779
vn 0.8598 -0.4707 -0.1980
vn 0.8551 -0.4789 -0.1983
vn 0.8643 -0.4625 -0.1977
vn 0.7767 -0.5903 -0.2196
vn -0.8439 0.0333 0.5355
vn -0.4786 -0.5673 -0.6701
vn -0.4788 -0.5685 -0.6690
vn -0.4422 -0.5849 -0.6799
vn -0.4357 -0.5754 -0.6921
vn 0.4997 -0.5551 -0.6650
vn 0.4591 -0.5758 -0.6765
vn 0.4833 -0.5661 -0.6678
vn 0.4578 -0.5667 -0.6851
vn 0.4997 -0.5551 -0.6649
vn 0.5392 -0.5331 -0.6519
vn -0.8126 -0.5406 -0.2178
vn -0.7603 -0.6088 -0.2267
vn -0.8124 -0.5409 -0.2178
vn -0.7603 -0.6088 -0.2266
vn 0.7260 -0.2031 -0.6571
vn 0.7479 -0.6231 -0.2288
vn 0.7839 -0.5811 -0.2188
vn 0.7850 -0.5794 -0.2193
vn 0.8635 -0.4658 -0.1933
vn -0.4854 -0.1662 -0.8583
vn -0.5920 -0.5105 -0.6237
vn -0.8030 -0.3340 -0.4936
vn -0.9503 -0.3085 -0.0420
vn -0.9543 -0.1051 -0.2797
vn -0.7346 -0.4089 -0.5414
vn -0.5132 -0.5495 -0.6593
vn -0.5119 -0.5498 -0.6601
vn -0.5121 -0.5491 -0.6605
vn -0.7249 -0.4124 -0.5518
vn -0.4943 -0.5607 -0.6643
vn -0.4790 -0.5708 -0.6669
vn 0.9875 -0.0672 -0.1429
vn 0.9680 -0.1743 0.1807
vn 0.9823 0.0200 -0.1861
vn -0.9811 -0.1289 -0.1440
vn -0.9659 -0.1978 0.1671
vn 0.9579 -0.2855 -0.0285
vn 0.8379 -0.2997 -0.4561
vn 0.9473 -0.1021 -0.3036
vn 0.5609 -0.5244 -0.6406
vn 0.5499 -0.2758 -0.7884
vn 0.8167 -0.3154 -0.4833
vn 0.5345 -0.5381 -0.6517
vn 0.5353 -0.5373 -0.6518
vn 0.5248 -0.5439 -0.6548
vn 0.5308 -0.5390 -0.6540
vn 0.5248 -0.5439 -0.6549
vn 0.5072 -0.5559 -0.6585
vn 0.4834 -0.5661 -0.6678
vn -0.6056 0.2686 -0.7491
vn -0.4275 0.3168 -0.8467
vn -0.4306 0.3152 -0.8457
vn -0.4244 0.3184 -0.8476
vn -0.5204 0.2943 -0.8016
vn -0.6992 0.2278 -0.6776
vn -0.6062 0.2684 -0.7486
vn -0.6844 0.2406 -0.6883
vn -0.8223 0.1571 -0.5469
vn -0.9305 0.0508 -0.3626
vn -0.8228 0.1567 -0.5463
vn -0.9066 -0.3774 -0.1890
vn -0.9365 -0.2996 -0.1823
vn 0.9177 -0.3551 -0.1779
vn 0.9450 -0.2790 -0.1708
vn 0.6819 -0.4031 -0.6103
vn 0.9656 -0.1532 -0.2100
vn -0.9988 -0.0244 -0.0428
vn -0.9926 -0.0568 -0.1076
vn -0.9984 -0.0238 -0.0512
vn 0.2381 -0.1617 -0.9577
vn 0.2255 -0.1962 -0.9543
vn 0.2368 -0.1632 -0.9577
vn 0.2477 -0.1028 -0.9634
vn -0.2197 -0.1738 -0.9600
vn -0.2183 -0.1753 -0.9600
vn -0.2002 -0.2223 -0.9542
vn -0.2209 -0.1722 -0.9600
vn 0.9996 -0.0001 -0.0286
vn 0.9936 -0.0285 -0.1090
vn 0.9998 -0.0007 -0.0204
vn 0.9993 0.0005 -0.0370
vn -0.9880 -0.0732 -0.1358
vn 0.8860 -0.3309 0.3249
vn 0.8939 -0.3093 0.3244
vn 0.9137 -0.2508 0.3198
vn 0.8698 -0.3702 0.3261
vn -0.8820 -0.3521 0.3133
vn -0.8651 -0.3955 0.3087
vn -0.8894 -0.3278 0.3185
vn -0.9115 -0.2737 0.3071
vn -0.0044 -0.1859 0.9826
vn 0.0844 -0.2052 0.9751
vn -0.0029 -0.3117 0.9502
vn 0.0719 -0.2956 0.9526
vn -0.0068 -0.0100 0.9999
vn 0.1063 0.0726 0.9917
vn -0.0775 -0.2976 0.9516
vn -0.0927 -0.2074 0.9739
vn -0.1217 0.0701 0.9901
vn -0.9613 -0.0947 -0.2586
vn -0.9614 -0.0945 -0.2585
vn -0.9594 -0.0814 -0.2700
vn -0.9848 -0.0406 -0.1690
vn 0.9936 -0.0285 -0.1091
vn 0.9804 -0.0567 -0.1887
vn 0.9703 -0.0969 -0.2218
vn 0.9583 -0.0597 -0.2793
vn -0.8995 -0.1235 -0.4192
vn -0.8994 -0.1235 -0.4192
vn -0.8869 -0.1245 -0.4448
vn -0.9373 -0.0860 -0.3377
vn 0.9298 -0.0986 -0.3547
vn 0.9582 -0.0598 -0.2797
vn 0.9369 -0.0811 -0.3399
vn 0.8790 -0.1120 -0.4635
vn 0.9574 -0.1892 -0.2182
vn 0.9439 -0.2555 -0.2092
vn 0.9664 -0.1221 -0.2261
vn 0.8341 -0.1412 -0.5333
vn 0.8788 -0.1121 -0.4639
vn 0.8381 -0.1352 -0.5285
vn 0.7666 -0.1724 -0.6185
vn -0.7971 -0.1670 -0.5803
vn -0.7834 -0.1699 -0.5978
vn -0.8312 -0.1498 -0.5354
vn -0.9590 -0.1068 -0.2625
vn -0.9582 -0.0669 -0.2780
vn 0.9635 -0.0465 -0.2635
vn 0.9648 -0.0855 -0.2486
vn 0.9417 -0.2539 -0.2210
vn 0.9624 -0.1623 -0.2177
vn -0.9377 -0.2743 -0.2132
vn -0.8219 0.2063 0.5309
vn -0.8458 0.1791 0.5025
vn -0.8197 0.2113 0.5324
vn -0.6805 0.2907 0.6726
vn -0.8884 0.1233 0.4423
vn -0.8461 0.1789 0.5022
vn 0.8107 0.2272 0.5396
vn 0.8078 0.2333 0.5414
vn 0.8468 0.1889 0.4972
vn 0.6730 0.3090 0.6720
vn 0.8135 0.2212 0.5378
vn 0.8813 0.1434 0.4503
vn 0.8468 0.1889 0.4971
vn -0.9747 0.0229 -0.2223
vn -0.9749 0.0180 -0.2220
vn -0.9714 0.0777 -0.2242
vn -0.9715 0.0795 -0.2233
vn 0.9772 0.0429 -0.2080
vn 0.9777 0.0289 -0.2080
vn 0.9711 -0.0716 -0.2278
vn 0.9782 0.0010 -0.2078
vn 0.9725 0.1015 -0.2097
vn 0.9725 0.1037 -0.2087
vn 0.9725 0.1036 -0.2087
vn 0.7456 -0.1700 -0.6443
vn 0.7663 -0.1726 -0.6188
vn 0.7239 -0.1931 -0.6623
vn 0.6490 -0.2328 -0.7243
vn -0.6670 -0.2283 -0.7092
vn -0.6667 -0.2285 -0.7094
vn -0.6863 -0.2318 -0.6894
vn -0.0045 -0.1811 0.9835
vn 0.0855 -0.0829 0.9929
vn 0.0862 -0.1236 0.9886
vn 0.0807 -0.1461 0.9860
vn -0.0971 -0.0859 0.9916
vn -0.0906 -0.1487 0.9847
vn -0.7661 -0.0015 0.6427
vn -0.6908 0.0701 0.7196
vn -0.6611 0.0906 0.7448
vn 0.7505 0.0165 0.6607
vn 0.6370 0.1034 0.7639
vn 0.6689 0.0845 0.7386
vn -0.9666 -0.1348 -0.2179
vn 0.9505 -0.1777 -0.2549
vn 0.1549 -0.2430 0.9576
vn -0.0027 -0.2964 0.9550
vn 0.1368 -0.2749 0.9517
vn -0.0040 -0.2091 0.9779
vn -0.1426 -0.2783 0.9498
vn -0.1618 -0.2468 0.9555
vn -0.1673 0.1719 -0.9708
vn -0.2049 0.1604 -0.9656
vn -0.1906 0.1856 -0.9640
vn -0.2107 0.1691 -0.9628
vn 0.2357 0.1541 -0.9595
vn 0.2167 0.1771 -0.9600
vn 0.8382 -0.2068 -0.5047
vn 0.9057 -0.2402 -0.3494
vn 0.8489 -0.3727 -0.3749
vn 0.8507 -0.1654 -0.4990
vn -0.8147 -0.2465 -0.5249
vn -0.8337 -0.3943 -0.3866
vn 0.7567 0.2341 0.6104
vn -0.1769 -0.2707 -0.9463
vn -0.1722 -0.2727 -0.9466
vn -0.1173 -0.3545 -0.9277
vn -0.1816 -0.2688 -0.9459
vn 0.1945 -0.2666 -0.9440
vn 0.1541 -0.3089 -0.9385
vn 0.1311 -0.3307 -0.9346
vn 0.2254 -0.1962 -0.9543
vn -0.8960 -0.0402 0.4422
vn -0.8966 -0.1341 0.4220
vn -0.7429 -0.1296 0.6567
vn -0.9102 -0.1221 0.3957
vn 0.7146 -0.0992 0.6925
vn 0.8933 -0.0857 0.4413
vn 0.8906 -0.0192 0.4544
vn 0.9037 -0.1146 0.4125
vn 0.9508 -0.2821 -0.1277
vn 0.9679 -0.1745 0.1808
vn 0.9348 -0.2983 0.1928
vn 0.9781 -0.1814 -0.1024
vn -0.9308 -0.3339 -0.1485
vn -0.9296 -0.3216 0.1800
vn -0.9547 0.0496 -0.2935
vn 0.6735 0.6530 -0.3463
vn -0.6767 0.6414 -0.3615
vn -0.7649 0.2660 0.5866
vn -0.7660 0.2148 0.6059
vn -0.7615 0.3166 0.5656
vn -0.2687 0.1243 -0.9552
vn -0.2064 0.1862 -0.9606
vn -0.1953 0.2680 -0.9434
vn 0.2095 0.2064 -0.9558
vn 0.2063 0.2739 -0.9394
vn 0.8931 -0.1083 0.4366
vn 0.9678 -0.1743 0.1816
vn 0.9930 -0.0893 0.0768
vn 0.8506 -0.2339 0.4709
vn 0.9029 -0.0507 0.4268
vn 0.9094 -0.1153 0.3997
vn 0.9063 -0.0765 0.4156
vn 0.9087 -0.1849 0.3742
vn 0.8860 -0.3308 0.3249
vn -0.8961 -0.1301 0.4243
vn -0.9657 -0.1978 0.1679
vn -0.8508 -0.2551 0.4594
vn -0.9916 -0.1135 0.0626
vn -0.9599 -0.0933 0.2645
vn -0.9117 -0.1373 0.3873
vn -0.9138 -0.0470 0.4035
vn -0.9117 -0.1374 0.3873
vn -0.9035 -0.1498 0.4015
vn -0.9117 -0.1377 0.3871
vn 0.5810 -0.1026 0.8074
vn 0.5644 0.0322 0.8249
vn 0.5900 -0.1632 0.7907
vn 0.5792 -0.1208 0.8062
vn -0.5850 -0.0866 0.8064
vn -0.5920 -0.1566 0.7906
vn -0.5919 -0.1565 0.7906
vn -0.5650 0.1003 0.8190
vn -0.1518 0.0079 -0.9884
vn 0.0068 0.0318 -0.9995
vn -0.1012 0.0315 -0.9944
vn -0.1521 0.0746 -0.9855
vn -0.2697 0.0450 -0.9619
vn -0.1525 0.0747 -0.9855
vn -0.2032 0.0842 -0.9755
vn -0.1505 0.1493 -0.9773
vn -0.2377 0.1177 -0.9642
vn -0.1505 0.1492 -0.9773
vn -0.1580 0.1625 -0.9740
vn -0.0636 0.2202 -0.9734
vn -0.1002 0.2052 -0.9736
vn -0.0636 0.2201 -0.9734
vn -0.0240 0.2348 -0.9718
vn 0.0143 0.2490 -0.9684
vn 0.0899 0.2523 -0.9635
vn 0.0289 0.2549 -0.9665
vn 0.1137 0.2537 -0.9606
vn 0.1913 0.2547 -0.9479
vn 0.1847 0.2586 -0.9481
vn 0.1706 0.0402 -0.9845
vn 0.1741 0.0542 -0.9832
vn 0.0634 0.0562 -0.9964
vn 0.2259 0.1007 -0.9689
vn 0.1968 0.1252 -0.9724
vn 0.1455 0.1263 -0.9813
vn 0.1483 0.1801 -0.9724
vn 0.0852 0.2077 -0.9745
vn 0.1479 0.1802 -0.9724
vn 0.0972 0.2076 -0.9734
vn 0.0184 0.2408 -0.9704
vn 0.0183 0.2505 -0.9680
vn 0.0180 0.2409 -0.9704
vn 0.0179 0.2409 -0.9704
vn -0.0280 0.2519 -0.9673
vn -0.0330 0.2496 -0.9678
vn -0.1317 0.2522 -0.9587
vn -0.1321 0.2521 -0.9586
vn -0.1861 0.2500 -0.9502
vn -0.1922 0.2461 -0.9500
vn -0.1800 0.2539 -0.9503
vn -0.9458 -0.1179 -0.3026
vn -0.9424 -0.1993 -0.2686
vn -0.9419 -0.0358 -0.3341
vn -0.5721 -0.1384 0.8084
vn -0.5720 -0.1577 0.8050
vn -0.5571 -0.2777 0.7827
vn -0.5671 -0.2303 0.7908
vn -0.5726 0.0193 0.8196
vn -0.5680 0.0655 0.8204
vn -0.5318 -0.3671 0.7632
vn -0.5427 -0.3152 0.7786
vn -0.5439 -0.2925 0.7865
vn -0.5570 -0.2781 0.7825
vn -0.5615 -0.1613 0.8116
vn -0.5476 -0.2258 0.8057
vn -0.5593 -0.1921 -0.8064
vn -0.4160 -0.2000 -0.8871
vn -0.9817 -0.1758 0.0734
vn -0.9702 -0.0380 -0.2392
vn -0.9802 -0.1737 -0.0956
vn -0.9081 0.0608 -0.4142
vn -0.6129 0.1659 -0.7726
vn -0.8251 0.0273 -0.5643
vn 0.5510 -0.2819 0.7855
vn 0.5530 -0.2637 0.7903
vn 0.5640 -0.1674 0.8086
vn 0.5646 -0.1432 0.8129
vn 0.5607 0.0334 0.8273
vn 0.5582 0.0089 0.8296
vn 0.5606 0.0338 0.8274
vn 0.5232 -0.3611 0.7720
vn 0.5411 -0.2572 0.8007
vn 0.5396 -0.3021 0.7858
vn 0.5397 -0.3020 0.7858
vn 0.5540 -0.1479 0.8193
vn 0.5583 -0.0927 0.8244
vn -0.5740 -0.0461 0.8176
vn -0.5745 -0.0880 0.8138
vn -0.5761 -0.0445 0.8162
vn -0.5616 -0.1609 0.8116
vn -0.9508 -0.0011 -0.3099
vn -0.8648 0.1299 -0.4850
vn -0.8648 0.1300 -0.4850
vn 0.8681 0.1513 -0.4728
vn 0.8909 0.0090 -0.4541
vn 0.9548 0.0221 -0.2965
vn 0.9778 -0.0855 -0.1911
vn 0.7546 0.3294 0.5676
vn 0.5718 0.1086 -0.8132
vn 0.7508 0.1657 -0.6394
vn 0.5964 0.0664 -0.7999
vn 0.9045 -0.4159 -0.0945
vn 0.9852 -0.1501 -0.0833
vn 0.9498 -0.0007 -0.3130
vn 0.5770 -0.1787 -0.7970
vn 0.4724 -0.3406 -0.8129
vn 0.5362 -0.2951 -0.7908
vn 0.4763 -0.3397 -0.8110
vn 0.6487 -0.2328 -0.7246
vn 0.5366 -0.2949 -0.7906
vn 0.5931 -0.2486 -0.7658
vn -0.5166 -0.3076 -0.7991
vn -0.4960 -0.3224 -0.8062
vn -0.4541 -0.3513 -0.8188
vn -0.6665 -0.2286 -0.7096
vn 0.5651 -0.0742 0.8217
vn 0.5730 -0.0977 0.8137
vn 0.9464 -0.3026 -0.1126
vn 0.9059 -0.2405 -0.3487
vn -0.9654 -0.2487 -0.0779
vn -0.9711 -0.0617 -0.2306
vn -0.9596 -0.2634 -0.0988
vn -0.8950 -0.2620 -0.3610
vn 0.9055 -0.3833 -0.1822
vn 0.8637 -0.4654 -0.1932
vn 0.8974 -0.4032 -0.1793
vn 0.8888 -0.4229 -0.1764
vn -0.9181 0.0810 -0.3880
vn -0.9296 -0.0277 -0.3675
vn -0.9033 0.1310 -0.4085
vn -0.9286 -0.0512 -0.3677
vn -0.8943 -0.1704 -0.4138
vn -0.9227 -0.0957 -0.3734
vn 0.9216 0.0999 -0.3750
vn 0.9345 -0.0224 -0.3552
vn 0.9347 -0.0289 -0.3541
vn 0.9134 0.1315 -0.3851
vn 0.9040 -0.1481 -0.4010
vn 0.9307 -0.0720 -0.3586
vn 0.9217 -0.3248 -0.2123
vn 0.9425 -0.2760 -0.1887
vn 0.9465 -0.2655 -0.1837
vn 0.9717 -0.1088 -0.2095
vn 0.9174 -0.3570 -0.1762
vn 0.9133 -0.3486 -0.2106
vn -0.9188 -0.3463 -0.1895
vn -0.9189 -0.3459 -0.1896
vn -0.9502 -0.2463 -0.1907
vn -0.8859 -0.4234 -0.1893
vn -0.8940 -0.4047 -0.1922
vn -0.8129 -0.5402 -0.2178
vn -0.9099 -0.3682 -0.1910
vn -0.8994 -0.3859 -0.2052
vn -0.9244 -0.3183 -0.2101
vn -0.8926 -0.4170 -0.1714
vn 0.9500 -0.0087 -0.3122
vn 0.9927 -0.0708 -0.0973
vn 0.1981 -0.0782 0.9770
vn 0.1571 -0.1041 0.9821
vn -0.0060 -0.0683 0.9976
vn -0.0054 -0.1214 0.9926
vn -0.1678 -0.1081 0.9799
vn -0.2095 -0.0832 0.9743
vn -0.8764 -0.4199 -0.2360
vn -0.8620 -0.4441 -0.2443
vn -0.8759 -0.4193 -0.2387
vn -0.8994 -0.3859 -0.2053
vn 0.8893 -0.3983 -0.2246
vn 0.8890 -0.3978 -0.2270
vn 0.8687 -0.4342 -0.2383
vn 0.9133 -0.3486 -0.2105
vn 0.8893 -0.3983 -0.2245
vn 0.8897 -0.3988 -0.2221
vn -0.0459 -0.8578 -0.5119
vn -0.1825 -0.8673 -0.4631
vn 0.0586 -0.8063 -0.5886
vn -0.0106 -0.8352 -0.5498
vn 0.0585 -0.8063 -0.5886
vn 0.0592 -0.8059 -0.5891
vn 0.1578 -0.7370 -0.6573
vn 0.0625 -0.8463 -0.5290
vn 0.1426 -0.8545 -0.4994
vn 0.1476 -0.8675 -0.4751
vn 0.0198 -0.8324 -0.5537
vn -0.0512 -0.7904 -0.6105
vn -0.1341 -0.7388 -0.6605
vn -0.0515 -0.7902 -0.6107
vn -0.1720 -0.7123 -0.6805
vn -0.9505 -0.0200 -0.3102
vn -0.9085 0.0605 -0.4135
vn -0.9899 -0.0322 -0.1384
vn 0.0419 -0.3947 -0.9179
vn -0.1172 -0.3546 -0.9276
vn -0.0499 -0.3933 -0.9181
vn -0.5832 -0.1455 0.7991
vn -0.5873 -0.2018 0.7838
vn -0.5937 -0.1193 0.7958
vn -0.5745 -0.0884 0.8137
vn 0.7931 -0.5295 -0.3010
vn 0.7931 -0.5294 -0.3011
vn 0.9782 0.2075 -0.0022
vn 0.6116 -0.4675 -0.6383
vn 0.4974 -0.5229 -0.6922
vn 0.5814 -0.1871 0.7918
vn 0.5915 -0.2285 0.7732
vn -0.8311 -0.4917 -0.2599
vn -0.7838 -0.5526 -0.2833
vn -0.8310 -0.4919 -0.2596
vn 0.8468 -0.4703 -0.2485
vn 0.8468 -0.4706 -0.2480
vn 0.7760 -0.5633 -0.2838
vn 0.8468 -0.4699 -0.2491
vn 0.8706 -0.4539 -0.1900
vn 0.8892 -0.4283 -0.1611
vn -0.8559 -0.4759 -0.2025
vn -0.8089 -0.4993 0.3105
vn -0.1953 0.2681 -0.9434
vn -0.2217 0.2784 -0.9345
vn -0.1917 0.2240 -0.9556
vn -0.2990 0.2749 -0.9138
vn 0.2792 0.2628 -0.9236
vn 0.3148 0.2794 -0.9071
vn -0.5801 -0.5313 -0.6174
vn -0.5061 -0.6735 -0.5387
vn -0.7273 -0.5209 -0.4468
vn -0.7079 -0.4056 -0.5782
vn -0.8335 -0.3946 -0.3867
vn -0.7924 -0.2846 -0.5396
vn -0.9892 0.1145 -0.0911
vn 0.8828 0.1013 0.4586
vn 0.8945 -0.0713 0.4413
vn 0.8827 0.1022 0.4586
vn 0.8727 0.1696 0.4578
vn 0.7262 -0.3864 -0.5687
vn 0.7467 -0.5015 -0.4369
vn 0.6721 -0.4642 -0.5769
vn 0.5303 -0.6602 -0.5320
vn 0.8058 -0.2658 -0.5292
vn 0.8487 -0.3731 -0.3749
vn -0.9032 0.1559 0.3999
vn -0.8973 -0.0735 0.4352
vn -0.8986 -0.0933 0.4287
vn -0.8960 -0.0403 0.4422
vn -0.8956 -0.0538 0.4415
vn 0.8489 -0.3732 -0.3742
vn 0.9507 -0.2825 -0.1279
vn 0.8490 -0.3731 -0.3742
vn -0.9307 -0.3343 -0.1487
vn -0.8338 -0.3948 -0.3859
vn -0.8559 -0.4758 -0.2025
vn -0.8949 -0.2623 -0.3611
vn 0.9712 -0.1409 -0.1923
vn 0.9687 -0.1607 -0.1890
vn 0.9591 -0.2196 -0.1786
vn 0.9346 -0.2983 0.1936
vn 0.7660 -0.3809 0.5179
vn -0.9294 -0.3216 0.1808
vn -0.7632 -0.3994 0.5079
vn 0.2222 -0.2068 0.9528
vn -0.0032 -0.2684 0.9633
vn -0.2300 -0.2123 0.9498
vn 0.0092 -0.5424 -0.8401
vn -0.1377 -0.5424 -0.8287
vn -0.0797 -0.5619 -0.8234
vn -0.0213 -0.5792 -0.8149
vn 0.0098 -0.5421 -0.8403
vn 0.0985 -0.5176 -0.8499
vn -0.0110 -0.5472 -0.8369
vn 0.1992 -0.4669 -0.8616
vn 0.1954 -0.4597 -0.8663
vn 0.0919 -0.4908 -0.8664
vn 0.3396 -0.4005 -0.8510
vn 0.3393 -0.4008 -0.8510
vn 0.2483 -0.4301 -0.8680
vn 0.3400 -0.4004 -0.8509
vn 0.4686 -0.3415 -0.8147
vn 0.1021 -0.5456 -0.8318
vn 0.0864 -0.5567 -0.8262
vn 0.1097 -0.5604 -0.8209
vn 0.0551 -0.5783 -0.8139
vn -0.0728 -0.5116 -0.8561
vn -0.1861 -0.4858 -0.8540
vn -0.0731 -0.5114 -0.8562
vn -0.1291 -0.4901 -0.8620
vn -0.1921 -0.4554 -0.8693
vn -0.2754 -0.4307 -0.8595
vn -0.1929 -0.4552 -0.8693
vn -0.3438 -0.3968 -0.8511
vn -0.2278 -0.4363 -0.8705
vn -0.3430 -0.3971 -0.8513
vn -0.1925 -0.4551 -0.8694
vn 0.9367 0.0798 -0.3410
vn -0.9692 -0.1264 -0.2116
vn -0.9691 -0.1270 -0.2113
vn -0.9692 -0.1258 -0.2118
vn 0.9748 -0.1013 -0.1986
vn -0.7007 -0.2123 -0.6811
vn -0.5308 -0.2723 -0.8025
vn -0.5086 -0.2751 -0.8158
vn -0.9813 0.1842 -0.0551
vn -0.6738 -0.6638 -0.3245
vn -0.6340 -0.6951 -0.3389
vn -0.6739 -0.6636 -0.3246
vn -0.7836 -0.5530 -0.2833
vn 0.6931 -0.6479 -0.3161
vn 0.6933 -0.6474 -0.3165
vn 0.6130 -0.7106 -0.3452
vn 0.7755 -0.5639 -0.2840
vn 0.6931 -0.6478 -0.3161
vn 0.6929 -0.6482 -0.3158
vn 0.5853 -0.3496 0.7316
vn 0.6180 -0.3517 0.7031
vn -0.5941 -0.3038 0.7448
vn -0.5872 -0.3635 0.7233
vn -0.5853 -0.3886 0.7116
vn -0.5874 -0.2021 0.7837
vn -0.4069 0.5693 0.7143
vn -0.5439 0.5114 0.6653
vn -0.3879 0.5860 0.7114
vn -0.2424 0.5871 0.7723
vn 0.3812 0.5787 0.7209
vn 0.3665 0.5910 0.7186
vn 0.5857 0.4953 0.6416
vn 0.2415 0.6016 0.7614
vn 0.3958 0.5662 0.7230
vn 0.7410 -0.6278 -0.2382
vn 0.7469 -0.5019 -0.4362
vn -0.7209 -0.6467 -0.2491
vn -0.7275 -0.5213 -0.4461
vn -0.3458 0.2159 -0.9131
vn -0.2992 0.2746 -0.9138
vn 0.3579 0.2240 -0.9065
vn 0.3149 0.2794 -0.9071
vn 0.2797 0.2627 -0.9235
vn -0.5492 -0.7517 -0.3651
vn -0.5174 -0.7696 -0.3742
vn -0.5495 -0.7514 -0.3654
vn -0.6337 -0.6954 -0.3389
vn 0.6127 -0.7108 -0.3455
vn 0.5697 -0.7395 -0.3585
vn 0.5700 -0.7392 -0.3587
vn 0.5120 -0.7720 -0.3766
vn -0.5014 0.2820 -0.8180
vn -0.6819 0.2143 -0.6993
vn 0.2839 -0.1970 -0.9384
vn 0.5602 0.2747 -0.7815
vn 0.5603 0.2747 -0.7814
vn 0.6879 0.2303 -0.6883
vn -0.2734 -0.2015 -0.9406
vn -0.7550 -0.6297 -0.1829
vn -0.7210 -0.6468 -0.2487
vn 0.7740 -0.6100 -0.1701
vn 0.7411 -0.6279 -0.2378
vn -0.4541 -0.8005 -0.3912
vn -0.3669 -0.8317 -0.4166
vn -0.4564 -0.7989 -0.3917
vn -0.3060 -0.8535 -0.4218
vn -0.3665 -0.8318 -0.4168
vn -0.1826 -0.8673 -0.4631
vn -0.3662 -0.8320 -0.4167
vn -0.2449 -0.8563 -0.4548
vn 0.4365 -0.8071 -0.3975
vn 0.4764 -0.7910 -0.3839
vn 0.4162 -0.8146 -0.4040
vn 0.3063 -0.8445 -0.4392
vn 0.2708 -0.8463 -0.4588
vn 0.3063 -0.8445 -0.4393
vn 0.1431 -0.8545 -0.4993
vn 0.0268 -0.3603 0.9324
vn 0.2316 -0.3211 0.9183
vn -0.2359 -0.3269 0.9151
vn 0.7509 0.0867 0.6547
vn 0.9138 -0.0701 0.4001
vn 0.9266 0.1689 0.3360
vn 0.9424 0.1182 0.3128
vn 0.9087 0.2375 0.3433
vn 0.7508 0.0871 0.6547
vn 0.9475 -0.0499 0.3159
vn 0.9495 0.0175 0.3131
vn 0.9475 -0.0500 0.3159
vn 0.9289 -0.1853 0.3205
vn 0.9475 -0.0504 0.3158
vn -0.7618 0.0687 0.6442
vn -0.9206 0.0782 0.3826
vn -0.9351 0.1460 0.3229
vn -0.9383 0.1834 0.2932
vn -0.9521 0.0610 0.2998
vn -0.9350 0.1464 0.3230
vn -0.9503 -0.0737 0.3024
vn -0.9414 -0.1414 0.3064
vn -0.9116 -0.2732 0.3072
vn -0.9283 -0.1972 0.3153
vn 0.9779 0.2058 -0.0374
vn -0.9501 -0.0903 0.2986
vn -0.9458 -0.0022 0.3248
vn -0.8999 0.1651 0.4037
vn -0.8997 0.1653 0.4040
vn -0.8792 0.2046 0.4303
vn -0.9334 0.0875 0.3480
vn 0.9474 -0.0678 0.3127
vn 0.9371 0.0493 0.3455
vn 0.9371 0.0497 0.3456
vn 0.9266 0.1081 0.3601
vn 0.9269 0.1033 0.3609
vn 0.8327 0.2854 0.4744
vn 0.3321 -0.6069 -0.7221
vn 0.3059 -0.6375 -0.7071
vn 0.5297 -0.6604 -0.5323
vn 0.1158 -0.6625 -0.7401
vn 0.3505 -0.6539 -0.6704
vn 0.4448 -0.6057 -0.6597
vn -0.3078 -0.6155 -0.7256
vn -0.2359 -0.6484 -0.7238
vn -0.0864 -0.6654 -0.7414
vn -0.5056 -0.6737 -0.5389
vn -0.2243 -0.7021 -0.6758
vn -0.4217 -0.6167 -0.6647
vn 0.0599 -0.6697 -0.7402
vn 0.1151 -0.6626 -0.7401
vn -0.0691 -0.6961 -0.7146
vn 0.1312 -0.6451 -0.7528
vn -0.0976 -0.6981 -0.7093
vn -0.0560 -0.6877 -0.7239
vn 0.0107 -0.7137 -0.7004
vn 0.0078 -0.6772 -0.7357
vn 0.0950 -0.6944 -0.7133
vn 0.1204 -0.6960 -0.7079
vn 0.0115 -0.7137 -0.7004
vn 0.0323 -0.4735 0.8802
vn 0.2249 -0.4243 0.8772
vn -0.2259 -0.4304 0.8739
vn -0.6378 -0.4983 0.5873
vn -0.6828 -0.3212 0.6562
vn -0.6428 -0.4460 0.6227
vn 0.6419 -0.4826 0.5958
vn 0.6025 -0.5020 0.6205
vn -0.9851 -0.0935 -0.1442
vn -0.9843 -0.1383 -0.1099
vn -0.9826 -0.0450 -0.1799
vn -0.9839 -0.1435 -0.1068
vn 0.9886 -0.1172 -0.0943
vn 0.9890 -0.0723 -0.1288
vn 0.9860 -0.0227 -0.1653
vn 0.9884 -0.1202 -0.0925
vn -0.0075 0.0832 0.9965
vn 0.1307 0.0712 0.9889
vn 0.1437 -0.0682 0.9873
vn -0.0051 -0.1352 0.9908
vn -0.1458 0.0677 0.9870
vn -0.1555 -0.0721 0.9852
vn -0.6055 0.2254 -0.7633
vn -0.4822 0.2595 -0.8367
vn -0.5565 0.2461 -0.7936
vn -0.4405 0.2658 -0.8575
vn -0.4646 0.2667 -0.8444
vn -0.4653 0.2664 -0.8441
vn -0.6910 0.2019 -0.6941
vn -0.9892 -0.1452 -0.0193
vn -0.3155 0.5581 -0.7675
vn -0.3156 0.5581 -0.7674
vn -0.4908 0.4875 -0.7221
vn -0.2938 0.5924 -0.7501
vn 0.4225 0.5312 -0.7344
vn 0.3186 0.5695 -0.7577
vn 0.2798 0.5868 -0.7599
vn 0.3521 0.5431 -0.7623
vn 0.5536 -0.8068 -0.2064
vn 0.5301 -0.6606 -0.5316
vn -0.5061 -0.6740 -0.5382
vn -0.5315 -0.8195 -0.2141
vn -0.8177 0.2645 -0.5113
vn -0.7314 0.3409 -0.5906
vn -0.2992 0.5995 -0.7424
vn -0.3274 0.5676 -0.7554
vn -0.5125 0.5499 -0.6596
vn 0.8174 0.2853 -0.5004
vn 0.8889 0.1931 -0.4154
vn 0.8172 0.2855 -0.5007
vn 0.7788 0.3161 -0.5419
vn 0.2954 0.6074 -0.7374
vn 0.4055 0.5856 -0.7019
vn 0.4458 0.5878 -0.6751
vn -0.5249 0.0270 0.8507
vn -0.7612 0.0686 0.6449
vn -0.5125 0.2018 0.8346
vn -0.7612 0.0688 0.6448
vn -0.7424 -0.1296 0.6573
vn -0.5156 -0.1863 0.8363
vn -0.5455 -0.1810 0.8183
vn -0.5814 -0.0375 0.8127
vn -0.5458 -0.1802 0.8183
vn 0.5109 0.0784 0.8561
vn 0.5226 0.1820 0.8329
vn 0.7503 0.0868 0.6553
vn 0.5606 0.0342 0.8274
vn 0.7140 -0.0992 0.6931
vn 0.5131 -0.0372 0.8575
vn 0.7141 -0.0996 0.6929
vn 0.4941 -0.3099 0.8123
vn 0.4940 -0.3099 0.8123
vn 0.5709 -0.0235 0.8207
vn 0.7214 -0.4601 0.5176
vn 0.6420 -0.4829 0.5955
vn 0.5407 -0.6582 0.5239
vn 0.6654 -0.4709 0.5792
vn 0.5402 -0.6587 0.5238
vn 0.6082 -0.6023 0.5170
vn 0.4903 -0.8591 0.1465
vn 0.3238 -0.8717 0.3678
vn -0.8088 -0.4992 0.3109
vn -0.6379 -0.4986 0.5870
vn -0.5300 -0.6724 0.5167
vn -0.5990 -0.6179 0.5094
vn -0.4705 -0.8713 0.1395
vn -0.3079 -0.8790 0.3641
vn -0.3688 0.3211 -0.8723
vn -0.3687 0.3211 -0.8723
vn -0.3767 0.3218 -0.8687
vn -0.4622 0.2899 -0.8380
vn 0.4014 0.3247 -0.8564
vn 0.3781 0.3302 -0.8649
vn 0.3679 0.3334 -0.8680
vn 0.4180 0.3203 -0.8501
vn -0.5009 0.2820 -0.8182
vn -0.4146 0.3011 -0.8588
vn -0.5007 0.2823 -0.8183
vn -0.3880 0.3196 -0.8645
vn 0.4048 0.3205 -0.8564
vn 0.3912 0.3294 -0.8593
vn 0.3780 0.3302 -0.8649
vn 0.5031 0.3124 -0.8058
vn 0.5951 0.2466 -0.7649
vn 0.5657 0.2585 -0.7830
vn 0.6582 0.2005 -0.7256
vn 0.1480 0.3293 -0.9326
vn 0.1147 0.2951 -0.9485
vn 0.4363 0.2950 -0.8501
vn 0.6669 -0.0066 -0.7451
vn 0.6765 0.1627 -0.7182
vn 0.6929 0.2201 -0.6866
vn -0.4707 -0.8713 0.1387
vn -0.5315 -0.8197 -0.2134
vn 0.4905 -0.8592 0.1457
vn 0.5536 -0.8070 -0.2056
vn -0.4625 0.2896 -0.8380
vn -0.4566 0.3005 -0.8374
vn -0.4629 0.2895 -0.8378
vn -0.5538 0.2469 -0.7952
vn 0.5105 0.2867 -0.8107
vn 0.5591 0.2602 -0.7872
vn 0.5105 0.2866 -0.8107
vn 0.5948 0.2466 -0.7651
vn -0.6401 0.4068 -0.6517
vn -0.4916 0.4872 -0.7218
vn -0.7308 0.3414 -0.5910
vn -0.6225 0.4250 -0.6572
vn 0.6269 0.4331 -0.6477
vn 0.6190 0.4407 -0.6501
vn 0.6269 0.4331 -0.6476
vn 0.4233 0.5308 -0.7342
vn -0.9683 0.0458 -0.2456
vn -0.9624 0.0702 -0.2625
vn 0.9797 0.0231 -0.1989
vn 0.9790 0.0283 -0.2017
vn 0.0131 -0.9676 -0.2520
vn 0.0123 -0.9039 -0.4276
vn -0.1772 -0.9496 -0.2588
vn -0.0931 -0.8927 -0.4410
vn 0.0405 -0.9534 -0.2990
vn 0.1153 -0.8817 -0.4576
vn -0.0133 -0.9539 -0.2997
vn 0.1230 -0.8891 -0.4410
vn 0.2046 -0.9445 -0.2568
vn -0.0855 -0.8835 -0.4606
vn -0.3435 -0.9056 -0.2488
vn -0.2830 -0.8449 -0.4539
vn 0.3669 -0.8977 -0.2439
vn 0.3067 -0.8388 -0.4498
vn -0.7918 0.3364 0.5098
vn -0.7789 0.3557 0.5165
vn -0.7918 0.3365 0.5098
vn -0.5446 0.5110 0.6651
vn 0.8323 0.2861 0.4748
vn 0.7700 0.3658 0.5227
vn 0.7700 0.3657 0.5227
vn 0.5864 0.4949 0.6413
vn 0.8323 0.2861 0.4747
vn 0.7691 0.3671 0.5232
vn 0.5404 -0.6584 0.5240
vn 0.5082 -0.6927 0.5118
vn 0.3240 -0.8715 0.3681
vn 0.4592 -0.7982 0.3900
vn -0.5303 -0.6719 0.5171
vn -0.5302 -0.6727 0.5161
vn -0.4284 -0.7281 0.5351
vn -0.4950 -0.6468 0.5802
vn -0.3080 -0.8788 0.3645
vn -0.6264 -0.6467 0.4351
vn -0.3083 -0.8788 0.3642
vn 0.0020 -0.5970 0.8022
vn 0.2033 -0.5907 0.7808
vn -0.1997 -0.5945 0.7789
vn 0.1982 -0.7060 0.6799
vn 0.0077 -0.8162 0.5777
vn -0.1880 -0.7105 0.6781
vn -0.9408 0.1385 -0.3093
vn -0.5132 0.5495 -0.6593
vn -0.6207 0.4950 -0.6081
vn -0.6136 0.5021 -0.6094
vn -0.7894 0.3637 -0.4945
vn 0.7005 0.4564 -0.5487
vn 0.6241 0.5026 -0.5982
vn -0.1377 -0.9872 -0.0807
vn 0.0404 -0.9536 -0.2982
vn 0.1320 -0.9831 0.1265
vn -0.1772 -0.9498 -0.2580
vn 0.0125 -0.9966 -0.0817
vn 0.0131 -0.9679 -0.2511
vn 0.3669 -0.8979 -0.2431
vn 0.3190 -0.9417 0.1068
vn 0.1652 -0.9832 -0.0783
vn 0.2047 -0.9448 -0.2560
vn -0.0133 -0.9542 -0.2989
vn -0.1108 -0.9859 0.1255
vn -0.3435 -0.9058 -0.2480
vn -0.2973 -0.9492 0.1029
vn 0.9053 0.2353 -0.3537
vn 0.9423 0.1637 -0.2920
vn 0.8508 0.3178 -0.4185
vn 0.8425 0.3309 -0.4252
vn 0.7011 0.4559 -0.5483
vn -0.7899 0.3632 -0.4941
vn -0.8546 0.2939 -0.4281
vn -0.8452 0.3095 -0.4358
vn -0.8636 0.2783 -0.4204
vn -0.0971 -0.9834 0.1533
vn 0.0664 -0.9652 0.2529
vn 0.0585 -0.9893 0.1335
vn 0.1318 -0.9831 0.1273
vn -0.2774 -0.9602 0.0309
vn -0.0473 -0.9666 0.2519
vn 0.1198 -0.9808 0.1542
vn -0.0351 -0.9907 0.1317
vn 0.2999 -0.9533 0.0350
vn -0.1107 -0.9858 0.1263
vn 0.3235 -0.8719 0.3675
vn 0.2446 -0.9297 0.2755
vn 0.2226 -0.9673 0.1217
vn 0.4585 -0.7986 0.3899
vn 0.0128 -0.9985 0.0540
vn 0.0142 -0.9868 -0.1615
vn -0.2008 -0.9721 0.1210
vn -0.2271 -0.9345 0.2742
vn -0.3076 -0.8792 0.3639
vn -0.2340 -0.9228 0.3060
vn 0.3188 -0.9417 0.1076
vn -0.2972 -0.9492 0.1037
vn 0.1328 -0.8940 0.4279
vn 0.0087 -0.9045 0.4264
vn -0.1142 -0.8979 0.4252
vn 0.0087 -0.9045 0.4263
vn 0.0089 -0.9113 0.4116
vn 0.8218 0.4290 0.3750
vn 0.9279 0.1894 0.3211
vn 0.8220 0.4287 0.3749
vn -0.9032 0.1568 0.3996
vn -0.8838 0.2789 0.3756
vn -0.8131 0.3852 0.4364
vn -0.8474 0.4217 0.3227
vn 0.5128 0.3314 0.7919
vn 0.4615 0.4614 0.7577
vn 0.5546 0.2835 0.7824
vn 0.5641 0.0330 0.8250
vn -0.4790 0.4924 0.7267
vn -0.5310 0.3223 0.7836
vn -0.5715 0.2731 0.7738
vn -0.5310 0.3224 0.7836
vn -0.4883 0.3702 0.7902
vn -0.5647 0.1011 0.8190
vn -0.6941 0.6475 0.3146
vn -0.8470 0.4224 0.3228
vn 0.6727 0.6641 0.3264
vn 0.6727 0.6640 0.3264
vn 0.8216 0.4294 0.3749
vn -0.0154 0.7336 0.6794
vn -0.0140 0.5658 0.8244
vn 0.0815 0.5061 0.8586
vn -0.1032 0.3973 0.9119
vn 0.0835 0.4094 0.9085
vn -0.1075 0.5048 0.8565
vn -0.1055 0.4110 0.9055
vn 0.3284 0.6944 0.6403
vn 0.4613 0.4618 0.7576
vn -0.3560 0.6853 0.6353
vn -0.4786 0.4932 0.7264
vt 0.496669 0.058298
vt 0.549794 0.106408
vt 0.496246 0.105929
vt 0.550216 0.058777
vt 0.428103 0.825189
vt 0.521634 0.794572
vt 0.428392 0.792573
vt 0.334850 0.824468
vt 0.335139 0.791884
vt 0.427479 0.895626
vt 0.521328 0.829138
vt 0.428076 0.828303
vt 0.428699 0.757945
vt 0.521951 0.758780
vt 0.526682 0.224903
vt 0.433149 0.255752
vt 0.526402 0.256587
vt 0.433430 0.224068
vt 0.339897 0.254917
vt 0.521518 0.807716
vt 0.428822 0.744109
vt 0.428275 0.805803
vt 0.522063 0.746231
vt 0.429231 0.697955
vt 0.522473 0.699905
vt 0.432637 0.313561
vt 0.339912 0.253188
vt 0.339385 0.312726
vt 0.433165 0.254023
vt 0.444996 0.152784
vt 0.541798 0.185090
vt 0.460876 0.184398
vt 0.527202 0.195457
vt 0.510132 0.200810
vt 0.492252 0.200650
vt 0.552475 0.170704
vt 0.558165 0.153707
vt 0.450815 0.117862
vt 0.558294 0.135783
vt 0.552859 0.118710
vt 0.476088 0.093110
vt 0.542415 0.104168
vt 0.528004 0.093567
vt 0.511039 0.087917
vt 0.335568 0.743439
vt 0.335021 0.805102
vt 0.646735 0.346462
vt 0.490285 0.345061
vt 0.490169 0.358135
vt 0.646619 0.359535
vt 0.434077 0.151073
vt 0.340961 0.134875
vt 0.340826 0.150033
vt 0.434213 0.135710
vt 0.527289 0.156501
vt 0.527534 0.128805
vt 0.470552 0.170197
vt 0.340695 0.164863
vt 0.433947 0.165740
vt 0.527320 0.152976
vt 0.433974 0.162648
vt 0.527227 0.163483
vt 0.470696 0.153892
vt 0.647249 0.288521
vt 0.490652 0.303664
vt 0.647102 0.305064
vt 0.490799 0.287120
vt 0.490483 0.322686
vt 0.646933 0.324087
vt 0.490399 0.332249
vt 0.646849 0.333649
vt 0.488749 0.951992
vt 0.542566 0.922145
vt 0.542297 0.952472
vt 0.489018 0.921666
vt 0.549574 0.131294
vt 0.549353 0.156212
vt 0.496026 0.130815
vt 0.495805 0.155733
vt 0.495393 0.202228
vt 0.548941 0.202708
vt 0.542827 0.892592
vt 0.489280 0.892113
vt 0.646806 0.338431
vt 0.490356 0.337030
vt 0.427777 0.861977
vt 0.334685 0.843101
vt 0.334526 0.861005
vt 0.428125 0.822710
vt 0.334882 0.820859
vt 0.520110 0.966519
vt 0.520653 0.905241
vt 0.426718 0.981450
vt 0.427328 0.912691
vt 0.490131 0.362491
vt 0.646581 0.363892
vt 0.520017 0.977107
vt 0.427411 0.903341
vt 0.426640 0.990320
vt 0.520645 0.906145
vt 0.427930 0.844742
vt 0.521154 0.848786
vt 0.428225 0.811406
vt 0.521473 0.812723
vt 0.428344 0.797997
vt 0.521587 0.799890
vt 0.547885 0.321889
vt 0.494686 0.281996
vt 0.494337 0.321409
vt 0.548234 0.282475
vt 0.333989 0.921665
vt 0.333607 0.964754
vt 0.527206 0.165783
vt 0.527360 0.148384
vt 0.333534 0.972969
vt 0.334184 0.899652
vt 0.334649 0.847101
vt 0.334978 0.810017
vt 0.521054 0.860069
vt 0.427806 0.858780
vt 0.490314 0.341812
vt 0.646764 0.343213
vt 0.212705 0.673966
vt 0.330896 0.675024
vt 0.212724 0.671833
vt 0.330915 0.672891
vt 0.428317 0.801019
vt 0.335064 0.800325
vt 0.490440 0.327633
vt 0.646890 0.329033
vt 0.340574 0.178476
vt 0.433822 0.179877
vt 0.490092 0.366849
vt 0.646542 0.368250
vt 0.521673 0.790191
vt 0.428445 0.786640
vt 0.521499 0.809863
vt 0.428264 0.807082
vt 0.340367 0.201842
vt 0.433619 0.202773
vt 0.520743 0.895143
vt 0.427445 0.899439
vt 0.527100 0.177759
vt 0.428623 0.766492
vt 0.521864 0.768597
vt 0.433744 0.188615
vt 0.527015 0.187354
vt 0.428095 0.826104
vt 0.521339 0.827843
vt 0.433524 0.213454
vt 0.526776 0.214288
vt 0.527465 0.136545
vt 0.426797 0.972628
vt 0.520196 0.956913
vt 0.335341 0.246593
vt 0.377547 0.246140
vt 0.335348 0.245762
vt 0.377540 0.246971
vt 0.428390 0.792877
vt 0.521632 0.794874
vt 0.330861 0.678953
vt 0.212670 0.677895
vt 0.335337 0.247008
vt 0.377536 0.247386
vt 0.335377 0.242438
vt 0.335370 0.243269
vt 0.377569 0.243647
vt 0.377577 0.242816
vt 0.335381 0.242022
vt 0.377580 0.242400
vt 0.520829 0.885435
vt 0.426871 0.964250
vt 0.520261 0.949509
vt 0.427527 0.890222
vt 0.521526 0.806837
vt 0.428283 0.804872
vt 0.521854 0.769731
vt 0.428615 0.767460
vt 0.431549 0.436405
vt 0.338296 0.435570
vt 0.337974 0.471948
vt 0.431226 0.472782
vt 0.429746 0.639816
vt 0.336493 0.639056
vt 0.647388 0.272755
vt 0.490938 0.271354
vt 0.647451 0.265619
vt 0.490862 0.279922
vt 0.647312 0.281322
vt 0.335174 0.787894
vt 0.334985 0.809225
vt 0.335136 0.792188
vt 0.335091 0.797213
vt 0.543885 0.773275
vt 0.490552 0.748505
vt 0.544100 0.748985
vt 0.490337 0.772795
vt 0.543601 0.805317
vt 0.490053 0.804837
vt 0.489633 0.852198
vt 0.543181 0.852678
vt 0.525889 0.314396
vt 0.526417 0.254858
vt 0.432093 0.374961
vt 0.525345 0.375796
vt 0.377555 0.245309
vt 0.377562 0.244478
vt 0.335363 0.244100
vt 0.335355 0.244931
vt 0.546012 0.533193
vt 0.493381 0.429285
vt 0.546929 0.429764
vt 0.492464 0.532714
vt 0.493785 0.383664
vt 0.547333 0.384143
vt 0.526886 0.201973
vt 0.334236 0.893725
vt 0.523899 0.539014
vt 0.431432 0.449501
vt 0.430647 0.538179
vt 0.524685 0.450336
vt 0.377606 0.239492
vt 0.335407 0.239114
vt 0.377603 0.239907
vt 0.335403 0.239529
vt 0.377610 0.239076
vt 0.335411 0.238698
vt 0.428345 0.797925
vt 0.335091 0.797233
vt 0.335385 0.241607
vt 0.377584 0.241985
vt 0.377588 0.241569
vt 0.335388 0.241191
vt 0.333682 0.956293
vt 0.630753 0.414138
vt 0.630820 0.406527
vt 0.489683 0.412875
vt 0.489751 0.405264
vt 0.521995 0.753817
vt 0.428755 0.751692
vt 0.491002 0.264218
vt 0.522258 0.724213
vt 0.429016 0.722138
vt 0.490054 0.371206
vt 0.646503 0.372607
vt 0.646465 0.376964
vt 0.490015 0.375564
vt 0.647358 0.276115
vt 0.490954 0.269636
vt 0.647403 0.271037
vt 0.490909 0.274715
vt 0.340172 0.223906
vt 0.433424 0.224793
vt 0.489616 0.420486
vt 0.630685 0.421749
vt 0.630618 0.429361
vt 0.489548 0.428098
vt 0.731942 0.893230
vt 0.615333 0.954747
vt 0.731388 0.955786
vt 0.615887 0.892191
vt 0.732331 0.849425
vt 0.616275 0.848386
vt 0.616631 0.808228
vt 0.732686 0.809267
vt 0.616813 0.787681
vt 0.732868 0.788720
vt 0.733146 0.757398
vt 0.617091 0.756359
vt 0.522994 0.641177
vt 0.524478 0.473617
vt 0.522826 0.660068
vt 0.429581 0.658478
vt 0.524801 0.437240
vt 0.432193 0.363650
vt 0.525446 0.364485
vt 0.212743 0.669700
vt 0.330934 0.670758
vt 0.521380 0.823211
vt 0.428137 0.821428
vt 0.490272 0.346593
vt 0.646721 0.347994
vt 0.521658 0.791861
vt 0.428416 0.789846
vt 0.335399 0.239945
vt 0.377599 0.240323
vt 0.522987 0.641955
vt 0.429734 0.641120
vt 0.377592 0.241154
vt 0.335392 0.240776
vt 0.335370 0.765819
vt 0.335763 0.721464
vt 0.433482 0.218261
vt 0.526734 0.219096
vt 0.526683 0.224807
vt 0.225550 0.674384
vt 0.330893 0.675327
vt 0.225581 0.670982
vt 0.330923 0.671925
vt 0.521413 0.819514
vt 0.428170 0.817697
vt 0.330850 0.680188
vt 0.225507 0.679245
vt 0.377595 0.240738
vt 0.335396 0.240360
vt 0.522524 0.694179
vt 0.429281 0.692270
vt 0.433474 0.219123
vt 0.526726 0.219958
vt 0.340145 0.226944
vt 0.433397 0.227822
vt 0.490739 0.293858
vt 0.647189 0.295259
vt 0.630888 0.398916
vt 0.489818 0.397653
vt 0.490182 0.356549
vt 0.631252 0.357812
vt 0.631308 0.351514
vt 0.490238 0.350251
vt 0.485336 0.903517
vt 0.641799 0.903507
vt 0.485383 0.898227
vt 0.641725 0.911805
vt 0.523491 0.585064
vt 0.430239 0.584229
vt 0.485414 0.894774
vt 0.641871 0.895312
vt 0.485531 0.881508
vt 0.642014 0.879205
vt 0.490513 0.319200
vt 0.631583 0.320463
vt 0.631622 0.315994
vt 0.490553 0.314731
vt 0.525502 0.933905
vt 0.422158 0.920326
vt 0.422046 0.932978
vt 0.525614 0.921252
vt 0.644727 0.573046
vt 0.488277 0.571645
vt 0.644766 0.568687
vt 0.488316 0.567286
vt 0.644689 0.577403
vt 0.488239 0.576002
vt 0.644882 0.555615
vt 0.488432 0.554215
vt 0.485714 0.860907
vt 0.642203 0.857896
vt 0.330833 0.682080
vt 0.212642 0.681022
vt 0.428194 0.814945
vt 0.521437 0.816786
vt 0.485865 0.843849
vt 0.642315 0.845250
vt 0.485950 0.834288
vt 0.642400 0.835688
vt 0.335163 0.789160
vt 0.428365 0.795643
vt 0.428379 0.794022
vt 0.335111 0.794952
vt 0.335126 0.793333
vt 0.526655 0.227985
vt 0.642187 0.859675
vt 0.485739 0.858073
vt 0.644650 0.581760
vt 0.488200 0.580360
vt 0.431670 0.422695
vt 0.524922 0.423530
vt 0.492608 0.922781
vt 0.455391 0.893171
vt 0.455131 0.922445
vt 0.492867 0.893507
vt 0.490473 0.323797
vt 0.631542 0.325060
vt 0.631456 0.334812
vt 0.490386 0.333549
vt 0.521677 0.789749
vt 0.428435 0.787723
vt 0.336028 0.691576
vt 0.522673 0.677372
vt 0.429429 0.675603
vt 0.340126 0.229060
vt 0.433378 0.229932
vt 0.522390 0.709275
vt 0.429148 0.707268
vt 0.433434 0.223609
vt 0.526686 0.224444
vt 0.330954 0.668523
vt 0.225611 0.667579
vt 0.648126 0.189489
vt 0.804655 0.182174
vt 0.648203 0.180773
vt 0.804578 0.190889
vt 0.335375 0.765157
vt 0.335501 0.751024
vt 0.642654 0.806999
vt 0.486204 0.805599
vt 0.486543 0.767348
vt 0.642993 0.768749
vt 0.642484 0.826125
vt 0.486035 0.824724
vt 0.646426 0.381321
vt 0.489976 0.379921
vt 0.485971 0.831913
vt 0.642414 0.834035
vt 0.485249 0.913414
vt 0.641651 0.920214
vt 0.488577 0.537844
vt 0.645027 0.539245
vt 0.645069 0.534465
vt 0.488619 0.533065
vt 0.486628 0.757786
vt 0.643078 0.759186
vt 0.490124 0.363178
vt 0.631193 0.364441
vt 0.631134 0.371093
vt 0.490065 0.369830
vt 0.338941 0.362815
vt 0.733587 0.707622
vt 0.617532 0.706583
vt 0.642077 0.872144
vt 0.485737 0.858275
vt 0.485627 0.870743
vt 0.642023 0.878163
vt 0.485573 0.876762
vt 0.641971 0.884028
vt 0.485521 0.882628
vt 0.486755 0.743442
vt 0.643120 0.754405
vt 0.643205 0.744843
vt 0.428211 0.813015
vt 0.521454 0.814872
vt 0.645154 0.524903
vt 0.488704 0.523502
vt 0.486315 0.793055
vt 0.642765 0.794456
vt 0.335035 0.803568
vt 0.422468 0.885339
vt 0.525924 0.886266
vt 0.488534 0.542626
vt 0.644984 0.544027
vt 0.644942 0.548809
vt 0.488492 0.547408
vt 0.526635 0.230200
vt 0.544761 0.674345
vt 0.491230 0.672028
vt 0.544778 0.672508
vt 0.491582 0.632301
vt 0.545130 0.632780
vt 0.491214 0.673865
vt 0.544562 0.696803
vt 0.491015 0.696324
vt 0.491970 0.588508
vt 0.545518 0.588987
vt 0.544309 0.725370
vt 0.490761 0.724890
vt 0.644534 0.594832
vt 0.488084 0.593431
vt 0.495042 0.241799
vt 0.548590 0.242279
vt 0.486515 0.770555
vt 0.642964 0.771956
vt 0.334299 0.886640
vt 0.333757 0.947825
vt 0.631661 0.311607
vt 0.490592 0.310344
vt 0.340088 0.233329
vt 0.433340 0.234189
vt 0.339966 0.247134
vt 0.433218 0.247969
vt 0.433356 0.232417
vt 0.526608 0.233252
vt 0.433330 0.235412
vt 0.526582 0.236247
vt 0.477041 0.722191
vt 0.526012 0.770822
vt 0.476614 0.770380
vt 0.526439 0.722634
vt 0.647984 0.205543
vt 0.804436 0.206944
vt 0.491056 0.258040
vt 0.647506 0.259441
vt 0.477207 0.703410
vt 0.526605 0.703852
vt 0.477250 0.698602
vt 0.526648 0.699045
vt 0.646679 0.352774
vt 0.490229 0.351374
vt 0.486797 0.738660
vt 0.643247 0.740061
vt 0.428389 0.792907
vt 0.335136 0.792219
vt 0.645177 0.522254
vt 0.645239 0.515339
vt 0.488789 0.513938
vt 0.630550 0.436971
vt 0.489481 0.435708
vt 0.521692 0.788032
vt 0.428450 0.785998
vt 0.525786 0.796260
vt 0.476388 0.795817
vt 0.733995 0.661623
vt 0.617939 0.660584
vt 0.428303 0.802681
vt 0.521545 0.804616
vt 0.455627 0.866529
vt 0.493103 0.866864
vt 0.428630 0.765702
vt 0.521871 0.767809
vt 0.526596 0.234672
vt 0.647871 0.218321
vt 0.804322 0.219721
vt 0.335182 0.787038
vt 0.336175 0.674893
vt 0.336312 0.659440
vt 0.429566 0.660170
vt 0.338841 0.374126
vt 0.338418 0.421861
vt 0.338180 0.448666
vt 0.337394 0.537344
vt 0.336986 0.583394
vt 0.429646 0.651044
vt 0.336393 0.650301
vt 0.428653 0.763182
vt 0.335399 0.762510
vt 0.428441 0.787047
vt 0.335188 0.786363
vt 0.522811 0.661779
vt 0.448256 0.769954
vt 0.330074 0.767830
vt 0.448266 0.768888
vt 0.330064 0.768896
vt 0.330055 0.769961
vt 0.448247 0.771020
vt 0.631022 0.383693
vt 0.489953 0.382431
vt 0.526471 0.248804
vt 0.644900 0.553589
vt 0.488450 0.552189
vt 0.391606 0.247097
vt 0.391603 0.247512
vt 0.391614 0.246266
vt 0.391621 0.245435
vt 0.391628 0.244604
vt 0.645036 0.538186
vt 0.488586 0.536785
vt 0.525561 0.821698
vt 0.476163 0.821256
vt 0.631700 0.307258
vt 0.422612 0.869112
vt 0.526068 0.870038
vt 0.477470 0.673801
vt 0.526868 0.674244
vt 0.179003 0.159142
vt 0.178961 0.163924
vt 0.335413 0.165324
vt 0.734368 0.619498
vt 0.618313 0.618459
vt 0.618751 0.569011
vt 0.734806 0.570050
vt 0.641588 0.927337
vt 0.485232 0.915246
vt 0.485138 0.925936
vt 0.641682 0.916647
vt 0.335160 0.789452
vt 0.391643 0.242942
vt 0.391647 0.242526
vt 0.391636 0.243773
vt 0.485151 0.924443
vt 0.641575 0.928740
vt 0.646001 0.429275
vt 0.489467 0.437437
vt 0.645916 0.438838
vt 0.489551 0.427875
vt 0.645323 0.505776
vt 0.488873 0.504376
vt 0.522893 0.652548
vt 0.647444 0.266463
vt 0.803896 0.267863
vt 0.647463 0.264320
vt 0.491031 0.260852
vt 0.803951 0.261648
vt 0.629543 0.550691
vt 0.488473 0.549428
vt 0.629602 0.544039
vt 0.488532 0.542776
vt 0.488414 0.556080
vt 0.521709 0.786183
vt 0.428467 0.784140
vt 0.429167 0.705120
vt 0.522420 0.705955
vt 0.522661 0.678723
vt 0.429409 0.677888
vt 0.643332 0.730498
vt 0.486882 0.729098
vt 0.486840 0.733879
vt 0.643290 0.735279
vt 0.648358 0.163344
vt 0.648281 0.172059
vt 0.804732 0.173459
vt 0.448294 0.765688
vt 0.330102 0.764630
vt 0.488199 0.580321
vt 0.488132 0.587931
vt 0.629269 0.581584
vt 0.629201 0.589194
vt 0.629134 0.596806
vt 0.488065 0.595543
vt 0.522660 0.678874
vt 0.429416 0.677091
vt 0.489297 0.456564
vt 0.645747 0.457964
vt 0.330801 0.685759
vt 0.225458 0.684816
vt 0.330762 0.690183
vt 0.225419 0.689240
vt 0.330731 0.693623
vt 0.225388 0.692680
vt 0.225362 0.695592
vt 0.330705 0.696535
vt 0.491049 0.258846
vt 0.629484 0.557343
vt 0.629425 0.563994
vt 0.488355 0.562731
vt 0.627311 0.802508
vt 0.486292 0.795525
vt 0.486242 0.801245
vt 0.627362 0.796788
vt 0.627260 0.808231
vt 0.486191 0.806968
vt 0.627210 0.813960
vt 0.486140 0.812698
vt 0.525335 0.847180
vt 0.475937 0.846738
vt 0.448923 0.694715
vt 0.330731 0.693657
vt 0.330715 0.695402
vt 0.330045 0.771028
vt 0.448238 0.772087
vt 0.803385 0.325487
vt 0.803300 0.335050
vt 0.803554 0.306465
vt 0.803258 0.339832
vt 0.803700 0.289922
vt 0.422823 0.845303
vt 0.526279 0.846229
vt 0.803810 0.277516
vt 0.486343 0.789804
vt 0.627412 0.791067
vt 0.335895 0.706586
vt 0.525074 0.876612
vt 0.475676 0.876169
vt 0.330812 0.684491
vt 0.212621 0.683433
vt 0.212612 0.684465
vt 0.330803 0.685523
vt 0.212595 0.686315
vt 0.330787 0.687373
vt 0.627159 0.819701
vt 0.486089 0.818438
vt 0.490444 0.327063
vt 0.631513 0.328326
vt 0.631561 0.322912
vt 0.631463 0.334015
vt 0.490393 0.332753
vt 0.490340 0.338785
vt 0.631409 0.340048
vt 0.487073 0.707420
vt 0.487019 0.713565
vt 0.628143 0.708683
vt 0.628088 0.714828
vt 0.628034 0.720919
vt 0.486965 0.719656
vt 0.485483 0.886950
vt 0.641933 0.888350
vt 0.455919 0.833617
vt 0.493395 0.833952
vt 0.447811 0.820183
vt 0.447843 0.816582
vt 0.329619 0.819125
vt 0.329651 0.815524
vt 0.433408 0.226554
vt 0.526448 0.251374
vt 0.526660 0.227389
vt 0.433196 0.250539
vt 0.526889 0.201575
vt 0.433637 0.200740
vt 0.432422 0.337831
vt 0.525674 0.338666
vt 0.643131 0.753193
vt 0.486581 0.763059
vt 0.643031 0.764460
vt 0.486681 0.751792
vt 0.335197 0.785314
vt 0.803876 0.270096
vt 0.647424 0.268696
vt 0.447542 0.850556
vt 0.329270 0.858465
vt 0.447463 0.859523
vt 0.329350 0.849498
vt 0.485055 0.935291
vt 0.641498 0.937388
vt 0.629066 0.604417
vt 0.487997 0.603154
vt 0.477690 0.648985
vt 0.527088 0.649428
vt 0.524788 0.908877
vt 0.475390 0.908435
vt 0.475080 0.943488
vt 0.524478 0.943930
vt 0.490994 0.265062
vt 0.435112 0.803199
vt 0.329784 0.800555
vt 0.435127 0.801498
vt 0.329769 0.802256
vt 0.329753 0.803957
vt 0.435097 0.804900
vt 0.524413 0.480966
vt 0.431445 0.448078
vt 0.431161 0.480131
vt 0.524697 0.448913
vt 0.804235 0.229571
vt 0.647783 0.228170
vt 0.804198 0.233786
vt 0.647746 0.232385
vt 0.643746 0.683781
vt 0.487332 0.678371
vt 0.643781 0.679771
vt 0.487296 0.682381
vt 0.447601 0.843894
vt 0.329409 0.842836
vt 0.644380 0.612261
vt 0.487930 0.610861
vt 0.499081 0.192321
vt 0.499197 0.179208
vt 0.461605 0.191985
vt 0.461721 0.178873
vt 0.461483 0.205753
vt 0.498959 0.206088
vt 0.522809 0.662047
vt 0.429556 0.661212
vt 0.628253 0.696207
vt 0.487184 0.694944
vt 0.499288 0.168908
vt 0.461812 0.168572
vt 0.335977 0.697267
vt 0.336327 0.657745
vt 0.423372 0.783362
vt 0.526828 0.784289
vt 0.521733 0.783451
vt 0.428491 0.781396
vt 0.498771 0.227273
vt 0.461295 0.226938
vt 0.488365 0.561752
vt 0.644815 0.563153
vt 0.629719 0.530736
vt 0.488650 0.529473
vt 0.318832 0.904597
vt 0.477908 0.624342
vt 0.527306 0.624785
vt 0.528228 0.520754
vt 0.528071 0.538430
vt 0.478673 0.537988
vt 0.527854 0.562944
vt 0.478456 0.562502
vt 0.499831 0.891152
vt 0.499276 0.953708
vt 0.500219 0.847347
vt 0.500575 0.807189
vt 0.500757 0.786642
vt 0.501034 0.755320
vt 0.501475 0.705544
vt 0.532135 0.185385
vt 0.532237 0.173873
vt 0.428676 0.184836
vt 0.428779 0.173210
vt 0.447653 0.838071
vt 0.329461 0.837013
vt 0.499393 0.157098
vt 0.461917 0.156763
vt 0.499507 0.144309
vt 0.532396 0.155880
vt 0.428940 0.154953
vt 0.532486 0.145732
vt 0.489899 0.388635
vt 0.646349 0.390036
vt 0.527690 0.581437
vt 0.478292 0.580995
vt 0.527498 0.603062
vt 0.478100 0.602620
vt 0.485987 0.829968
vt 0.627057 0.831231
vt 0.448908 0.696461
vt 0.448889 0.698557
vt 0.330697 0.697499
vt 0.457957 0.603544
vt 0.495062 0.645876
vt 0.495434 0.603879
vt 0.457585 0.645540
vt 0.458330 0.561548
vt 0.495806 0.561883
vt 0.459074 0.477556
vt 0.496550 0.477891
vt 0.497295 0.393899
vt 0.459818 0.393563
vt 0.498004 0.313868
vt 0.460527 0.313532
vt 0.627981 0.726957
vt 0.486911 0.725694
vt 0.498548 0.252443
vt 0.461073 0.251988
vt 0.501883 0.659545
vt 0.502694 0.567972
vt 0.487884 0.615945
vt 0.628894 0.623860
vt 0.487825 0.622597
vt 0.628953 0.617209
vt 0.628835 0.630513
vt 0.457213 0.687536
vt 0.493947 0.771710
vt 0.494690 0.687871
vt 0.456470 0.771374
vt 0.532037 0.196474
vt 0.428577 0.195925
vt 0.487766 0.629249
vt 0.487707 0.635900
vt 0.628776 0.637163
vt 0.502256 0.617420
vt 0.803046 0.363738
vt 0.646637 0.357556
vt 0.646594 0.362337
vt 0.803089 0.358957
vt 0.493625 0.808012
vt 0.456149 0.807677
vt 0.629808 0.520694
vt 0.488806 0.511820
vt 0.488739 0.519431
vt 0.629876 0.513083
vt 0.488672 0.527043
vt 0.629741 0.528306
vt 0.447716 0.830953
vt 0.329524 0.829895
vt 0.423961 0.716857
vt 0.527417 0.717783
vt 0.447335 0.873929
vt 0.329159 0.871010
vt 0.329143 0.872870
vt 0.447352 0.872069
vt 0.487518 0.657378
vt 0.643967 0.658778
vt 0.391676 0.239202
vt 0.391673 0.239618
vt 0.391651 0.242111
vt 0.531899 0.211984
vt 0.428441 0.211279
vt 0.447855 0.815226
vt 0.447875 0.813023
vt 0.329682 0.811965
vt 0.329663 0.814168
vt 0.488237 0.576035
vt 0.629307 0.577298
vt 0.330489 0.720906
vt 0.448691 0.720899
vt 0.330499 0.719841
vt 0.448682 0.721965
vt 0.490187 0.356156
vt 0.319011 0.884413
vt 0.424256 0.683537
vt 0.527712 0.684464
vt 0.428261 0.231663
vt 0.531716 0.232608
vt 0.488741 0.519356
vt 0.645191 0.520757
vt 0.645499 0.485897
vt 0.489050 0.484496
vt 0.576002 0.704295
vt 0.576045 0.699487
vt 0.330017 0.774227
vt 0.448209 0.775285
vt 0.486445 0.778345
vt 0.627514 0.779608
vt 0.429705 0.644450
vt 0.424847 0.616900
vt 0.528303 0.617826
vt 0.448474 0.745426
vt 0.330281 0.744367
vt 0.330300 0.742236
vt 0.329799 0.798854
vt 0.435142 0.799797
vt 0.330253 0.747567
vt 0.448370 0.757157
vt 0.448445 0.748626
vt 0.330178 0.756099
vt 0.425733 0.516943
vt 0.529188 0.517869
vt 0.529779 0.451231
vt 0.426323 0.450305
vt 0.335213 0.783458
vt 0.338193 0.447244
vt 0.337909 0.479296
vt 0.575836 0.723076
vt 0.575409 0.771264
vt 0.531339 0.275149
vt 0.427884 0.274195
vt 0.329738 0.805658
vt 0.435082 0.806601
vt 0.330140 0.760364
vt 0.448332 0.761422
vt 0.329824 0.795997
vt 0.448016 0.797056
vt 0.448025 0.796074
vt 0.329833 0.795015
vt 0.487729 0.633472
vt 0.644179 0.634872
vt 0.487814 0.623909
vt 0.644264 0.625310
vt 0.426908 0.384338
vt 0.530364 0.385264
vt 0.434959 0.820538
vt 0.434948 0.821776
vt 0.329543 0.827706
vt 0.329558 0.826005
vt 0.629837 0.517432
vt 0.488768 0.516169
vt 0.329528 0.829407
vt 0.434937 0.823009
vt 0.628932 0.619639
vt 0.487862 0.618376
vt 0.448672 0.723032
vt 0.330480 0.721973
vt 0.630545 0.437611
vt 0.489357 0.449652
vt 0.630427 0.450915
vt 0.489475 0.436348
vt 0.490630 0.305996
vt 0.490708 0.297233
vt 0.631778 0.298496
vt 0.319155 0.868186
vt 0.330518 0.717708
vt 0.448701 0.719832
vt 0.448710 0.718766
vt 0.330508 0.718773
vt 0.427429 0.325529
vt 0.530885 0.326455
vt 0.329200 0.866403
vt 0.447392 0.867461
vt 0.447369 0.870126
vt 0.329176 0.869068
vt 0.178926 0.167857
vt 0.335378 0.169257
vt 0.631075 0.377746
vt 0.490006 0.376482
vt 0.429833 0.629970
vt 0.645615 0.472826
vt 0.489165 0.471425
vt 0.645692 0.464111
vt 0.487589 0.649205
vt 0.628658 0.650468
vt 0.630483 0.444583
vt 0.489413 0.443320
vt 0.338519 0.410393
vt 0.431772 0.411228
vt 0.329573 0.824303
vt 0.434970 0.819295
vt 0.577625 0.521196
vt 0.577468 0.538872
vt 0.577251 0.563386
vt 0.336162 0.676382
vt 0.391665 0.240449
vt 0.391669 0.240033
vt 0.643713 0.687466
vt 0.487263 0.686065
vt 0.643628 0.697029
vt 0.629471 0.558750
vt 0.488402 0.557487
vt 0.391654 0.241695
vt 0.391658 0.241280
vt 0.628424 0.676975
vt 0.487354 0.675712
vt 0.802877 0.382864
vt 0.646510 0.371901
vt 0.646425 0.381463
vt 0.802961 0.373301
vt 0.802707 0.401988
vt 0.646255 0.400587
vt 0.802622 0.411552
vt 0.646171 0.410151
vt 0.626954 0.842851
vt 0.485884 0.841588
vt 0.485780 0.853331
vt 0.626849 0.854594
vt 0.577087 0.581879
vt 0.647556 0.253870
vt 0.491106 0.252470
vt 0.488238 0.576096
vt 0.644688 0.577497
vt 0.487899 0.614346
vt 0.644349 0.615747
vt 0.340385 0.199905
vt 0.340156 0.225719
vt 0.489239 0.462955
vt 0.630309 0.464218
vt 0.336452 0.643697
vt 0.448512 0.741161
vt 0.330319 0.740103
vt 0.448493 0.743294
vt 0.319366 0.844377
vt 0.448859 0.701968
vt 0.330667 0.700910
vt 0.517899 0.421373
vt 0.502602 0.420653
vt 0.576265 0.674686
vt 0.391662 0.240864
vt 0.575183 0.796702
vt 0.335238 0.780715
vt 0.804131 0.241343
vt 0.647679 0.239943
vt 0.576895 0.603505
vt 0.627875 0.738893
vt 0.486805 0.737630
vt 0.801351 0.554990
vt 0.630191 0.477522
vt 0.488886 0.502866
vt 0.629955 0.504129
vt 0.489122 0.476259
vt 0.487433 0.666940
vt 0.643883 0.668341
vt 0.487390 0.671722
vt 0.643840 0.673123
vt 0.330461 0.724106
vt 0.448653 0.725164
vt 0.574185 0.909320
vt 0.574471 0.877054
vt 0.573875 0.944372
vt 0.448171 0.779551
vt 0.329979 0.778493
vt 0.490538 0.316444
vt 0.490492 0.321649
vt 0.631607 0.317707
vt 0.489593 0.423045
vt 0.630604 0.430960
vt 0.489534 0.429697
vt 0.630663 0.424308
vt 0.574958 0.822140
vt 0.576703 0.625227
vt 0.490145 0.360936
vt 0.630957 0.391049
vt 0.489888 0.389785
vt 0.225320 0.700353
vt 0.330663 0.701296
vt 0.574732 0.847622
vt 0.799529 0.760587
vt 0.799445 0.770150
vt 0.799106 0.808400
vt 0.802580 0.416333
vt 0.646128 0.414932
vt 0.448549 0.736895
vt 0.330357 0.735837
vt 0.800504 0.650617
vt 0.644052 0.649217
vt 0.800419 0.660179
vt 0.485675 0.865227
vt 0.626744 0.866490
vt 0.330527 0.716642
vt 0.448720 0.717700
vt 0.510236 0.422628
vt 0.510297 0.415684
vt 0.576485 0.649870
vt 0.329829 0.795452
vt 0.435173 0.796396
vt 0.644095 0.644435
vt 0.800546 0.645835
vt 0.644137 0.639654
vt 0.800589 0.641055
vt 0.319915 0.782436
vt 0.489243 0.462710
vt 0.489320 0.453996
vt 0.645770 0.455396
vt 0.329781 0.800827
vt 0.447973 0.801885
vt 0.417913 0.892836
vt 0.417654 0.922110
vt 0.646086 0.419714
vt 0.802538 0.421114
vt 0.487727 0.633599
vt 0.628797 0.634862
vt 0.336580 0.629193
vt 0.418149 0.866193
vt 0.525024 0.412063
vt 0.525195 0.392769
vt 0.431943 0.391935
vt 0.432131 0.370675
vt 0.525383 0.371510
vt 0.486547 0.766834
vt 0.627616 0.768097
vt 0.448786 0.710234
vt 0.330593 0.709176
vt 0.643571 0.703528
vt 0.487121 0.702127
vt 0.323972 0.324602
vt 0.323451 0.383412
vt 0.324427 0.273296
vt 0.324804 0.230756
vt 0.799572 0.755806
vt 0.801309 0.559772
vt 0.801267 0.564554
vt 0.322866 0.449378
vt 0.322276 0.516017
vt 0.321390 0.615974
vt 0.330433 0.727305
vt 0.448625 0.728363
vt 0.798936 0.827525
vt 0.800335 0.669742
vt 0.330744 0.692145
vt 0.448949 0.691839
vt 0.330756 0.690781
vt 0.448937 0.693203
vt 0.800631 0.636273
vt 0.804069 0.248309
vt 0.647617 0.246909
vt 0.798134 0.918048
vt 0.798039 0.928737
vt 0.630722 0.417656
vt 0.489652 0.416392
vt 0.320504 0.715931
vt 0.485568 0.877309
vt 0.626637 0.878572
vt 0.485459 0.889607
vt 0.626528 0.890870
vt 0.324986 0.210132
vt 0.800292 0.674523
vt 0.800165 0.688867
vt 0.800080 0.698429
vt 0.488874 0.504209
vt 0.629943 0.505472
vt 0.490789 0.288083
vt 0.631859 0.289346
vt 0.491168 0.245464
vt 0.804069 0.248265
vt 0.490974 0.267295
vt 0.334522 0.265894
vt 0.334456 0.273314
vt 0.485347 0.902155
vt 0.626417 0.903418
vt 0.320799 0.682612
vt 0.334596 0.257446
vt 0.662684 0.520277
vt 0.702956 0.515856
vt 0.798851 0.837089
vt 0.418441 0.833281
vt 0.801139 0.578897
vt 0.418671 0.807341
vt 0.420108 0.645205
vt 0.419736 0.687200
vt 0.420480 0.603208
vt 0.420852 0.561212
vt 0.749760 0.521057
vt 0.782225 0.516565
vt 0.448748 0.714500
vt 0.330556 0.713442
vt 0.418993 0.771039
vt 0.325124 0.194621
vt 0.491167 0.245508
vt 0.800716 0.626710
vt 0.422341 0.393228
vt 0.421596 0.477220
vt 0.801775 0.507177
vt 0.801715 0.513968
vt 0.489279 0.458542
vt 0.630348 0.459804
vt 0.325222 0.183533
vt 0.423050 0.313197
vt 0.423594 0.251766
vt 0.325324 0.172020
vt 0.798767 0.846650
vt 0.628662 0.650084
vt 0.487592 0.648821
vt 0.212580 0.688019
vt 0.330771 0.689077
vt 0.800801 0.617148
vt 0.490060 0.370500
vt 0.489975 0.380063
vt 0.628265 0.694894
vt 0.487195 0.693631
vt 0.802495 0.425894
vt 0.646044 0.424494
vt 0.802453 0.430676
vt 0.490877 0.278190
vt 0.631946 0.279453
vt 0.486701 0.749405
vt 0.627770 0.750668
vt 0.802368 0.440239
vt 0.423819 0.226363
vt 0.802199 0.459365
vt 0.490974 0.267195
vt 0.632044 0.268458
vt 0.489678 0.413531
vt 0.489721 0.408751
vt 0.334541 0.263662
vt 0.798639 0.861076
vt 0.420893 0.246528
vt 0.376395 0.246961
vt 0.420885 0.247359
vt 0.376402 0.246130
vt 0.376391 0.247376
vt 0.420882 0.247774
vt 0.376410 0.245299
vt 0.420900 0.245697
vt 0.420907 0.244866
vt 0.376417 0.244468
vt 0.424007 0.205195
vt 0.325483 0.154027
vt 0.424127 0.191650
vt 0.448964 0.690135
vt 0.646233 0.403108
vt 0.489783 0.401708
vt 0.645924 0.437967
vt 0.489474 0.436566
vt 0.804007 0.255271
vt 0.420926 0.242788
vt 0.376436 0.242390
vt 0.420922 0.243204
vt 0.376432 0.242806
vt 0.376439 0.241975
vt 0.420929 0.242373
vt 0.420915 0.244035
vt 0.376424 0.243637
vt 0.420933 0.241957
vt 0.376443 0.241559
vt 0.420937 0.241542
vt 0.376447 0.241144
vt 0.420940 0.241126
vt 0.376450 0.240728
vt 0.376454 0.240313
vt 0.420944 0.240711
vt 0.376458 0.239897
vt 0.420948 0.240295
vt 0.376461 0.239482
vt 0.420952 0.239880
vt 0.420955 0.239464
vt 0.376465 0.239066
vt 0.632154 0.256004
vt 0.491085 0.254741
vt 0.632272 0.242700
vt 0.491203 0.241437
vt 0.424243 0.178537
vt 0.489806 0.399187
vt 0.798528 0.873544
vt 0.798475 0.879563
vt 0.798423 0.885429
vt 0.798385 0.889751
vt 0.338690 0.391100
vt 0.338879 0.369841
vt 0.490627 0.306396
vt 0.631696 0.307658
vt 0.424334 0.168237
vt 0.491229 0.238542
vt 0.212166 0.734779
vt 0.212241 0.726247
vt 0.212270 0.723048
vt 0.802801 0.391437
vt 0.802685 0.404509
vt 0.212128 0.739045
vt 0.424439 0.156427
vt 0.462030 0.143973
vt 0.804477 0.202316
vt 0.491436 0.215173
vt 0.804338 0.217974
vt 0.491575 0.199515
vt 0.491326 0.227609
vt 0.804228 0.230410
vt 0.491240 0.237278
vt 0.804142 0.240080
vt 0.429030 0.144806
vt 0.448979 0.688431
vt 0.802878 0.382722
vt 0.435730 0.733457
vt 0.435745 0.731756
vt 0.330402 0.730813
vt 0.330387 0.732514
vt 0.330371 0.734215
vt 0.435715 0.735158
vt 0.490716 0.296380
vt 0.631785 0.297643
vt 0.802376 0.439368
vt 0.632331 0.236048
vt 0.491261 0.234785
vt 0.803641 0.296659
vt 0.803341 0.330434
vt 0.803187 0.347862
vt 0.803071 0.360936
vt 0.489009 0.488986
vt 0.630078 0.490249
vt 0.212565 0.689723
vt 0.335455 0.160543
vt 0.491866 0.166725
vt 0.803958 0.260842
vt 0.435565 0.752168
vt 0.224878 0.750282
vt 0.224848 0.753684
vt 0.435534 0.755570
vt 0.632508 0.216093
vt 0.491379 0.221482
vt 0.632449 0.222745
vt 0.491320 0.228134
vt 0.632390 0.229397
vt 0.436267 0.672868
vt 0.436297 0.669466
vt 0.448995 0.686581
vt 0.435625 0.745365
vt 0.224938 0.743478
vt 0.803032 0.365293
vt 0.799784 0.731899
vt 0.799583 0.754593
vt 0.631981 0.275566
vt 0.490809 0.285861
vt 0.631878 0.287124
vt 0.490911 0.274303
vt 0.802221 0.456797
vt 0.212109 0.741177
vt 0.224833 0.755385
vt 0.435519 0.757271
vt 0.491296 0.230985
vt 0.339170 0.336996
vt 0.339943 0.249704
vt 0.800831 0.613662
vt 0.800986 0.596232
vt 0.800214 0.683379
vt 0.803764 0.282723
vt 0.801642 0.522157
vt 0.801488 0.539587
vt 0.435007 0.815106
vt 0.224320 0.813220
vt 0.224200 0.826828
vt 0.434886 0.828714
vt 0.435052 0.810003
vt 0.224365 0.808117
vt 0.224169 0.830230
vt 0.434856 0.832116
vt 0.632097 0.262432
vt 0.491028 0.261169
vt 0.211590 0.799769
vt 0.211534 0.806036
vt 0.211491 0.810907
vt 0.802144 0.465512
vt 0.800175 0.687737
vt 0.435655 0.741962
vt 0.224968 0.740076
vt 0.801333 0.557016
vt 0.449004 0.685549
vt 0.436237 0.676270
vt 0.224818 0.757087
vt 0.632229 0.247497
vt 0.491160 0.246234
vt 0.224388 0.805612
vt 0.224294 0.816157
vt 0.224363 0.808366
vt 0.643675 0.691737
vt 0.800098 0.696452
vt 0.225301 0.702565
vt 0.330644 0.703508
vt 0.800059 0.700808
vt 0.643640 0.695685
vt 0.643606 0.699616
vt 0.800021 0.705166
vt 0.801102 0.583161
vt 0.224034 0.845539
vt 0.434705 0.849127
vt 0.434720 0.847426
vt 0.224019 0.847241
vt 0.434660 0.854230
vt 0.223973 0.852344
vt 0.224139 0.833633
vt 0.434826 0.835519
vt 0.801951 0.487298
vt 0.435685 0.738560
vt 0.224998 0.736674
vt 0.798866 0.835436
vt 0.799217 0.795857
vt 0.435504 0.758973
vt 0.799483 0.765861
vt 0.798655 0.859297
vt 0.804598 0.188652
vt 0.491696 0.185850
vt 0.224697 0.770694
vt 0.435233 0.789591
vt 0.435384 0.772581
vt 0.224546 0.787705
vt 0.435203 0.792993
vt 0.224525 0.790121
vt 0.224516 0.791107
vt 0.635853 0.156806
vt 0.635943 0.146658
vt 0.798466 0.880605
vt 0.485853 0.845223
vt 0.172910 0.846796
vt 0.485814 0.849597
vt 0.172948 0.842422
vt 0.485787 0.852681
vt 0.172882 0.849880
vt 0.485665 0.866456
vt 0.172760 0.863655
vt 0.798323 0.896714
vt 0.802067 0.474226
vt 0.435700 0.736859
vt 0.225014 0.734973
vt 0.491333 0.226770
vt 0.803922 0.264873
vt 0.647470 0.263472
vt 0.803903 0.267020
vt 0.798251 0.904907
vt 0.803840 0.274155
vt 0.799416 0.773356
vt 0.224803 0.758787
vt 0.435489 0.760673
vt 0.224757 0.763891
vt 0.435444 0.765777
vt 0.224064 0.842137
vt 0.434751 0.844024
vt 0.491295 0.231012
vt 0.632364 0.232274
vt 0.424552 0.143638
vt 0.801218 0.570087
vt 0.212553 0.691086
vt 0.615899 0.681144
vt 0.523082 0.631196
vt 0.801140 0.578803
vt 0.798177 0.913206
vt 0.798102 0.921615
vt 0.486000 0.828682
vt 0.172993 0.837334
vt 0.485898 0.840135
vt 0.173095 0.825881
vt 0.798027 0.930140
vt 0.797950 0.938789
vt 0.224787 0.760488
vt 0.435474 0.762374
vt 0.212090 0.743309
vt 0.212289 0.720915
vt 0.435074 0.807498
vt 0.224094 0.838736
vt 0.211641 0.793957
vt 0.211788 0.777435
vt 0.434781 0.840622
vt 0.224109 0.837035
vt 0.173725 0.754726
vt 0.330302 0.742042
vt 0.485551 0.879298
vt 0.172646 0.876497
vt 0.224380 0.806416
vt 0.434796 0.838921
vt 0.448928 0.694189
vt 0.224124 0.835334
vt 0.434811 0.837220
vt 0.210968 0.869952
vt 0.210951 0.871812
vt 0.522575 0.688358
vt 0.335124 0.793566
vt 0.336079 0.685794
vt 0.521619 0.796245
vt 0.449026 0.683138
vt 0.449053 0.680011
vt 0.447999 0.799003
vt 0.802028 0.478583
vt 0.645577 0.477182
vt 0.486100 0.817390
vt 0.173195 0.814589
vt 0.329798 0.798910
vt 0.447990 0.799968
vt 0.522938 0.647433
vt 0.616184 0.648960
vt 0.330736 0.693130
vt 0.329807 0.797944
vt 0.211948 0.759306
vt 0.211986 0.755041
vt 0.211911 0.763572
vt 0.211598 0.798814
vt 0.211607 0.797852
vt 0.211615 0.796886
vt 0.491421 0.216920
vt 0.491534 0.204143
vt 0.487191 0.694284
vt 0.211472 0.813110
vt 0.486141 0.812688
vt 0.173237 0.809886
vt 0.804682 0.179089
vt 0.491781 0.176288
vt 0.212062 0.746509
vt 0.173850 0.740641
vt 0.486630 0.757528
vt 0.173767 0.750084
vt 0.615760 0.696817
vt 0.225059 0.729870
vt 0.487226 0.690336
vt 0.211633 0.794939
vt 0.486181 0.808202
vt 0.173276 0.805400
vt 0.211826 0.773169
vt 0.177325 0.348573
vt 0.173644 0.763886
vt 0.486549 0.766687
vt 0.173364 0.795505
vt 0.486269 0.798306
vt 0.334872 0.821931
vt 0.521370 0.824421
vt 0.303277 0.527049
vt 0.469045 0.540169
vt 0.618999 0.331289
vt 0.524624 0.457188
vt 0.617876 0.458023
vt 0.525747 0.330454
vt 0.303656 0.484336
vt 0.419688 0.488102
vt 0.304057 0.439058
vt 0.420113 0.440097
vt 0.304521 0.386639
vt 0.420578 0.387678
vt 0.212081 0.744376
vt 0.330272 0.745434
vt 0.804767 0.169526
vt 0.491908 0.161943
vt 0.225294 0.703359
vt 0.330637 0.704302
vt 0.330613 0.706942
vt 0.225270 0.705999
vt 0.305028 0.329499
vt 0.421084 0.330538
vt 0.632499 0.217052
vt 0.491362 0.223400
vt 0.632432 0.224663
vt 0.489127 0.475782
vt 0.449088 0.676082
vt 0.615623 0.712281
vt 0.448464 0.746493
vt 0.615473 0.729246
vt 0.522243 0.725837
vt 0.615857 0.685877
vt 0.522619 0.683496
vt 0.334613 0.851198
vt 0.521113 0.853412
vt 0.435918 0.712299
vt 0.449107 0.673949
vt 0.619821 0.238549
vt 0.526583 0.236074
vt 0.526569 0.237715
vt 0.619836 0.236908
vt 0.526533 0.241747
vt 0.619746 0.247012
vt 0.526494 0.246177
vt 0.615708 0.702683
vt 0.615288 0.750136
vt 0.436194 0.681131
vt 0.436145 0.686702
vt 0.436105 0.691126
vt 0.436075 0.694567
vt 0.436049 0.697479
vt 0.436007 0.702239
vt 0.618053 0.438074
vt 0.618698 0.365319
vt 0.617731 0.474452
vt 0.619723 0.249639
vt 0.526598 0.234450
vt 0.619850 0.235285
vt 0.224486 0.794509
vt 0.526642 0.229430
vt 0.619895 0.230265
vt 0.421449 0.289390
vt 0.305392 0.288351
vt 0.522797 0.663309
vt 0.616040 0.665208
vt 0.211854 0.769970
vt 0.212544 0.692072
vt 0.212540 0.692598
vt 0.212298 0.719848
vt 0.211460 0.814466
vt 0.211428 0.818066
vt 0.175503 0.554169
vt 0.331955 0.555570
vt 0.175799 0.520701
vt 0.211332 0.828837
vt 0.211009 0.865345
vt 0.210985 0.868009
vt 0.332251 0.522101
vt 0.526666 0.226806
vt 0.619918 0.227641
vt 0.329723 0.807359
vt 0.211269 0.835955
vt 0.334364 0.879261
vt 0.520868 0.881082
vt 0.449126 0.671817
vt 0.615219 0.757905
vt 0.615488 0.727582
vt 0.521770 0.779276
vt 0.614988 0.783966
vt 0.211863 0.768903
vt 0.526605 0.233674
vt 0.619857 0.234509
vt 0.306941 0.113650
vt 0.422997 0.114689
vt 0.423528 0.054788
vt 0.307471 0.053749
vt 0.422267 0.197113
vt 0.306210 0.196074
vt 0.421720 0.258784
vt 0.305664 0.257745
vt 0.211882 0.766771
vt 0.177282 0.353354
vt 0.333777 0.349973
vt 0.211218 0.841777
vt 0.526700 0.222869
vt 0.619953 0.223704
vt 0.491676 0.188088
vt 0.491831 0.170658
vt 0.211159 0.848440
vt 0.225231 0.710413
vt 0.435957 0.707885
vt 0.520646 0.906126
vt 0.334141 0.904456
vt 0.211079 0.857407
vt 0.616080 0.660741
vt 0.522836 0.658945
vt 0.616857 0.572995
vt 0.523605 0.572160
vt 0.617266 0.526945
vt 0.524013 0.526110
vt 0.491753 0.179373
vt 0.614852 0.799281
vt 0.521631 0.794890
vt 0.615091 0.772360
vt 0.614218 0.870818
vt 0.521152 0.848975
vt 0.613609 0.939581
vt 0.520510 0.921398
vt 0.527016 0.187241
vt 0.620189 0.197020
vt 0.212326 0.716649
vt 0.225089 0.726468
vt 0.435760 0.730055
vt 0.435776 0.728354
vt 0.225074 0.728169
vt 0.212506 0.696441
vt 0.212475 0.699852
vt 0.615085 0.773025
vt 0.212524 0.694344
vt 0.212402 0.708118
vt 0.616241 0.642559
vt 0.616070 0.661891
vt 0.526635 0.230263
vt 0.619887 0.231098
vt 0.619929 0.226423
vt 0.526676 0.225588
vt 0.526973 0.192156
vt 0.620225 0.192991
vt 0.225179 0.716298
vt 0.435806 0.724951
vt 0.435866 0.718184
vt 0.225119 0.723065
vt 0.520424 0.931141
vt 0.333919 0.929470
vt 0.520769 0.892187
vt 0.613928 0.903581
vt 0.521023 0.863546
vt 0.614194 0.873498
vt 0.521630 0.795015
vt 0.614840 0.800700
vt 0.527412 0.142557
vt 0.620390 0.174362
vt 0.527568 0.124941
vt 0.620483 0.163912
vt 0.212364 0.712384
vt 0.520024 0.976316
vt 0.333666 0.958080
vt 0.520170 0.959750
vt 0.333524 0.974066
vt 0.519890 0.991434
vt 0.333385 0.989764
vt 0.333793 0.943752
vt 0.520296 0.945588
vt 0.212336 0.715583
vt 0.527752 0.104232
vt 0.620865 0.120808
vt 0.621102 0.093976
vt 0.527612 0.119974
vt 0.527850 0.093141
vt 0.527377 0.146514
vt 0.620904 0.116397
vt 0.527707 0.109290
vt 0.620629 0.147349
vt 0.621149 0.088702
vt 0.527897 0.087867
vt 0.527405 0.143349
vt 0.521302 0.832087
vt 0.614510 0.837907
vt 0.614730 0.813043
vt 0.520865 0.881424
vt 0.520977 0.868706
s 1
usemtl Material_4
f 1/1/1 2/2/2 3/3/3
f 2/2/2 1/1/1 4/4/4
f 5/1/5 6/2/6 7/4/7
f 6/2/6 5/1/5 8/3/8
f 9/5/9 10/6/10 11/7/11
f 12/5/12 13/7/13 14/6/14
f 15/8/15 11/7/16 16/9/17
f 17/8/18 18/9/19 13/7/20
f 19/10/21 20/11/22 21/12/23
f 20/11/22 22/13/24 21/12/23
f 22/13/24 20/11/22 23/14/25
f 19/10/21 21/12/23 24/11/26
f 22/13/24 24/11/26 21/12/23
f 24/11/26 22/13/24 25/14/27
f 26/15/28 27/16/29 28/17/30
f 29/15/31 30/17/32 31/16/33
f 32/18/34 33/19/35 27/16/36
f 34/18/37 31/16/38 35/19/39
f 36/20/40 37/21/41 38/22/42
f 37/21/41 36/20/40 39/23/43
f 39/23/43 40/24/44 37/21/41
f 40/24/44 39/23/43 41/25/45
f 42/21/46 43/20/47 44/22/48
f 43/20/47 42/21/46 45/23/49
f 46/24/50 45/23/51 42/21/52
f 45/23/51 46/24/50 47/25/53
f 48/26/54 49/27/55 50/28/56
f 49/27/55 48/26/54 51/29/57
f 52/26/58 53/27/59 54/29/60
f 53/27/59 52/26/58 55/28/61
f 56/30/62 57/31/63 58/32/64
f 58/32/64 57/31/63 59/33/65
f 58/32/64 59/33/65 60/34/66
f 58/32/64 60/34/66 61/35/67
f 57/31/63 56/30/62 62/36/68
f 62/36/68 56/30/62 63/37/69
f 64/38/70 63/37/69 56/30/62
f 63/37/69 64/38/70 65/39/71
f 65/39/71 64/38/70 66/40/72
f 67/41/73 66/40/72 64/38/70
f 66/40/72 67/41/73 68/42/74
f 68/42/74 67/41/73 69/43/75
f 69/43/75 67/41/73 70/44/76
f 71/45/77 72/22/78 37/21/79
f 38/22/80 71/45/81 73/46/82
f 44/22/83 74/45/84 75/21/85
f 74/45/84 44/22/83 76/46/86
f 77/47/87 78/48/88 79/49/89
f 79/49/89 80/50/90 77/47/87
f 81/47/91 82/49/92 83/48/93
f 84/50/94 82/49/92 81/47/91
f 85/51/95 86/52/96 87/53/97
f 86/52/96 85/51/95 88/54/98
f 88/54/98 89/51/99 86/52/96
f 89/51/99 90/53/100 86/52/96
f 91/55/101 92/56/102 93/57/103
f 94/55/104 93/57/103 92/56/102
f 95/58/105 96/59/106 85/51/95
f 95/58/105 85/51/95 87/53/97
f 97/58/107 89/51/99 98/59/108
f 89/51/99 97/58/107 90/53/100
f 99/60/109 100/61/110 101/62/111
f 100/61/110 99/60/109 102/63/103
f 103/62/112 100/61/110 104/60/104
f 104/60/104 100/61/110 102/63/103
f 105/64/113 106/65/114 107/66/115
f 106/65/114 105/64/113 108/67/116
f 109/68/117 107/66/115 106/65/114
f 107/66/115 109/68/117 110/69/118
f 111/70/119 110/69/118 109/68/117
f 110/69/118 111/70/119 112/71/120
f 113/65/121 114/64/122 115/66/123
f 114/64/122 113/65/121 116/67/124
f 115/66/123 117/68/125 113/65/121
f 117/68/125 115/66/123 118/69/126
f 118/69/126 119/70/127 117/68/125
f 119/70/127 118/69/126 120/71/128
f 121/72/129 122/73/130 123/74/131
f 122/73/130 121/72/129 124/75/132
f 125/75/133 121/72/129 126/73/134
f 123/74/131 126/73/134 121/72/129
f 127/76/135 128/77/136 129/78/137
f 130/79/138 129/78/137 128/77/136
f 127/76/135 3/3/3 2/2/2
f 3/3/3 127/76/135 129/78/137
f 128/77/136 131/80/139 130/79/138
f 131/80/139 128/77/136 132/81/140
f 133/78/141 134/79/142 135/77/143
f 133/78/141 135/77/143 136/76/144
f 137/80/145 135/77/143 134/79/142
f 138/81/146 135/77/143 137/80/145
f 8/3/8 136/76/144 6/2/6
f 136/76/144 8/3/8 133/78/141
f 124/75/132 139/82/147 122/73/130
f 139/82/147 124/75/132 140/83/148
f 141/83/149 125/75/133 142/82/150
f 126/73/134 142/82/150 125/75/133
f 143/84/151 144/85/152 120/71/128
f 119/70/127 120/71/128 144/85/152
f 145/86/153 146/87/154 147/88/155
f 146/87/154 145/86/153 148/89/156
f 148/89/156 149/90/157 146/87/154
f 150/86/158 151/87/159 152/89/160
f 152/89/160 151/87/159 153/90/161
f 151/87/159 150/86/158 154/88/162
f 155/85/163 156/84/164 112/71/120
f 112/71/120 111/70/119 155/85/163
f 157/91/165 158/92/166 159/93/167
f 158/92/166 160/94/168 159/93/167
f 159/93/167 161/92/169 157/91/165
f 161/92/169 159/93/167 162/94/170
f 163/95/171 164/96/172 80/50/90
f 80/50/90 79/49/89 163/95/171
f 165/96/173 166/95/174 84/50/94
f 82/49/92 84/50/94 166/95/174
f 167/97/175 168/98/176 169/99/177
f 168/98/176 167/97/175 170/100/178
f 170/100/178 171/101/179 168/98/176
f 171/101/179 170/100/178 172/102/180
f 172/102/180 173/103/181 171/101/179
f 173/103/181 172/102/180 174/104/154
f 167/97/182 175/98/183 176/100/184
f 175/98/183 167/97/182 169/99/177
f 177/101/185 176/100/184 175/98/183
f 176/100/184 177/101/185 178/102/162
f 178/102/162 179/103/186 180/104/159
f 179/103/186 178/102/162 177/101/185
f 174/104/154 181/105/187 173/103/181
f 181/105/187 174/104/154 182/106/188
f 180/104/159 183/105/189 184/106/190
f 183/105/189 180/104/159 179/103/186
f 185/107/191 186/108/192 187/109/193
f 186/108/192 185/107/191 188/110/194
f 189/108/195 190/107/196 191/109/197
f 190/107/196 189/108/195 192/110/198
f 193/93/199 194/111/178 195/112/200
f 194/111/178 193/93/199 145/86/153
f 145/86/153 147/88/155 194/111/178
f 159/93/201 196/111/202 150/86/158
f 150/86/158 196/111/202 154/88/162
f 196/111/203 197/93/204 195/112/205
f 85/51/95 198/113/206 199/114/207
f 198/113/206 85/51/95 96/59/106
f 168/98/176 200/115/208 169/99/177
f 200/115/208 168/98/176 201/116/209
f 171/101/179 201/116/209 168/98/176
f 201/116/209 171/101/179 202/117/210
f 171/101/179 203/118/211 202/117/210
f 203/118/211 171/101/179 173/103/181
f 89/51/99 204/113/212 98/59/108
f 204/113/212 89/51/99 205/114/213
f 175/98/183 169/99/177 200/115/208
f 175/98/183 200/115/208 206/116/214
f 177/101/185 175/98/183 206/116/214
f 177/101/185 206/116/214 207/117/215
f 208/118/216 177/101/185 207/117/215
f 177/101/185 208/118/216 179/103/186
f 160/94/168 158/92/166 209/119/217
f 209/119/217 210/120/218 160/94/168
f 162/94/170 211/119/219 161/92/169
f 162/94/170 212/120/220 211/119/219
f 213/121/221 214/122/222 156/84/164
f 156/84/164 155/85/163 213/121/221
f 215/122/223 216/121/224 143/84/151
f 144/85/152 143/84/151 216/121/224
f 217/123/225 218/124/226 219/125/227
f 220/126/228 219/125/227 218/124/226
f 221/125/229 222/126/230 223/124/231
f 221/125/229 223/124/231 224/123/232
f 149/90/157 148/89/156 225/127/233
f 225/127/233 226/128/234 149/90/157
f 153/90/161 227/127/235 152/89/160
f 227/127/235 153/90/161 228/128/236
f 229/129/237 78/48/88 230/130/238
f 78/48/88 77/47/87 230/130/238
f 231/129/239 232/130/240 83/48/93
f 81/47/91 83/48/93 232/130/240
f 96/59/106 233/131/241 234/132/242
f 233/131/241 96/59/106 95/58/105
f 98/59/108 235/131/243 97/58/107
f 235/131/243 98/59/108 236/132/244
f 164/96/172 163/95/171 237/133/245
f 164/96/172 237/133/245 238/134/246
f 239/134/247 240/133/248 165/96/173
f 166/95/174 165/96/173 240/133/248
f 241/135/249 242/136/250 243/137/251
f 243/137/251 242/136/250 244/138/252
f 245/136/253 246/135/254 247/137/255
f 247/137/255 248/138/256 245/136/253
f 233/131/241 249/139/257 234/132/242
f 249/139/257 250/140/258 234/132/242
f 235/131/243 236/132/244 251/139/259
f 251/139/259 236/132/244 252/140/260
f 253/141/261 248/138/256 247/137/255
f 248/138/256 253/141/261 254/142/262
f 255/141/263 244/138/252 256/142/264
f 244/138/252 255/141/263 243/137/251
f 257/143/265 96/59/106 234/132/242
f 96/59/106 257/143/265 198/113/206
f 258/143/266 98/59/108 204/113/212
f 98/59/108 258/143/266 236/132/244
f 241/135/249 259/144/267 242/136/250
f 259/144/267 241/135/249 260/145/268
f 246/135/254 261/144/269 262/145/270
f 261/144/269 246/135/254 245/136/253
f 263/146/271 101/62/111 100/61/110
f 101/62/111 263/146/271 264/147/272
f 103/62/112 263/146/271 100/61/110
f 263/146/271 103/62/112 265/147/273
f 266/148/274 210/120/218 267/149/275
f 209/119/217 267/149/275 210/120/218
f 268/149/276 211/119/219 212/120/220
f 268/149/276 212/120/220 269/148/277
f 264/147/272 263/146/271 270/150/278
f 270/150/278 271/151/279 264/147/272
f 265/147/273 270/150/278 263/146/271
f 270/150/278 265/147/273 272/151/280
f 88/54/98 85/51/95 199/114/207
f 88/54/281 273/114/282 274/152/283
f 88/54/98 205/114/213 89/51/99
f 275/114/284 88/54/281 274/152/283
f 255/141/263 276/153/285 277/154/208
f 276/153/285 255/141/263 256/142/264
f 253/141/261 277/154/208 276/153/285
f 253/141/261 276/153/285 254/142/262
f 278/155/286 279/156/287 280/157/288
f 279/156/287 278/155/286 281/158/289
f 182/106/188 282/159/290 181/105/187
f 282/159/290 182/106/188 283/160/291
f 184/106/190 284/159/292 285/160/293
f 284/159/292 184/106/190 183/105/189
f 286/161/294 217/123/225 287/162/295
f 217/123/225 286/161/294 218/124/226
f 288/161/296 289/162/297 224/123/232
f 224/123/232 223/124/231 288/161/296
f 281/158/289 290/163/298 291/164/299
f 290/163/298 281/158/289 278/155/286
f 292/165/300 293/166/301 294/167/302
f 294/167/302 295/168/303 292/165/300
f 295/168/303 296/169/304 297/165/305
f 296/169/304 295/168/303 298/170/306
f 299/171/307 300/172/308 301/173/309
f 300/172/308 299/171/307 302/174/310
f 303/175/311 302/174/310 299/171/307
f 302/174/310 303/175/311 304/176/312
f 305/177/313 304/176/312 303/175/311
f 304/176/312 305/177/313 306/178/314
f 307/171/315 300/172/308 308/174/316
f 300/172/308 307/171/315 301/173/309
f 309/175/317 307/171/315 308/174/316
f 308/174/316 310/176/318 309/175/317
f 310/176/318 311/177/319 309/175/317
f 311/177/319 310/176/318 312/178/320
f 313/179/321 314/180/322 315/181/323
f 313/179/321 315/181/323 316/182/324
f 315/181/323 317/183/325 316/182/324
f 317/183/325 315/181/323 318/184/326
f 319/179/327 320/181/328 321/180/329
f 320/181/328 319/179/327 322/182/330
f 323/183/331 320/181/328 322/182/330
f 320/181/328 323/183/331 324/184/332
f 325/185/333 326/186/334 327/187/335
f 326/186/334 325/185/333 328/188/336
f 329/189/337 328/188/336 325/185/333
f 330/185/338 331/186/339 332/188/340
f 332/188/340 333/189/341 330/185/338
f 242/136/250 334/190/313 244/138/252
f 244/138/252 334/190/313 335/191/342
f 245/136/253 248/138/256 336/190/319
f 248/138/256 337/191/317 336/190/319
f 338/192/343 181/105/187 282/159/290
f 181/105/187 338/192/343 339/193/268
f 339/193/268 173/103/181 181/105/187
f 173/103/181 339/193/268 203/118/211
f 183/105/189 340/192/344 284/159/292
f 340/192/344 183/105/189 341/193/345
f 179/103/186 341/193/345 183/105/189
f 341/193/345 179/103/186 208/118/216
f 342/194/346 343/195/347 344/196/348
f 343/195/347 342/194/346 345/197/349
f 346/198/350 345/197/349 342/194/346
f 345/197/349 346/198/350 347/199/351
f 346/198/350 348/200/352 347/199/351
f 348/200/352 346/198/350 349/201/353
f 349/201/353 140/83/148 348/200/352
f 140/83/148 349/201/353 139/82/147
f 350/195/354 351/194/355 352/196/356
f 351/194/355 350/195/354 353/197/357
f 353/197/357 354/198/358 351/194/355
f 354/198/358 353/197/357 355/199/359
f 356/200/360 354/198/358 355/199/359
f 357/201/361 354/198/358 356/200/360
f 357/201/361 356/200/360 141/83/149
f 142/82/150 357/201/361 141/83/149
f 358/202/362 359/29/363 360/26/364
f 361/29/365 358/202/366 362/203/367
f 363/204/368 358/202/362 360/26/364
f 363/204/368 364/205/369 358/202/362
f 365/29/370 366/202/371 367/26/372
f 366/202/371 365/29/370 368/203/373
f 366/202/371 369/204/374 367/26/372
f 369/204/374 366/202/371 370/205/375
f 371/206/376 372/207/377 373/208/378
f 371/206/376 373/208/378 374/209/379
f 280/157/288 371/206/376 374/209/379
f 371/206/376 280/157/288 279/156/287
f 375/166/380 376/208/380 372/207/381
f 372/207/377 294/167/302 293/166/301
f 377/210/382 378/211/383 379/212/384
f 378/211/383 377/210/382 380/213/385
f 381/214/386 379/212/384 378/211/383
f 379/212/384 381/214/386 382/215/387
f 191/109/197 382/215/387 381/214/386
f 382/215/387 191/109/197 190/107/196
f 383/211/388 384/210/389 385/212/390
f 384/210/389 383/211/388 386/213/391
f 385/212/390 387/214/392 383/211/388
f 387/214/392 385/212/390 388/215/393
f 388/215/393 187/109/193 387/214/392
f 187/109/193 388/215/393 185/107/191
f 257/143/265 234/132/242 250/140/258
f 250/140/258 389/216/394 257/143/265
f 244/138/252 390/217/395 256/142/264
f 390/217/395 244/138/252 335/191/342
f 248/138/256 254/142/262 391/217/396
f 248/138/256 391/217/396 337/191/317
f 392/218/397 393/219/398 394/220/399
f 393/219/398 392/218/397 395/221/400
f 396/219/401 397/218/402 398/220/403
f 397/218/402 396/219/401 399/221/404
f 258/143/266 252/140/260 236/132/244
f 252/140/260 258/143/266 400/216/405
f 401/222/406 402/223/407 403/224/408
f 404/225/409 403/224/408 402/223/407
f 405/226/410 402/223/407 401/222/406
f 406/223/411 405/226/412 407/227/413
f 225/127/233 408/228/414 226/128/234
f 408/228/414 409/229/415 226/128/234
f 228/128/236 410/228/416 227/127/235
f 410/228/416 228/128/236 411/229/417
f 412/230/418 298/170/306 413/231/419
f 298/170/306 412/230/418 414/169/420
f 415/232/421 412/230/418 413/231/419
f 416/230/422 415/232/423 417/233/422
f 256/142/264 418/234/424 276/153/285
f 418/234/424 256/142/264 390/217/395
f 254/142/262 276/153/285 418/234/424
f 254/142/262 418/234/424 391/217/396
f 419/235/425 420/236/426 421/237/427
f 420/236/426 422/238/428 421/237/427
f 423/235/429 424/237/430 425/236/431
f 426/238/432 425/236/431 424/237/430
f 427/239/433 306/178/314 305/177/313
f 306/178/314 427/239/433 428/240/434
f 311/177/319 312/178/320 429/239/435
f 312/178/320 430/240/436 429/239/435
f 431/187/437 432/241/437 433/185/437
f 434/242/343 435/243/438 260/145/268
f 260/145/268 435/243/438 259/144/267
f 436/242/344 262/145/270 437/243/439
f 262/145/270 261/144/269 437/243/439
f 438/244/440 238/134/246 237/133/245
f 238/134/246 438/244/440 439/245/441
f 438/244/440 440/246/442 439/245/441
f 440/246/442 438/244/440 441/247/443
f 240/133/248 239/134/247 442/244/444
f 442/244/444 239/134/247 443/245/445
f 444/246/446 442/244/444 443/245/445
f 442/244/444 444/246/446 445/247/447
f 446/248/448 447/249/449 448/250/450
f 446/248/448 449/251/451 447/249/449
f 446/248/448 116/67/124 449/251/451
f 116/67/124 446/248/448 114/64/122
f 450/251/452 451/248/453 452/249/454
f 452/249/454 451/248/453 453/250/455
f 108/67/116 451/248/453 450/251/452
f 451/248/453 108/67/116 105/64/113
f 249/139/257 454/252/456 250/140/258
f 454/252/456 455/253/457 250/140/258
f 252/140/260 456/252/458 251/139/259
f 456/252/458 252/140/260 457/253/459
f 424/237/430 423/235/429 458/254/460
f 423/235/429 459/255/461 458/254/460
f 460/256/462 458/254/460 459/255/461
f 458/254/460 460/256/462 461/257/463
f 421/237/427 462/254/464 419/235/425
f 419/235/425 462/254/464 463/255/465
f 462/254/464 464/256/466 463/255/465
f 464/256/466 462/254/464 465/257/467
f 466/258/468 467/259/469 468/260/470
f 467/259/469 466/258/468 469/261/471
f 470/262/472 469/261/471 466/258/468
f 469/261/471 470/262/472 471/263/473
f 470/262/472 472/264/474 471/263/473
f 472/264/474 470/262/472 473/265/475
f 473/265/475 474/266/476 472/264/474
f 474/266/476 473/265/475 475/267/477
f 474/266/476 475/267/477 476/268/478
f 476/268/478 477/269/479 474/266/476
f 478/258/480 479/260/481 480/259/482
f 478/258/480 480/259/482 481/261/483
f 482/262/484 478/258/480 481/261/483
f 482/262/484 481/261/483 483/263/485
f 484/264/486 482/262/484 483/263/485
f 482/262/484 484/264/486 485/265/487
f 486/266/488 485/265/487 484/264/486
f 485/265/487 486/266/488 487/267/489
f 486/266/488 488/268/490 487/267/489
f 486/266/488 489/269/491 488/268/490
f 316/182/324 490/270/492 491/271/493
f 490/270/492 316/182/324 317/183/325
f 492/272/494 317/183/325 493/273/495
f 317/183/325 492/272/494 490/270/492
f 313/179/321 491/271/493 494/274/496
f 491/271/493 313/179/321 316/182/324
f 495/275/497 313/179/321 494/274/496
f 495/275/497 494/274/496 496/276/498
f 497/277/499 222/126/230 221/125/229
f 222/126/230 497/277/499 498/278/500
f 267/149/275 499/279/501 266/148/274
f 499/279/501 500/280/502 266/148/274
f 322/182/330 501/270/503 323/183/331
f 501/270/503 322/182/330 502/271/504
f 503/272/505 323/183/331 501/270/503
f 323/183/331 503/272/505 504/273/506
f 502/271/504 319/179/327 505/274/507
f 319/179/327 502/271/504 322/182/330
f 506/275/508 505/274/507 319/179/327
f 505/274/507 506/275/508 507/276/509
f 268/149/276 269/148/277 508/279/510
f 508/279/510 269/148/277 509/280/511
f 510/277/512 220/126/228 511/278/513
f 220/126/228 510/277/512 219/125/227
f 213/121/221 512/281/514 214/122/222
f 214/122/222 512/281/514 513/282/515
f 216/121/224 215/122/223 514/281/516
f 215/122/223 515/282/517 514/281/516
f 516/283/518 282/159/290 283/160/291
f 282/159/290 516/283/518 517/284/519
f 518/283/520 285/160/293 284/159/292
f 284/159/292 519/284/521 518/283/520
f 520/285/522 521/286/523 522/225/524
f 521/286/523 403/224/408 404/225/409
f 523/182/525 524/287/526 525/288/527
f 524/287/526 523/182/525 526/271/528
f 523/182/525 527/274/529 526/271/528
f 527/274/529 523/182/525 528/179/530
f 528/179/530 529/276/531 527/274/529
f 529/276/531 528/179/530 530/275/532
f 531/276/533 528/179/530 532/274/534
f 528/179/530 531/276/533 530/275/532
f 532/274/534 528/179/530 523/182/525
f 532/274/534 523/182/525 533/271/535
f 523/182/525 534/287/536 533/271/535
f 534/287/536 523/182/525 525/288/527
f 535/233/537 536/289/538 537/290/539
f 536/289/538 535/233/537 415/232/421
f 435/243/438 538/291/540 259/144/267
f 538/291/540 435/243/438 539/292/541
f 538/291/540 242/136/250 259/144/267
f 242/136/250 538/291/540 334/190/313
f 540/291/542 437/243/439 261/144/269
f 437/243/439 540/291/542 541/292/543
f 245/136/253 540/291/542 261/144/269
f 540/291/542 245/136/253 336/190/319
f 271/151/279 270/150/278 542/293/544
f 271/151/279 542/293/544 543/294/545
f 272/151/280 542/293/544 270/150/278
f 542/293/544 272/151/280 544/294/546
f 250/140/258 545/295/547 389/216/394
f 545/295/547 250/140/258 546/253/548
f 252/140/260 547/295/549 457/253/550
f 547/295/549 252/140/260 400/216/405
f 548/296/551 549/297/552 550/298/553
f 551/299/554 550/298/553 549/297/552
f 552/298/555 553/299/556 554/297/557
f 552/298/555 554/297/557 555/296/558
f 499/279/501 556/300/559 500/280/502
f 556/300/559 557/301/560 500/280/502
f 508/279/510 509/280/511 558/300/561
f 558/300/561 509/280/511 559/301/562
f 549/297/552 548/296/551 560/302/563
f 560/302/563 548/296/551 561/303/564
f 562/302/565 563/303/566 555/296/558
f 555/296/558 554/297/557 562/302/565
f 564/290/567 565/304/568 566/305/569
f 565/304/568 564/290/567 536/289/538
f 567/285/570 568/305/570 565/304/571
f 565/304/568 521/286/523 520/285/522
f 569/306/572 570/307/573 434/242/343
f 434/242/343 570/307/573 435/243/438
f 436/242/344 437/243/439 571/307/574
f 436/242/344 571/307/574 572/306/575
f 543/294/545 542/293/544 573/308/576
f 543/294/545 573/308/576 574/309/577
f 544/294/546 573/308/576 542/293/544
f 573/308/576 544/294/546 575/309/578
f 455/253/457 454/252/456 576/310/579
f 576/310/579 577/311/580 455/253/457
f 457/253/459 578/310/581 456/252/458
f 578/310/581 457/253/459 579/311/582
f 333/189/341 332/188/340 580/312/583
f 580/312/583 581/313/584 333/189/341
f 229/129/237 230/130/238 581/313/584
f 580/312/583 229/129/237 581/313/584
f 328/188/336 329/189/337 582/312/585
f 583/313/586 582/312/585 329/189/337
f 232/130/240 231/129/239 583/313/586
f 582/312/585 583/313/586 231/129/239
f 422/238/428 420/236/426 584/314/587
f 584/314/587 585/315/588 422/238/428
f 425/236/431 426/238/432 586/314/589
f 586/314/589 426/238/432 587/315/590
f 588/242/541 428/240/434 427/239/433
f 428/240/434 588/242/541 589/243/591
f 430/240/436 590/242/592 429/239/435
f 590/242/592 430/240/436 591/243/593
f 592/316/594 593/317/595 594/318/596
f 594/318/596 595/319/597 592/316/594
f 596/317/598 597/316/599 598/318/600
f 597/316/599 599/319/601 598/318/600
f 600/320/602 601/321/603 602/322/604
f 601/321/603 600/320/602 603/323/605
f 604/320/606 605/321/607 606/323/608
f 605/321/607 604/320/606 607/322/609
f 608/324/610 394/220/399 609/325/611
f 394/220/399 608/324/610 392/218/397
f 610/324/612 398/220/403 397/218/402
f 398/220/403 610/324/612 611/325/613
f 601/321/603 612/326/614 602/322/604
f 612/326/614 601/321/603 613/327/615
f 605/321/607 607/322/609 614/326/616
f 614/326/616 615/327/617 605/321/607
f 612/326/614 613/327/615 616/328/618
f 616/328/618 613/327/615 617/329/619
f 614/326/616 618/328/620 615/327/617
f 618/328/620 619/329/621 615/327/617
f 620/330/622 621/331/623 622/332/624
f 622/332/624 623/333/625 620/330/622
f 624/333/626 625/332/627 626/330/628
f 627/331/629 626/330/628 625/332/627
f 628/334/630 629/335/631 630/336/632
f 629/335/631 628/334/630 631/337/633
f 632/335/634 628/334/630 630/336/632
f 628/334/630 632/335/634 633/337/635
f 634/338/636 635/339/637 636/340/638
f 637/341/639 636/340/638 635/339/637
f 638/342/640 635/339/637 634/338/636
f 635/339/637 638/342/640 639/343/641
f 640/340/642 641/341/643 642/339/644
f 640/340/642 642/339/644 643/338/645
f 642/339/644 644/342/646 643/338/645
f 644/342/646 642/339/644 645/343/647
f 637/341/639 646/344/648 636/340/638
f 646/344/648 637/341/639 647/345/649
f 648/344/650 641/341/643 640/340/642
f 641/341/643 648/344/650 649/345/651
f 618/328/620 650/346/652 619/329/621
f 650/346/652 651/347/653 619/329/621
f 616/328/618 617/329/619 652/346/654
f 652/346/654 617/329/619 653/347/655
f 654/348/656 287/162/295 655/349/657
f 654/348/656 286/161/294 287/162/295
f 656/348/658 289/162/297 288/161/296
f 656/348/658 657/349/659 289/162/297
f 556/300/559 658/350/660 557/301/560
f 658/350/660 556/300/559 659/351/661
f 558/300/561 660/350/662 661/351/663
f 660/350/662 558/300/561 559/301/562
f 662/352/664 663/353/665 664/354/666
f 665/355/667 664/354/666 663/353/665
f 666/353/668 667/352/669 668/354/670
f 668/354/670 669/355/671 666/353/668
f 282/159/290 670/356/672 338/192/343
f 670/356/672 282/159/290 517/284/519
f 284/159/292 671/356/673 519/284/521
f 671/356/673 284/159/292 340/192/344
f 672/357/674 673/358/675 674/359/676
f 673/358/675 675/360/677 674/359/676
f 672/357/674 674/359/676 409/229/415
f 408/228/414 672/357/674 409/229/415
f 546/253/548 676/361/661 545/295/547
f 676/361/661 546/253/548 577/311/678
f 677/357/679 678/359/680 679/358/681
f 679/358/681 678/359/680 680/360/682
f 677/357/679 411/229/417 678/359/680
f 410/228/416 411/229/417 677/357/679
f 457/253/550 681/361/683 579/311/684
f 681/361/683 457/253/550 547/295/549
f 682/362/685 662/352/664 683/363/686
f 663/353/665 662/352/664 682/362/685
f 684/363/687 667/352/669 685/362/688
f 667/352/669 666/353/668 685/362/688
f 645/343/647 686/364/689 644/342/646
f 686/364/689 645/343/647 687/365/690
f 639/343/641 688/364/691 689/365/692
f 688/364/691 639/343/641 638/342/640
f 690/366/693 691/367/694 364/205/369
f 364/205/369 363/204/368 690/366/693
f 690/366/693 395/221/400 691/367/694
f 395/221/400 690/366/693 393/219/398
f 692/366/695 370/205/375 693/367/696
f 370/205/375 692/366/695 369/204/374
f 399/221/404 692/366/695 693/367/696
f 692/366/695 399/221/404 396/219/401
f 694/368/697 695/369/698 696/370/699
f 695/369/698 694/368/697 697/371/700
f 698/372/701 699/373/702 621/331/623
f 621/331/623 620/330/622 698/372/701
f 626/330/628 627/331/629 700/372/703
f 701/373/704 700/372/703 627/331/629
f 702/369/705 694/368/697 696/370/699
f 694/368/697 702/369/705 703/371/706
f 704/374/707 595/319/597 594/318/596
f 595/319/597 704/374/707 705/375/708
f 599/319/601 706/374/709 598/318/600
f 706/374/709 599/319/601 707/375/710
f 708/376/711 517/284/519 516/283/518
f 517/284/519 708/376/711 709/377/712
f 570/307/573 539/292/541 435/243/438
f 539/292/541 570/307/573 710/378/713
f 711/376/714 518/283/520 519/284/521
f 519/284/521 712/377/715 711/376/714
f 541/292/543 571/307/574 437/243/439
f 571/307/574 541/292/543 713/378/716
f 714/379/717 570/307/573 569/306/572
f 570/307/573 714/379/717 715/380/718
f 716/379/719 572/306/575 571/307/574
f 571/307/574 717/380/720 716/379/719
f 577/311/580 576/310/579 718/381/721
f 577/311/580 718/381/721 719/382/722
f 588/242/541 720/383/713 589/243/591
f 589/243/591 720/383/713 721/384/723
f 579/311/582 722/381/724 578/310/581
f 722/381/724 579/311/582 723/382/725
f 590/242/592 591/243/593 724/383/716
f 591/243/593 725/384/726 724/383/716
f 574/309/577 573/308/576 726/385/727
f 574/309/577 726/385/727 727/386/728
f 575/309/578 726/385/727 573/308/576
f 726/385/727 575/309/578 728/386/729
f 551/299/554 729/387/730 730/388/731
f 730/388/731 550/298/553 551/299/554
f 731/387/732 553/299/556 732/388/733
f 732/388/733 553/299/556 552/298/555
f 733/389/734 734/390/735 735/391/736
f 734/390/735 733/389/734 736/392/737
f 737/390/738 738/389/739 739/391/740
f 738/389/739 737/390/738 740/392/741
f 741/393/742 306/178/314 428/240/434
f 741/393/742 428/240/434 742/394/743
f 743/394/744 430/240/436 744/393/745
f 312/178/320 744/393/745 430/240/436
f 745/395/746 746/396/747 747/397/748
f 747/397/748 748/398/749 745/395/746
f 746/396/747 745/395/746 749/399/750
f 749/399/750 750/400/751 746/396/747
f 750/400/751 749/399/750 669/355/671
f 669/355/671 668/354/670 750/400/751
f 751/401/752 441/247/443 752/402/753
f 441/247/443 751/401/752 440/246/442
f 445/247/447 753/401/754 754/402/755
f 753/401/754 445/247/447 444/246/446
f 755/396/756 756/395/757 757/397/758
f 758/398/759 757/397/758 756/395/757
f 755/396/756 759/399/760 756/395/757
f 760/400/761 759/399/760 755/396/756
f 759/399/760 760/400/761 665/355/667
f 664/354/666 665/355/667 760/400/761
f 699/373/702 705/375/708 704/374/707
f 705/375/708 699/373/702 698/372/701
f 707/375/710 701/373/704 706/374/709
f 701/373/704 707/375/710 700/372/703
f 652/346/654 653/347/655 761/403/762
f 761/403/762 653/347/655 762/404/763
f 763/405/764 603/323/605 600/320/602
f 603/323/605 763/405/764 764/406/765
f 650/346/652 765/403/766 651/347/653
f 765/403/766 766/404/767 651/347/653
f 767/405/768 606/323/608 768/406/769
f 606/323/608 767/405/768 604/320/606
f 769/407/770 770/408/771 771/409/772
f 771/409/772 772/410/773 769/407/770
f 757/397/758 758/398/759 773/411/774
f 774/412/775 773/411/774 758/398/759
f 775/408/776 776/407/777 777/409/778
f 778/410/779 777/409/778 776/407/777
f 748/398/749 747/397/748 779/411/780
f 779/411/780 780/412/781 748/398/749
f 592/316/782 781/413/783 593/317/784
f 593/317/784 781/413/783 782/414/785
f 781/413/786 783/415/787 784/414/788
f 783/415/787 781/413/786 785/416/789
f 597/316/790 596/317/791 786/413/792
f 596/317/791 787/414/793 786/413/792
f 788/415/794 789/413/795 790/414/796
f 789/413/795 788/415/794 791/416/797
f 495/275/497 314/180/322 313/179/321
f 314/180/322 495/275/497 792/417/798
f 506/275/508 321/180/329 793/417/799
f 321/180/329 506/275/508 319/179/327
f 477/269/479 476/268/478 794/418/800
f 477/269/479 794/418/800 795/419/801
f 489/269/491 796/418/802 488/268/490
f 796/418/802 489/269/491 797/419/803
f 798/420/804 799/421/805 800/422/806
f 799/421/805 798/420/804 682/362/807
f 800/422/806 801/423/808 798/420/804
f 802/424/809 801/423/808 800/422/806
f 802/424/809 803/425/810 801/423/808
f 804/426/811 803/425/810 802/424/809
f 805/427/812 806/428/813 807/429/814
f 805/427/812 774/412/775 806/428/813
f 774/412/775 805/427/812 773/411/774
f 808/422/815 809/421/816 810/420/817
f 809/421/816 685/362/818 810/420/817
f 808/422/815 810/420/817 811/423/819
f 811/423/819 812/424/820 808/422/815
f 812/424/820 811/423/819 813/425/821
f 813/425/821 814/426/822 812/424/820
f 815/427/823 780/412/781 779/411/780
f 780/412/781 815/427/823 816/428/824
f 816/428/824 815/427/823 817/429/825
f 659/351/661 818/430/826 658/350/660
f 818/430/826 659/351/661 819/431/827
f 661/351/663 820/430/828 821/431/829
f 820/430/828 661/351/663 660/350/662
f 822/432/830 772/410/773 771/409/772
f 772/410/773 822/432/830 823/433/831
f 778/410/779 824/432/832 777/409/778
f 824/432/832 778/410/779 825/433/833
f 826/434/834 761/403/762 762/404/763
f 826/434/834 762/404/763 827/435/835
f 828/435/836 766/404/767 829/434/837
f 765/403/766 829/434/837 766/404/767
f 830/436/838 306/178/314 741/393/742
f 306/178/314 830/436/838 304/176/839
f 831/436/840 312/178/320 310/176/841
f 312/178/320 831/436/840 744/393/745
f 631/337/633 832/437/842 629/335/631
f 832/437/842 631/337/633 833/438/843
f 834/437/844 633/337/635 632/335/634
f 633/337/635 834/437/844 835/438/845
f 776/407/777 775/408/776 836/439/846
f 775/408/776 837/440/847 836/439/846
f 838/441/848 836/439/846 837/440/847
f 836/439/846 838/441/848 839/442/849
f 769/407/770 840/439/850 770/408/771
f 770/408/771 840/439/850 841/440/851
f 840/439/850 842/441/852 841/440/851
f 842/441/852 840/439/850 843/442/853
f 493/273/495 41/25/45 492/272/494
f 41/25/45 493/273/495 40/24/44
f 504/273/506 47/25/53 46/24/50
f 47/25/53 504/273/506 503/272/505
f 577/311/678 844/443/827 676/361/661
f 844/443/827 577/311/678 719/382/854
f 579/311/684 845/443/829 723/382/855
f 845/443/829 579/311/684 681/361/683
f 846/444/856 847/445/857 848/446/858
f 849/447/859 848/446/858 847/445/857
f 848/446/858 849/447/859 850/448/860
f 847/445/857 846/444/856 851/449/861
f 852/450/862 851/449/861 846/444/856
f 851/449/861 852/450/862 853/451/863
f 850/448/860 854/452/864 855/453/865
f 854/452/864 850/448/860 849/447/859
f 853/451/863 856/454/866 857/455/867
f 856/454/866 853/451/863 852/450/862
f 344/196/348 857/455/867 856/454/866
f 857/455/867 344/196/348 343/195/347
f 858/451/868 859/454/869 860/450/870
f 859/454/869 858/451/868 861/455/871
f 861/455/871 352/196/356 859/454/869
f 352/196/356 861/455/871 350/195/354
f 860/450/870 862/445/872 858/451/868
f 860/450/870 863/446/873 862/445/872
f 863/446/873 864/447/874 862/445/872
f 864/447/874 863/446/873 865/448/875
f 866/452/876 865/448/875 867/453/877
f 865/448/875 866/452/876 864/447/874
f 687/365/690 868/456/878 686/364/689
f 868/456/878 687/365/690 869/457/879
f 689/365/692 870/456/880 871/457/881
f 870/456/880 689/365/692 688/364/691
f 872/458/882 132/81/140 873/459/883
f 132/81/140 872/458/882 131/80/139
f 192/110/198 872/458/882 873/459/883
f 872/458/882 192/110/198 189/108/195
f 874/459/884 138/81/146 875/458/885
f 875/458/885 138/81/146 137/80/145
f 875/458/885 188/110/194 874/459/884
f 188/110/194 875/458/885 186/108/192
f 876/460/886 827/435/835 877/461/887
f 827/435/835 876/460/886 826/434/834
f 878/460/888 828/435/836 829/434/837
f 828/435/836 878/460/888 879/461/889
f 880/462/890 304/176/839 830/436/838
f 304/176/839 880/462/890 302/174/891
f 880/462/890 300/172/892 302/174/891
f 880/462/890 881/463/893 300/172/892
f 882/462/894 310/176/841 308/174/895
f 310/176/841 882/462/894 831/436/840
f 300/172/892 882/462/894 308/174/895
f 882/462/894 300/172/892 881/463/893
f 625/332/896 624/333/897 883/464/898
f 883/464/898 624/333/897 884/465/899
f 718/381/721 885/466/900 719/382/722
f 719/382/722 885/466/900 886/467/901
f 887/466/902 722/381/724 723/382/725
f 723/382/725 888/467/903 887/466/902
f 889/468/904 886/467/901 885/466/900
f 886/467/901 889/468/904 890/469/905
f 888/467/903 891/468/906 887/466/902
f 891/468/906 888/467/903 892/469/907
f 728/386/729 893/470/908 726/385/727
f 893/470/908 728/386/729 894/471/909
f 894/471/909 895/472/910 893/470/908
f 895/472/910 894/471/909 896/473/911
f 895/472/910 897/471/912 893/470/908
f 897/471/912 895/472/910 898/473/913
f 726/385/727 893/470/908 727/386/728
f 727/386/728 893/470/908 897/471/912
f 899/474/914 900/475/915 901/476/916
f 900/475/915 899/474/914 902/477/917
f 903/478/918 736/392/737 733/389/734
f 904/392/919 903/478/920 905/479/919
f 740/392/741 906/478/921 738/389/739
f 906/478/921 740/392/741 907/479/922
f 908/480/923 909/481/924 910/480/925
f 909/481/924 908/480/923 911/481/926
f 912/481/927 910/480/925 909/481/924
f 910/480/925 912/481/927 913/480/928
f 914/481/929 913/480/928 912/481/927
f 913/480/928 914/481/929 915/480/930
f 916/475/931 917/474/932 918/476/933
f 917/474/932 916/475/931 919/477/934
f 920/481/935 921/480/936 922/480/937
f 921/480/936 920/481/935 923/481/938
f 922/480/937 924/481/939 920/481/935
f 924/481/939 922/480/937 925/480/940
f 925/480/940 926/481/941 924/481/939
f 926/481/941 925/480/940 927/480/942
f 928/482/943 902/477/917 899/474/914
f 902/477/917 928/482/943 929/483/944
f 919/477/934 930/482/945 917/474/932
f 930/482/945 919/477/934 931/483/946
f 720/383/713 932/306/947 721/384/723
f 721/384/723 932/306/947 933/307/948
f 724/383/716 725/384/726 934/306/949
f 725/384/726 935/307/950 934/306/949
f 936/484/951 929/483/944 928/482/943
f 929/483/944 936/484/951 937/485/952
f 931/483/946 938/484/953 930/482/945
f 938/484/953 931/483/946 939/485/954
f 512/281/514 940/486/955 513/282/515
f 940/486/955 512/281/514 941/487/956
f 514/281/516 942/486/957 943/487/958
f 942/486/957 514/281/516 515/282/517
f 944/488/959 817/429/825 815/427/823
f 817/429/825 944/488/959 945/489/960
f 673/358/675 946/490/961 675/360/677
f 946/490/961 947/491/962 675/360/677
f 679/358/681 680/360/682 948/490/963
f 948/490/963 680/360/682 949/491/964
f 950/492/965 823/433/831 822/432/830
f 951/493/966 823/433/831 950/492/965
f 823/433/831 951/493/966 952/494/967
f 953/488/968 807/429/814 954/489/969
f 807/429/814 953/488/968 805/427/812
f 825/433/833 955/492/970 824/432/832
f 825/433/833 956/493/971 955/492/970
f 956/493/971 825/433/833 957/494/972
f 958/495/973 465/257/467 959/496/974
f 465/257/467 958/495/973 464/256/466
f 461/257/463 960/495/975 961/496/976
f 960/495/975 461/257/463 460/256/462
f 962/497/977 709/377/712 708/376/711
f 709/377/712 962/497/977 963/498/978
f 589/243/591 742/394/743 428/240/434
f 742/394/743 589/243/591 964/292/979
f 743/394/744 591/243/593 430/240/436
f 591/243/593 743/394/744 965/292/980
f 901/476/916 966/499/981 967/500/982
f 966/499/981 901/476/916 900/475/915
f 968/499/983 918/476/933 969/500/984
f 918/476/933 968/499/983 916/475/931
f 970/501/985 795/419/801 794/418/800
f 795/419/801 970/501/985 971/502/986
f 972/501/987 797/419/803 973/502/988
f 797/419/803 972/501/987 796/418/802
f 819/431/827 974/503/989 818/430/826
f 974/503/989 819/431/827 975/504/990
f 976/497/682 711/376/714 712/377/715
f 712/377/715 977/498/991 976/497/682
f 697/371/700 978/505/992 695/369/698
f 978/505/992 697/371/700 979/506/993
f 980/505/994 703/371/706 702/369/705
f 703/371/706 980/505/994 981/506/995
f 821/431/829 982/503/996 983/504/997
f 982/503/996 821/431/829 820/430/828
f 975/504/990 984/507/998 974/503/989
f 984/507/998 975/504/990 985/508/999
f 986/509/990 719/382/854 886/467/1000
f 719/382/854 986/509/990 844/443/827
f 723/382/855 987/509/997 888/467/1001
f 987/509/997 723/382/855 845/443/829
f 988/479/1002 989/510/1003 990/511/1004
f 989/510/1003 988/479/1002 903/478/1005
f 907/479/922 991/510/1006 906/478/921
f 991/510/1006 907/479/922 992/511/1007
f 517/284/519 993/512/1008 670/356/672
f 993/512/1008 517/284/519 709/377/712
f 715/380/718 710/378/713 570/307/573
f 710/378/713 715/380/718 994/513/947
f 715/380/718 995/514/1009 994/513/947
f 995/514/1009 715/380/718 996/515/1010
f 983/504/997 997/507/1011 998/508/1012
f 997/507/1011 983/504/997 982/503/996
f 999/204/1013 50/28/1014 1000/516/1015
f 50/28/1014 999/204/1013 1001/26/1016
f 999/204/1013 1000/516/1015 1002/517/1017
f 1002/517/1017 1003/366/1018 1004/204/1019
f 1003/366/1018 1002/517/1017 1005/518/1020
f 1005/518/1020 1006/219/1021 1007/366/1021
f 1005/518/1022 1008/220/1023 1009/219/1024
f 1008/220/1023 1005/518/1022 1010/519/1025
f 1010/519/1026 1011/325/1027 1012/220/1028
f 1011/325/1027 1010/519/1026 1013/520/1029
f 1013/520/1029 1014/521/1030 1011/325/1027
f 1014/521/1030 1013/520/1029 1015/522/1031
f 1016/523/1032 1014/521/1030 1015/522/1031
f 1016/523/1032 1015/522/1031 1017/524/1033
f 1018/525/1034 1016/523/1032 1017/524/1033
f 1018/525/1034 1017/524/1033 1019/526/1035
f 1020/527/1036 715/380/718 714/379/717
f 715/380/718 1020/527/1036 996/515/1010
f 519/284/521 1021/512/1037 712/377/715
f 1021/512/1037 519/284/521 671/356/673
f 713/378/716 717/380/720 571/307/574
f 717/380/720 713/378/716 1022/513/949
f 1023/514/1038 717/380/720 1022/513/949
f 717/380/720 1023/514/1038 1024/515/1039
f 1025/204/1040 55/28/1041 52/26/1042
f 55/28/1041 1025/204/1040 1026/516/1043
f 1025/204/1040 1027/517/1044 1026/516/1043
f 1028/366/1045 1027/517/1044 1025/204/1040
f 1028/366/1045 1029/518/1046 1027/517/1044
f 1030/219/1047 1029/518/1046 1028/366/1045
f 1031/220/1048 1029/518/1046 1030/219/1047
f 1029/518/1046 1031/220/1048 1032/519/1049
f 1033/325/1050 1032/519/1049 1031/220/1048
f 1032/519/1049 1033/325/1050 1034/520/1051
f 1035/521/1052 1034/520/1051 1033/325/1050
f 1034/520/1051 1035/521/1052 1036/522/1053
f 1037/523/1054 1036/522/1053 1035/521/1052
f 1036/522/1053 1037/523/1054 1038/524/1055
f 1039/525/1056 1038/524/1055 1037/523/1054
f 1038/524/1055 1039/525/1056 1040/526/1057
f 1041/527/1058 716/379/719 717/380/720
f 717/380/720 1024/515/1039 1041/527/1058
f 1042/528/1059 1043/529/1060 1044/530/1061
f 1043/529/1060 1042/528/1059 1045/531/1062
f 1046/532/1063 1045/531/1062 1042/528/1059
f 1042/528/1059 1047/533/1064 1046/532/1063
f 1048/528/1065 1049/529/1066 1050/531/1067
f 1049/529/1066 1048/528/1065 1051/530/1068
f 1052/532/1069 1048/528/1065 1050/531/1067
f 1052/532/1069 1053/533/1070 1054/528/1071
f 1055/534/1072 585/315/588 584/314/587
f 585/315/588 1055/534/1072 1056/535/1073
f 587/315/590 1057/534/1074 586/314/589
f 1057/534/1074 587/315/590 1058/535/1075
f 886/467/1000 890/469/905 1059/536/1076
f 886/467/1000 1059/536/1076 986/509/990
f 888/467/1001 1060/536/1012 892/469/907
f 1060/536/1012 888/467/1001 987/509/997
f 1061/537/1077 843/442/853 1062/538/1078
f 843/442/853 1061/537/1077 842/441/852
f 839/442/849 1063/537/1079 1064/538/1080
f 1063/537/1079 839/442/849 838/441/848
f 1065/539/1081 291/164/299 1066/540/1082
f 291/164/299 1065/539/1081 281/158/289
f 1065/539/1081 279/156/287 281/158/289
f 279/156/287 1065/539/1081 1067/541/1083
f 1068/542/1084 279/156/287 1067/541/1085
f 279/156/287 1068/542/1084 371/206/376
f 372/207/377 371/206/376 1068/542/1084
f 372/207/377 1068/542/1084 1069/543/1086
f 647/345/649 1070/544/1087 646/344/648
f 1070/544/1087 647/345/649 1071/545/1088
f 1072/546/1089 967/500/982 966/499/981
f 967/500/982 1072/546/1089 1073/547/1090
f 1074/546/1091 969/500/984 1075/547/1092
f 969/500/984 1074/546/1091 968/499/983
f 1076/544/1093 649/345/651 648/344/650
f 649/345/651 1076/544/1093 1077/545/1094
f 792/417/798 890/469/905 889/468/904
f 890/469/905 792/417/798 495/275/497
f 892/469/907 793/417/799 891/468/906
f 793/417/799 892/469/907 506/275/508
f 1078/465/1095 1079/464/1096 1080/548/1097
f 1079/464/1098 1078/465/1099 623/333/1100
f 623/333/1100 622/332/1101 1079/464/1098
f 1081/549/1102 833/438/843 1082/550/1103
f 833/438/843 1081/549/1102 832/437/842
f 835/438/845 1083/549/1104 1084/550/1105
f 1083/549/1104 835/438/845 834/437/844
f 855/453/865 380/213/385 377/210/382
f 380/213/385 855/453/865 854/452/864
f 386/213/391 867/453/877 384/210/389
f 867/453/877 386/213/391 866/452/876
f 936/484/951 1085/551/1106 937/485/952
f 1086/552/1107 937/485/952 1085/551/1106
f 1087/553/1108 1088/554/1109 1089/555/1110
f 1090/553/1111 1091/555/732 1092/554/1112
f 1093/551/1113 938/484/953 939/485/954
f 939/485/954 1094/552/1114 1093/551/1113
f 971/502/986 1095/556/1115 1096/557/1116
f 1095/556/1115 971/502/986 970/501/985
f 1097/558/1117 1096/557/1116 1095/556/1115
f 1095/556/1115 1098/559/1118 1097/558/1117
f 973/502/988 1099/556/1119 972/501/987
f 1099/556/1119 973/502/988 1100/557/1120
f 1101/558/1121 1099/556/1119 1100/557/1120
f 1099/556/1119 1101/558/1121 1102/559/1122
f 1103/560/1123 1104/561/1124 1105/562/1125
f 1104/561/1124 1103/560/1123 1106/563/1126
f 1107/562/1127 1108/561/1128 1109/560/1129
f 1108/561/1128 1110/563/1130 1109/560/1129
f 946/490/961 1018/525/1034 1111/564/1131
f 1111/564/1131 1018/525/1034 1019/526/1035
f 946/490/961 1111/564/1131 947/491/962
f 1039/525/1056 948/490/963 1112/564/1132
f 1112/564/1132 948/490/963 949/491/964
f 1039/525/1056 1112/564/1132 1040/526/1057
f 1113/565/1133 1114/566/1134 298/170/306
f 1113/565/1133 298/170/306 295/168/303
f 1113/565/1133 295/168/303 294/167/302
f 1115/567/1135 1113/565/1133 294/167/302
f 1069/543/1086 1115/567/1136 294/167/302
f 294/167/302 372/207/377 1069/543/1086
f 1116/568/1137 764/406/765 763/405/764
f 764/406/765 1116/568/1137 1117/569/1138
f 1118/568/1139 768/406/769 1119/569/1140
f 768/406/769 1118/568/1139 767/405/768
f 1120/570/1141 1121/571/1142 1122/572/1143
f 1121/571/1142 1120/570/1141 1123/573/1144
f 1124/571/1145 1125/570/1146 1126/572/1147
f 1125/570/1146 1124/571/1145 1127/573/1148
f 957/494/972 1128/574/1149 956/493/971
f 1128/574/1149 957/494/972 1129/575/1150
f 1130/576/1151 1131/325/1152 1132/521/1153
f 609/325/611 1130/576/1154 608/324/610
f 984/507/998 1130/576/1151 1132/521/1153
f 1130/576/1151 984/507/998 985/508/999
f 1133/574/1155 952/494/967 951/493/966
f 952/494/967 1133/574/1155 1134/575/1156
f 1135/576/1157 611/325/613 610/324/612
f 1136/325/1158 1135/576/1159 1137/521/1158
f 1138/507/1160 1139/521/1161 1135/576/1162
f 1135/576/1159 998/508/1012 997/507/1011
f 896/473/911 530/275/532 895/472/910
f 530/275/532 896/473/911 529/276/531
f 530/275/532 898/473/913 895/472/910
f 898/473/913 530/275/532 531/276/533
f 1140/577/1163 1141/578/1164 1142/579/1165
f 1143/578/1166 1144/580/1166 1145/579/1166
f 1146/580/1167 1147/578/1167 1148/581/1167
f 1149/582/1168 1150/583/1169 1151/584/1170
f 1152/585/1171 1151/584/1170 1150/583/1169
f 1150/583/1169 1149/582/1168 1153/586/1172
f 1154/587/962 963/498/978 962/497/977
f 963/498/978 1154/587/962 1155/588/1173
f 1156/587/964 976/497/682 977/498/991
f 977/498/991 1157/588/1174 1156/587/964
f 1158/589/1175 23/14/1176 1159/590/1177
f 23/14/1176 1158/589/1175 22/13/1178
f 1160/591/1179 1158/589/1175 1159/590/1177
f 1160/591/1179 1161/592/1180 1158/589/1175
f 1158/589/1175 25/14/1181 22/13/1178
f 25/14/1181 1158/589/1175 1162/590/1182
f 1158/589/1175 1163/591/1183 1162/590/1182
f 1163/591/1183 1158/589/1175 1161/592/1180
f 1164/593/1184 1165/594/1185 1166/595/1186
f 1164/593/1184 1166/595/1186 1167/596/1187
f 1166/595/1186 954/489/969 1167/596/1187
f 954/489/969 1166/595/1186 953/488/968
f 1168/596/1188 1169/595/1189 1170/593/1190
f 1171/594/1191 1170/593/1190 1169/595/1189
f 945/489/960 1169/595/1189 1168/596/1188
f 1169/595/1189 945/489/960 944/488/959
f 1172/597/1192 1173/598/1193 1174/599/1194
f 735/391/736 1174/599/1194 1173/598/1193
f 1174/599/1194 735/391/736 734/390/735
f 1175/597/1195 1176/599/1196 1177/598/1197
f 1176/599/1196 739/391/1198 1177/598/1197
f 739/391/1198 1176/599/1196 1178/390/1199
f 1179/600/1200 1180/530/1201 1181/601/1202
f 1181/601/1202 1180/530/1201 1043/529/1203
f 1182/583/1204 1183/582/1205 1184/584/1206
f 1184/584/1206 1185/585/1207 1182/583/1204
f 1098/559/1118 1186/558/1208 1097/558/1117
f 1186/558/1208 1098/559/1118 1187/559/1209
f 1188/530/1210 1189/600/1211 1190/601/1212
f 1051/530/1068 1190/601/1213 1049/529/1066
f 1191/602/1214 1192/603/1215 1193/604/1216
f 1193/604/1216 1192/603/1215 1194/605/1217
f 1192/603/1215 1195/606/1218 1194/605/1217
f 1195/606/1218 1192/603/1215 1196/607/1219
f 1197/602/1220 1198/604/1221 1199/603/1222
f 1198/604/1221 1200/605/1223 1199/603/1222
f 1201/606/1224 1199/603/1222 1200/605/1223
f 1199/603/1222 1201/606/1224 1202/607/1225
f 1203/558/1226 1102/559/1122 1101/558/1121
f 1102/559/1122 1203/558/1226 1204/559/1227
f 932/306/947 1205/608/1009 933/307/948
f 933/307/948 1205/608/1009 1206/609/1228
f 934/306/949 935/307/950 1207/608/1038
f 935/307/950 1208/609/1229 1207/608/1038
f 1122/572/1143 1209/610/1230 1210/611/1231
f 1209/610/1230 1122/572/1143 1121/571/1142
f 1211/610/1232 1126/572/1147 1212/611/1233
f 1126/572/1147 1211/610/1232 1124/571/1145
f 560/302/563 561/303/564 1213/612/1234
f 1213/612/1234 561/303/564 1214/613/1235
f 1215/614/1236 1214/613/1235 1216/615/1237
f 1213/612/1234 1214/613/1235 1215/614/1236
f 1215/614/1236 1216/615/1237 1217/616/1238
f 1217/616/1238 1216/615/1237 1218/617/1239
f 1219/618/1240 1217/616/1238 1218/617/1239
f 1217/616/1238 1219/618/1240 1220/619/1241
f 1221/612/1242 563/303/566 562/302/565
f 1221/612/1242 1222/613/1243 563/303/566
f 1222/613/1243 1223/614/1244 1224/615/1245
f 1223/614/1244 1222/613/1243 1221/612/1242
f 1225/616/1246 1224/615/1245 1223/614/1244
f 1224/615/1245 1225/616/1246 1226/617/1247
f 1225/616/1246 1227/618/1248 1226/617/1247
f 1227/618/1248 1225/616/1246 1228/619/1249
f 1229/579/1250 1230/620/1250 1231/578/1250
f 1232/586/1251 1233/621/1252 1234/583/1253
f 1232/586/1251 1235/622/1254 1233/621/1252
f 1235/622/1254 1232/586/1251 1236/623/1255
f 1237/624/1256 1238/625/1257 1239/626/1258
f 1238/625/1257 1237/624/1256 1240/627/1259
f 1241/628/1260 1239/626/1258 1242/629/1261
f 1239/626/1258 1241/628/1260 1237/624/1256
f 1242/629/1261 1243/630/1262 1241/628/1260
f 1243/630/1262 1242/629/1261 1244/631/1263
f 1245/625/1264 1246/624/1265 1247/626/1266
f 1246/624/1265 1245/625/1264 1248/627/1267
f 1249/628/1268 1247/626/1266 1246/624/1265
f 1247/626/1266 1249/628/1268 1250/629/1269
f 1251/630/1270 1250/629/1269 1249/628/1268
f 1250/629/1269 1251/630/1270 1252/631/1271
f 1253/632/1272 1073/547/1090 1072/546/1089
f 1073/547/1090 1253/632/1272 1254/633/1273
f 1255/632/1274 1075/547/1092 1256/633/1275
f 1075/547/1092 1255/632/1274 1074/546/1091
f 1257/634/1276 1258/635/1276 1259/636/1276
f 1053/533/1070 1052/532/1069 1260/637/1277
f 1261/533/1278 1260/637/1279 1262/638/1280
f 1263/638/1281 1264/637/1282 1265/533/1283
f 1046/532/1063 1047/533/1064 1264/637/1284
f 1266/639/1285 112/71/1286 1267/640/1287
f 112/71/1286 1266/639/1285 110/69/1288
f 1268/641/1289 110/69/1288 1266/639/1285
f 110/69/1288 1268/641/1289 107/66/1290
f 1267/640/1287 112/71/1286 1269/84/1291
f 1269/84/1291 1270/642/1292 1267/640/1287
f 1271/643/1293 107/66/1290 1268/641/1289
f 107/66/1290 1271/643/1293 105/64/1294
f 120/71/1295 1272/639/1296 1273/640/1297
f 1272/639/1296 120/71/1295 118/69/1298
f 118/69/1298 1274/641/1299 1272/639/1296
f 1274/641/1299 118/69/1298 115/66/1300
f 120/71/1295 1273/640/1297 1275/84/1301
f 1276/642/1302 1275/84/1301 1273/640/1297
f 115/66/1300 1277/643/1303 1274/641/1299
f 1277/643/1303 115/66/1300 1278/64/1304
f 890/469/905 495/275/497 496/276/498
f 890/469/905 496/276/498 1059/536/1076
f 892/469/907 507/276/509 506/275/508
f 507/276/509 892/469/907 1060/536/1012
f 1279/644/1305 1082/550/1103 1280/645/1306
f 1082/550/1103 1279/644/1305 1081/549/1102
f 1084/550/1105 1281/644/1307 1282/645/1308
f 1281/644/1307 1084/550/1105 1083/549/1104
f 1283/586/1309 1284/622/1310 1285/623/1311
f 1284/622/1310 1283/586/1309 1286/621/1312
f 1271/643/1293 1287/646/1313 105/64/1294
f 1288/248/1314 105/64/1294 1287/646/1313
f 1278/64/1304 1289/646/1315 1277/643/1303
f 1289/646/1315 1278/64/1304 1290/248/1316
f 1240/627/1259 1291/647/1317 1238/625/1257
f 1291/647/1317 1240/627/1259 1292/648/1318
f 1293/647/1319 1248/627/1267 1245/625/1264
f 1248/627/1267 1293/647/1319 1294/648/1320
f 589/243/591 721/384/723 964/292/979
f 1295/649/1321 964/292/979 721/384/723
f 591/243/593 965/292/980 725/384/726
f 965/292/980 1296/649/1322 725/384/726
f 1297/650/1323 1254/633/1273 1253/632/1272
f 1254/633/1273 1297/650/1323 1298/651/1324
f 1299/650/1325 1256/633/1275 1300/651/1326
f 1256/633/1275 1299/650/1325 1255/632/1274
f 1301/652/1327 654/348/656 655/349/657
f 1301/652/1327 655/349/657 1302/653/1328
f 1303/654/1329 1301/652/1327 1302/653/1328
f 1301/652/1327 1303/654/1329 1304/655/1330
f 1305/656/1331 1304/655/1330 1303/654/1329
f 1304/655/1330 1305/656/1331 1306/657/1332
f 1307/652/1333 657/349/659 656/348/658
f 657/349/659 1307/652/1333 1308/653/1334
f 1307/652/1333 1309/654/1335 1308/653/1334
f 1309/654/1335 1307/652/1333 1310/655/1336
f 1310/655/1336 1311/656/1337 1309/654/1335
f 1311/656/1337 1310/655/1336 1312/657/1338
f 1244/631/1263 1313/658/1339 1243/630/1262
f 1313/658/1339 1244/631/1263 1314/659/1340
f 1252/631/1271 1315/658/1341 1316/659/1342
f 1315/658/1341 1252/631/1271 1251/630/1270
f 1317/660/1343 1318/661/1343 1319/662/1344
f 1317/660/1343 1320/663/1345 1318/661/1343
f 1321/664/1346 1322/663/1346 1323/660/1346
f 1324/663/1347 1325/664/1348 1326/665/1349
f 1326/665/1349 1327/666/1350 1324/663/1347
f 1328/667/1351 1329/668/1352 1330/669/1353
f 1331/670/1354 1330/669/1353 1329/668/1352
f 1329/668/1352 1332/671/1355 1331/670/1354
f 1332/671/1355 1329/668/1352 1333/672/1356
f 1334/667/1357 1335/669/1358 1336/668/1359
f 1335/669/1358 1337/670/1360 1336/668/1359
f 1338/671/1361 1336/668/1359 1337/670/1360
f 1336/668/1359 1338/671/1361 1339/672/1362
f 1340/673/1363 1341/674/1364 804/426/811
f 804/426/811 1341/674/1364 803/425/810
f 1340/673/1363 1106/563/1126 1341/674/1364
f 1104/561/1124 1106/563/1126 1340/673/1363
f 1342/674/1365 1343/673/1366 814/426/822
f 814/426/822 813/425/821 1342/674/1365
f 1343/673/1366 1342/674/1365 1110/563/1130
f 1108/561/1128 1343/673/1366 1110/563/1130
f 1344/675/1367 979/506/993 1345/676/1368
f 979/506/993 1344/675/1367 978/505/992
f 981/506/995 1346/675/1369 1347/676/1370
f 1346/675/1369 981/506/995 980/505/994
f 1348/677/1371 1349/678/1372 1350/679/1373
f 1351/680/1374 1350/679/1373 1349/678/1372
f 1352/679/1375 1353/680/1376 1354/678/1377
f 1352/679/1375 1354/678/1377 1355/677/1378
f 1356/681/1379 1357/682/1380 1358/683/1381
f 1357/682/1380 1356/681/1379 1359/684/1382
f 1358/683/1381 1360/685/1383 1356/681/1379
f 1360/685/1384 1361/686/1385 1356/681/1386
f 1359/684/1382 1362/687/1387 1357/682/1380
f 1357/682/1380 1362/687/1387 1363/688/1388
f 1364/689/1389 1365/690/1390 1366/691/1391
f 1365/690/1390 1364/689/1389 1367/692/1392
f 1366/691/1391 1365/690/1390 877/461/887
f 876/460/886 877/461/887 1365/690/1390
f 1368/689/1393 1369/690/1394 1370/692/1395
f 1369/690/1394 1368/689/1393 1371/691/1396
f 879/461/889 1369/690/1394 1371/691/1396
f 878/460/888 1369/690/1394 879/461/889
f 1372/682/1397 1373/681/1398 1374/683/1399
f 1373/681/1398 1372/682/1397 1375/684/1400
f 1374/683/1399 1373/681/1398 1376/685/1401
f 1376/685/1402 1373/681/1403 1377/686/1404
f 1378/687/1405 1375/684/1400 1372/682/1397
f 1372/682/1397 1379/688/1406 1378/687/1405
f 963/498/978 993/512/1008 709/377/712
f 993/512/1008 963/498/978 1380/693/1407
f 977/498/991 712/377/715 1021/512/1037
f 977/498/991 1021/512/1037 1381/693/1408
f 1140/577/1163 1382/694/1409 1141/578/1164
f 1382/694/1409 1140/577/1163 1383/695/1410
f 1384/250/1411 1382/694/1409 1383/695/1410
f 1385/248/1412 1382/694/1409 1384/250/1411
f 1287/646/1413 1382/694/1409 1385/248/1412
f 1386/694/1414 1387/577/1415 1388/578/1416
f 1387/577/1415 1386/694/1414 1389/695/1417
f 1386/694/1414 1390/250/1418 1389/695/1417
f 1386/694/1414 1391/248/1419 1390/250/1418
f 1290/248/1316 1386/694/1420 1289/646/1315
f 1392/696/1421 1393/697/1422 1394/698/1423
f 1393/697/1422 1392/696/1421 1395/699/1424
f 1396/700/1425 1117/569/1138 1116/568/1137
f 1117/569/1138 1396/700/1425 1397/701/1426
f 1398/696/1427 1399/697/1428 1400/699/1429
f 1399/697/1428 1398/696/1427 1401/698/1430
f 1402/700/1431 1119/569/1140 1403/701/1432
f 1119/569/1140 1402/700/1431 1118/568/1139
f 1404/663/1433 1405/664/1433 1406/660/1433
f 1407/661/1434 1408/663/1434 1409/660/1435
f 1410/663/1436 1411/665/1437 1412/664/1438
f 1413/666/1439 1411/665/1437 1410/663/1436
f 1414/702/1440 1196/607/1219 1415/703/1441
f 1196/607/1219 1414/702/1440 1195/606/1218
f 1202/607/1225 1416/702/1442 1417/703/1443
f 1416/702/1442 1202/607/1225 1201/606/1224
f 1086/552/1107 1418/704/1444 1419/705/1445
f 1418/704/1444 1086/552/1107 1085/551/1106
f 1420/706/1446 1298/651/1324 1297/650/1323
f 1298/651/1324 1420/706/1446 1421/707/1447
f 1420/706/1446 1422/708/1448 1421/707/1447
f 1420/706/1446 1423/709/1449 1422/708/1448
f 1424/706/1450 1300/651/1326 1425/707/1451
f 1300/651/1326 1424/706/1450 1299/650/1325
f 1425/707/1451 1426/708/1452 1424/706/1450
f 1427/709/1453 1424/706/1450 1426/708/1452
f 1428/710/1454 1429/620/1454 1430/580/1454
f 1431/711/1455 1432/712/1456 1433/713/1457
f 1432/712/1456 1431/711/1455 1434/714/1458
f 1434/714/1458 1431/711/1455 1435/715/1459
f 1436/716/1460 1435/715/1459 1431/711/1455
f 1094/552/1114 1437/704/1461 1093/551/1113
f 1437/704/1461 1094/552/1114 1438/705/1462
f 1439/711/1463 1440/713/1464 1441/712/1465
f 1441/712/1465 1442/714/1466 1439/711/1463
f 1439/711/1463 1442/714/1466 1443/715/1467
f 1444/716/1468 1445/711/1468 1443/715/1467
f 1446/717/1469 1447/718/1469 1448/719/1470
f 1447/718/1469 1446/717/1469 1449/720/1471
f 1450/717/1472 1451/718/1473 1452/720/1474
f 1451/718/1473 1450/717/1472 1453/719/1475
f 1454/721/1476 1455/722/1477 1456/723/1478
f 1456/723/1478 1455/722/1477 1457/724/1479
f 1458/511/1480 1455/722/1477 1454/721/1476
f 1455/722/1477 1458/511/1480 989/510/1481
f 1459/723/1482 1460/722/1483 1461/721/1484
f 1460/722/1483 1459/723/1482 1462/724/1485
f 1460/722/1483 1463/511/1486 1464/721/1486
f 992/511/1007 1460/722/1483 991/510/1006
f 1465/725/1487 1466/726/1488 1467/727/1489
f 1466/726/1488 1465/725/1487 1468/728/1490
f 1469/725/1491 1470/726/1492 1471/728/1493
f 1470/726/1492 1469/725/1491 1472/727/1494
f 1395/699/1424 1473/729/1495 1474/730/1496
f 1473/729/1495 1395/699/1424 1392/696/1421
f 1475/731/1497 1476/732/1498 871/457/881
f 871/457/881 870/456/880 1475/731/1497
f 1477/729/1499 1400/699/1429 1478/730/1500
f 1400/699/1429 1477/729/1499 1479/696/1501
f 1480/733/1502 1481/734/1503 1482/735/1504
f 1483/736/1505 1482/735/1504 1481/734/1503
f 1482/735/1504 1484/737/1506 1480/733/1502
f 1485/738/1507 1480/733/1502 1484/737/1506
f 1486/734/1508 1487/733/1509 1488/735/1510
f 1488/735/1510 1489/736/1511 1486/734/1508
f 1490/737/1512 1488/735/1510 1487/733/1509
f 1487/733/1509 1491/738/1513 1490/737/1512
f 1492/739/1514 1493/740/1515 1161/592/1180
f 1492/739/1514 1161/592/1180 1160/591/1179
f 1492/739/1514 525/288/527 1493/740/1515
f 525/288/527 1492/739/1514 534/287/536
f 1494/739/1516 1161/592/1180 1493/740/1515
f 1161/592/1180 1494/739/1516 1163/591/1183
f 525/288/527 1494/739/1516 1493/740/1515
f 1494/739/1516 525/288/527 524/287/526
f 1495/732/1517 1496/731/1518 869/457/879
f 868/456/878 869/457/879 1496/731/1518
f 1334/667/1357 1497/741/1519 1335/669/1358
f 1497/741/1519 1334/667/1357 1498/742/1520
f 1499/741/1521 1328/667/1351 1330/669/1353
f 1328/667/1351 1499/741/1521 1500/742/1522
f 1481/734/1503 1501/743/1523 1483/736/1505
f 1502/744/1524 1483/736/1505 1501/743/1523
f 1503/743/1525 1486/734/1508 1489/736/1511
f 1489/736/1511 1504/744/1526 1503/743/1525
f 1505/745/1527 1506/21/1528 1507/24/1529
f 1508/21/1530 1505/745/1527 71/45/1531
f 493/273/1532 1505/745/1527 1507/24/1529
f 493/273/1532 1509/746/1533 1505/745/1527
f 493/273/1532 318/184/326 1509/746/1533
f 318/184/326 493/273/1532 317/183/325
f 1510/745/1534 75/21/1535 74/45/1536
f 1511/21/1537 1510/745/1538 1512/24/1537
f 1510/745/1539 504/273/1540 1513/24/1541
f 504/273/1540 1510/745/1539 1514/746/1542
f 324/184/332 504/273/1540 1514/746/1542
f 504/273/1540 324/184/332 323/183/331
f 1515/747/1543 1280/645/1306 1516/748/1544
f 1280/645/1306 1515/747/1543 1279/644/1305
f 1282/645/1308 1517/747/1545 1518/748/1546
f 1517/747/1545 1282/645/1308 1281/644/1307
f 1519/749/1547 1155/588/1173 1154/587/962
f 1155/588/1173 1519/749/1547 1520/750/1548
f 1521/751/1549 1485/738/1507 1522/752/1550
f 1484/737/1506 1522/752/1550 1485/738/1507
f 1491/738/1513 1523/751/1551 1524/752/1552
f 1524/752/1552 1490/737/1512 1491/738/1513
f 1157/588/1174 1525/749/1553 1156/587/964
f 1525/749/1553 1157/588/1174 1526/750/1554
f 1527/753/1555 1528/754/1556 1062/538/1078
f 1062/538/1078 1528/754/1556 1061/537/1077
f 1529/754/1557 1530/753/1558 1064/538/1080
f 1064/538/1080 1063/537/1079 1529/754/1557
f 1531/755/1559 1185/585/1207 1184/584/1206
f 1185/585/1207 1531/755/1559 1532/756/1560
f 1152/585/1171 1533/755/1561 1151/584/1170
f 1533/755/1561 1152/585/1171 1534/756/1562
f 1535/757/1563 630/336/632 629/335/631
f 630/336/632 1535/757/1563 632/335/634
f 1419/705/1445 1536/758/1564 1537/759/1565
f 1536/758/1564 1419/705/1445 1418/704/1444
f 1538/758/1566 1438/705/1462 1539/759/1567
f 1438/705/1462 1538/758/1566 1437/704/1461
f 1540/760/1568 1541/761/1569 1542/762/1570
f 1543/763/1571 1542/762/1570 1541/761/1569
f 1542/762/1570 1543/763/1571 1544/764/1572
f 1545/760/1573 1546/762/1574 1547/761/1575
f 1546/762/1574 1548/763/1576 1547/761/1575
f 1548/763/1576 1546/762/1574 1549/764/1577
f 1550/765/1578 467/259/1579 469/261/1580
f 467/259/1579 1550/765/1578 1551/766/1581
f 1550/765/1578 469/261/1580 471/263/1582
f 471/263/1582 1552/767/1583 1550/765/1578
f 1552/767/1583 471/263/1582 472/264/1584
f 472/264/1584 1553/768/1585 1552/767/1583
f 1553/768/1585 472/264/1584 474/266/476
f 474/266/476 1554/769/1586 1553/768/1585
f 477/269/479 1554/769/1586 474/266/476
f 1554/769/1586 477/269/479 1555/770/1587
f 795/419/801 1555/770/1587 477/269/479
f 1555/770/1587 795/419/801 1556/771/1588
f 1557/765/1589 480/259/1590 1558/766/1591
f 480/259/1590 1557/765/1589 481/261/1592
f 1557/765/1589 483/263/1593 481/261/1592
f 1559/767/1594 483/263/1593 1557/765/1589
f 1559/767/1594 484/264/1595 483/263/1593
f 1560/768/1596 484/264/1595 1559/767/1594
f 484/264/1595 1560/768/1596 486/266/488
f 1561/769/1597 486/266/488 1560/768/1596
f 1561/769/1597 489/269/491 486/266/488
f 489/269/491 1561/769/1597 1562/770/1598
f 1562/770/1598 797/419/803 489/269/491
f 797/419/803 1562/770/1598 1563/771/1599
f 1564/772/1600 1565/773/1601 1566/774/1602
f 1567/775/1603 1566/774/1602 1565/773/1601
f 1474/730/1496 1568/776/1604 1569/777/1605
f 1568/776/1604 1474/730/1496 1473/729/1495
f 1570/776/1606 1478/730/1500 1571/777/1607
f 1478/730/1500 1570/776/1606 1572/729/1608
f 1501/743/1523 1573/778/1609 1502/744/1524
f 1574/779/1610 1502/744/1524 1573/778/1609
f 1574/779/1610 1573/778/1609 1575/780/1611
f 1576/778/1612 1503/743/1525 1504/744/1526
f 1504/744/1526 1577/779/1613 1576/778/1612
f 1577/779/1613 1578/780/1614 1576/778/1612
f 1565/773/1601 1579/781/1615 1567/775/1603
f 1580/782/1616 1567/775/1603 1579/781/1615
f 1580/782/1616 1579/781/1615 1581/783/1617
f 1582/773/1618 1583/772/1619 1584/774/1620
f 1584/774/1620 1585/775/1621 1582/773/1618
f 1586/784/1622 1587/785/1623 752/402/753
f 752/402/753 1587/785/1623 751/401/752
f 1588/785/1624 1589/784/1625 754/402/755
f 754/402/755 753/401/754 1588/785/1624
f 1134/575/1156 1210/611/1231 1209/610/1230
f 1210/611/1231 1134/575/1156 1133/574/1155
f 1129/575/1150 1212/611/1233 1128/574/1149
f 1212/611/1233 1129/575/1150 1211/610/1232
f 1590/786/1626 1544/764/1572 1543/763/1571
f 1544/764/1572 1590/786/1626 1591/787/1627
f 1549/764/1577 1592/786/1628 1548/763/1576
f 1592/786/1628 1549/764/1577 1593/787/1629
f 1594/781/1630 1582/773/1618 1585/775/1621
f 1585/775/1621 1595/782/1631 1594/781/1630
f 1595/782/1631 1596/783/1632 1594/781/1630
f 1597/788/1633 1591/787/1627 1590/786/1626
f 1591/787/1627 1597/788/1633 1598/789/1634
f 1537/759/1565 1598/789/1634 1597/788/1633
f 1598/789/1634 1537/759/1565 1536/758/1564
f 1599/250/1635 1600/695/1636 1601/695/1637
f 1600/695/1636 1599/250/1635 1602/250/1638
f 1603/695/1639 1604/250/1639 1605/695/1640
f 1604/250/1639 1603/695/1639 1606/250/1641
f 1314/659/1340 1607/790/1642 1608/791/1643
f 1314/659/1340 1608/791/1643 1313/658/1339
f 1315/658/1341 1609/791/1644 1316/659/1342
f 1610/790/1645 1316/659/1342 1609/791/1644
f 1593/787/1629 1611/788/1646 1592/786/1628
f 1611/788/1646 1593/787/1629 1612/789/1647
f 1612/789/1647 1539/759/1567 1611/788/1646
f 1539/759/1567 1612/789/1647 1538/758/1566
f 1613/792/1648 1614/636/1649 1615/635/1650
f 1616/793/1651 1614/636/1649 1613/792/1648
f 1614/636/1649 1616/793/1651 1617/794/1652
f 1618/795/1653 1619/796/1654 1620/797/1655
f 1619/796/1654 1618/795/1653 1621/798/1656
f 1620/797/1655 1622/799/1657 1618/795/1653
f 1622/799/1657 1620/797/1655 1623/800/1658
f 1623/800/1658 1624/801/1659 1622/799/1657
f 1624/801/1659 1623/800/1658 1625/802/1660
f 1625/802/1660 1626/803/1661 1624/801/1659
f 1627/804/1662 1624/801/1659 1626/803/1661
f 1626/803/1661 1628/805/1663 1627/804/1662
f 1629/806/1664 1627/804/1662 1628/805/1663
f 1630/796/1665 1631/795/1666 1632/797/1667
f 1631/795/1666 1630/796/1665 1633/798/1668
f 1634/799/1669 1632/797/1667 1631/795/1666
f 1632/797/1667 1634/799/1669 1635/800/1670
f 1636/801/1671 1635/800/1670 1634/799/1669
f 1635/800/1670 1636/801/1671 1637/802/1672
f 1636/801/1671 1638/803/1673 1637/802/1672
f 1638/803/1673 1636/801/1671 1639/804/1674
f 1639/804/1674 1640/805/1675 1638/803/1673
f 1640/805/1675 1639/804/1674 1641/806/1676
f 721/384/723 933/307/948 1295/649/1321
f 1642/378/1677 1295/649/1321 933/307/948
f 725/384/726 1296/649/1322 935/307/950
f 1296/649/1322 1643/378/1678 935/307/950
f 1339/672/1362 1644/807/1679 1645/808/1680
f 1644/807/1679 1339/672/1362 1338/671/1361
f 1270/642/1292 1269/84/1291 1646/84/1681
f 1270/642/1292 1646/84/1681 1647/642/1682
f 1646/84/1681 1648/642/1683 1647/642/1682
f 1648/642/1684 1646/84/1685 1649/84/1686
f 1275/84/1301 1276/642/1302 1650/84/1687
f 1650/84/1687 1276/642/1302 1651/642/1688
f 1652/642/1689 1650/84/1687 1651/642/1688
f 1650/84/1690 1652/642/1691 1653/84/1692
f 1333/672/1356 1654/807/1693 1332/671/1355
f 1654/807/1693 1333/672/1356 1655/808/1694
f 1628/805/1663 1656/809/1695 1629/806/1664
f 1657/810/1696 1629/806/1664 1656/809/1695
f 1522/752/1550 1657/810/1696 1521/751/1549
f 1656/809/1695 1521/751/1549 1657/810/1696
f 1658/809/1697 1641/806/1676 1659/810/1698
f 1641/806/1676 1658/809/1697 1640/805/1675
f 1659/810/1698 1523/751/1551 1658/809/1697
f 1659/810/1698 1524/752/1552 1523/751/1551
f 1556/771/1588 971/502/986 1660/811/1699
f 971/502/986 1556/771/1588 795/419/801
f 1186/558/1208 1661/812/1700 1662/812/1701
f 1662/812/1701 1097/558/1117 1186/558/1208
f 1663/811/1702 973/502/988 1563/771/1599
f 973/502/988 797/419/803 1563/771/1599
f 1203/558/1226 1664/812/1703 1665/812/1704
f 1664/812/1703 1203/558/1226 1101/558/1121
f 1666/813/1705 1667/814/1706 1668/815/1707
f 1667/814/1706 1666/813/1705 1669/816/1708
f 1668/815/1707 1667/814/1706 1670/817/1709
f 1671/818/1710 1672/819/1711 1673/820/1712
f 1672/819/1711 1671/818/1710 1674/821/1713
f 1675/819/1714 1676/818/1715 1677/820/1716
f 1676/818/1715 1675/819/1714 1678/821/1717
f 1679/822/1718 1564/772/1600 1680/823/1719
f 1566/774/1602 1680/823/1719 1564/772/1600
f 1681/823/1720 1584/774/1620 1583/772/1619
f 1681/823/1720 1583/772/1619 1682/822/1721
f 1683/824/1722 1684/817/1723 1685/814/1724
f 1684/817/1723 1683/824/1722 1686/825/1725
f 1686/825/1725 1687/826/1726 1684/817/1723
f 1660/811/1699 1096/557/1116 1688/827/1727
f 1096/557/1116 1660/811/1699 971/502/986
f 1097/558/1117 1688/827/1727 1096/557/1116
f 1688/827/1727 1097/558/1117 1662/812/1701
f 1689/828/1728 1690/829/1729 1691/830/1730
f 1690/829/1729 1689/828/1728 1692/831/1731
f 1693/829/1732 1694/828/1733 1695/830/1734
f 1694/828/1733 1693/829/1732 1696/831/1735
f 1100/557/1120 1663/811/1702 1697/827/1736
f 1663/811/1702 1100/557/1120 973/502/988
f 1697/827/1736 1101/558/1121 1100/557/1120
f 1101/558/1121 1697/827/1736 1664/812/1703
f 1674/821/1713 1698/832/1737 1672/819/1711
f 1698/832/1737 1674/821/1713 1699/833/1738
f 1700/832/1739 1678/821/1717 1675/819/1714
f 1678/821/1717 1700/832/1739 1701/833/1740
f 1702/834/1741 1703/835/1742 1704/836/1743
f 1703/835/1742 1702/834/1741 1705/837/1744
f 1702/834/1741 1704/836/1743 1706/838/1745
f 1707/839/1746 1702/834/1741 1706/838/1745
f 1708/834/1747 1709/835/1748 1710/837/1749
f 1709/835/1748 1708/834/1747 1711/836/1750
f 1711/836/1750 1708/834/1747 1712/838/1751
f 1713/839/1752 1712/838/1751 1708/834/1747
f 1569/777/1605 1714/840/1753 1715/841/1754
f 1714/840/1753 1569/777/1605 1568/776/1604
f 1716/840/1755 1571/777/1607 1717/841/1756
f 1571/777/1607 1716/840/1755 1718/776/1757
f 1719/842/1758 1516/748/1544 1720/843/1759
f 1516/748/1544 1719/842/1758 1515/747/1543
f 1518/748/1546 1721/842/1760 1722/843/1761
f 1721/842/1760 1518/748/1546 1517/747/1545
f 1723/844/1762 1724/845/1763 1725/846/1764
f 1723/844/1762 1726/847/1765 1724/845/1763
f 1727/844/1766 1728/846/1767 1729/845/1768
f 1729/845/1768 1730/847/1769 1727/844/1766
f 1731/848/1770 1732/849/1771 1733/848/1771
f 1732/849/1771 1734/849/1772 1733/848/1771
f 1735/849/1773 1736/848/1774 1737/849/1775
f 1735/849/1773 1738/848/1776 1736/848/1774
f 1699/833/1738 1345/676/1368 1698/832/1737
f 1345/676/1368 1699/833/1738 1344/675/1367
f 1621/798/1656 1673/820/1712 1619/796/1654
f 1673/820/1712 1621/798/1656 1671/818/1710
f 1347/676/1370 1701/833/1740 1700/832/1739
f 1701/833/1740 1347/676/1370 1346/675/1369
f 1677/820/1716 1633/798/1668 1630/796/1665
f 1633/798/1668 1677/820/1716 1676/818/1715
f 1739/826/1777 1740/825/1778 1741/817/1779
f 1741/817/1779 1740/825/1778 1742/824/1780
f 1743/850/1781 401/222/406 1744/851/1782
f 401/222/406 1743/850/1781 405/226/410
f 1745/815/1783 1746/814/1784 1747/813/1785
f 1748/816/1786 1747/813/1785 1746/814/1784
f 1114/566/1134 1749/852/1787 413/231/419
f 1114/566/1134 413/231/419 298/170/306
f 1750/636/1788 1751/793/1788 1752/792/1789
f 1751/793/1788 1750/636/1788 1753/794/1790
f 1055/534/1072 1327/666/1350 1056/535/1073
f 1326/665/1349 1056/535/1073 1327/666/1350
f 1413/666/1439 1057/534/1074 1058/535/1075
f 1058/535/1075 1411/665/1437 1413/666/1439
f 1754/853/1791 1679/822/1718 1755/854/1792
f 1680/823/1719 1755/854/1792 1679/822/1718
f 1756/854/1793 1681/823/1720 1682/822/1721
f 1756/854/1793 1682/822/1721 1757/853/1794
f 1758/855/1795 1759/856/1796 1760/857/1797
f 1758/855/1795 1760/857/1797 1761/858/1798
f 1351/680/1374 1758/855/1795 1761/858/1798
f 1762/855/1799 1351/680/1374 1349/678/1372
f 1763/856/1800 1764/855/1801 1765/857/1802
f 1765/857/1802 1764/855/1801 1766/858/1803
f 1764/855/1801 1353/680/1804 1766/858/1803
f 1353/680/1804 1764/855/1801 1767/678/1805
f 1768/859/1806 1769/860/1807 1236/623/1255
f 1236/623/1255 1769/860/1807 1235/622/1254
f 1770/860/1808 1771/859/1809 1285/623/1311
f 1285/623/1311 1284/622/1310 1770/860/1808
f 1772/861/1810 1773/862/1811 1774/863/1812
f 1773/862/1811 1772/861/1810 1775/864/1813
f 1776/864/1814 1777/861/1815 1778/862/1816
f 1779/863/1817 1778/862/1816 1777/861/1815
f 1780/829/1818 941/487/956 1781/865/1819
f 941/487/956 1780/829/1818 940/486/955
f 943/487/958 1782/829/1820 1783/865/1821
f 1782/829/1820 943/487/958 942/486/957
f 832/437/842 1784/866/1822 629/335/631
f 1535/757/1563 629/335/631 1784/866/1822
f 1785/867/1823 1720/843/1759 1786/868/1824
f 1720/843/1759 1785/867/1823 1719/842/1758
f 1755/854/1792 1787/869/1825 1754/853/1791
f 1787/869/1825 1788/870/1826 1754/853/1791
f 834/437/844 632/335/634 1789/866/1827
f 632/335/634 1535/757/1563 1789/866/1827
f 1756/854/1793 1757/853/1794 1790/869/1828
f 1790/869/1828 1757/853/1794 1791/870/1829
f 1792/871/1830 1793/872/1831 1794/873/1832
f 1792/871/1830 1794/873/1832 1795/874/1833
f 1793/872/1831 1077/545/1094 1076/544/1093
f 1077/545/1094 1793/872/1831 1792/871/1830
f 1796/874/1834 1797/873/1835 1798/871/1836
f 1799/872/1837 1798/871/1836 1797/873/1835
f 1799/872/1837 1071/545/1088 1798/871/1836
f 1071/545/1088 1799/872/1837 1070/544/1087
f 1722/843/1761 1800/867/1838 1801/868/1839
f 1800/867/1838 1722/843/1761 1721/842/1760
f 937/485/952 1802/875/1840 929/483/1841
f 1802/875/1840 937/485/952 1803/876/1842
f 1804/875/1843 1805/485/1844 931/483/1845
f 1805/485/1844 1804/875/1843 1806/876/1846
f 1262/638/1280 1260/637/1279 1807/877/1847
f 1807/877/1848 1808/878/1849 1809/638/1850
f 1264/637/1282 1263/638/1281 1810/877/1851
f 1810/877/1851 1263/638/1281 1811/878/1852
f 1292/648/1318 1812/879/1853 1291/647/1317
f 1292/648/1318 1813/880/1854 1812/879/1853
f 1814/880/1855 1294/648/1320 1815/879/1856
f 1293/647/1319 1815/879/1856 1294/648/1320
f 1355/677/1378 1717/841/1756 1352/679/1375
f 1717/841/1756 1355/677/1378 1816/840/1857
f 996/515/1010 1020/527/1036 1817/881/1858
f 1024/515/1039 1818/881/1859 1041/527/1058
f 1715/841/1754 1348/677/1371 1350/679/1373
f 1819/677/1860 1715/841/1754 1714/840/1753
f 1820/882/1861 1786/868/1824 1821/883/1862
f 1786/868/1824 1820/882/1861 1785/867/1823
f 1822/884/1863 1823/885/1863 1824/886/1863
f 1441/712/1465 1440/713/1464 1825/887/1864
f 1826/888/1865 1825/887/1864 1440/713/1464
f 1827/713/1866 1828/887/1867 1829/888/1868
f 1828/887/1867 1827/713/1866 1432/712/1869
f 1830/883/1870 1801/868/1839 1831/882/1871
f 1801/868/1839 1800/867/1838 1831/882/1871
f 1832/889/1872 1833/890/1872 1834/891/1873
f 1833/890/1872 1832/889/1872 1835/892/1874
f 1836/890/1875 1837/889/1876 1838/891/1877
f 1837/889/1876 1836/890/1875 1839/892/1878
f 1475/731/1497 1467/727/1489 1476/732/1498
f 1466/726/1488 1476/732/1498 1467/727/1489
f 1496/731/1518 1495/732/1517 1472/727/1494
f 1495/732/1517 1470/726/1492 1472/727/1494
f 1840/893/1879 1821/883/1862 1841/894/1880
f 1821/883/1862 1840/893/1879 1820/882/1861
f 1842/895/1881 1840/893/1879 1841/894/1880
f 1843/896/1882 1840/893/1879 1842/895/1881
f 1844/893/1883 1830/883/1870 1831/882/1871
f 1830/883/1870 1844/893/1883 1845/894/1884
f 1844/893/1883 1846/895/1885 1845/894/1884
f 1846/895/1885 1844/893/1883 1847/896/1886
f 963/498/978 1848/897/1887 1380/693/1407
f 1848/897/1887 963/498/978 1155/588/1173
f 977/498/991 1849/897/1888 1157/588/1174
f 1849/897/1888 977/498/991 1381/693/1408
f 1850/898/1889 1851/719/1890 1852/718/1891
f 1851/719/1890 1850/898/1889 1853/899/1892
f 1854/719/1893 1855/898/1894 1856/718/1895
f 1855/898/1894 1854/719/1893 1857/899/1896
f 929/483/1841 1858/900/1897 1859/477/1898
f 1858/900/1897 929/483/1841 1802/875/1840
f 1860/901/1899 1859/477/1898 1858/900/1897
f 1861/477/1900 1860/901/1899 1862/475/1900
f 1863/900/1901 931/483/1845 919/477/1902
f 931/483/1845 1863/900/1901 1804/875/1843
f 919/477/1902 1864/901/1903 1863/900/1901
f 1864/901/1903 919/477/1902 916/475/1904
f 1865/902/1905 1788/870/1826 1866/903/1906
f 1787/869/1825 1866/903/1906 1788/870/1826
f 1867/903/1907 1790/869/1828 1791/870/1829
f 1867/903/1907 1791/870/1829 1868/902/1908
f 1869/904/1909 1870/905/1910 1871/716/1909
f 1871/716/1909 1443/715/1911 1869/904/1909
f 1872/905/1912 1873/904/1913 1874/716/1912
f 1435/715/1459 1436/716/1460 1873/904/1913
f 1190/601/1212 1189/600/1211 1875/906/1914
f 1876/907/1915 1875/906/1914 1189/600/1211
f 1877/906/1916 1878/907/1917 1879/600/1918
f 1877/906/1916 1879/600/1918 1181/601/1919
f 1880/908/1920 1881/909/1921 1882/910/1922
f 1882/910/1922 1883/911/1923 1880/908/1920
f 1884/909/1924 1885/908/1925 1886/910/1926
f 1887/911/1927 1886/910/1926 1885/908/1925
f 1888/912/1928 1889/913/1929 1890/914/1930
f 1891/915/1931 1890/914/1930 1889/913/1929
f 1892/913/1932 1893/912/1933 1894/914/1934
f 1894/914/1934 1895/915/1935 1892/913/1932
f 1896/916/1936 1843/896/1882 1897/917/1937
f 1897/917/1937 1843/896/1882 1842/895/1881
f 1898/917/1938 1847/896/1886 1899/916/1939
f 1847/896/1886 1898/917/1938 1846/895/1885
f 1900/918/1940 1901/919/1941 1902/920/1942
f 1900/918/1940 1902/920/1942 1903/921/1943
f 1534/756/1562 1904/922/1944 1533/755/1561
f 1904/922/1944 1534/756/1562 1905/923/1945
f 1906/920/1946 1907/919/1947 1908/918/1948
f 1906/920/1946 1908/918/1948 1909/921/1949
f 1910/924/1950 1911/925/1951 1912/919/1950
f 1912/919/1950 1906/920/1952 1910/924/1950
f 1601/695/1637 1913/577/1953 1914/577/1954
f 1913/577/1953 1601/695/1637 1600/695/1636
f 1913/577/1953 1915/579/1955 1914/577/1954
f 1916/579/1956 1914/577/1954 1915/579/1955
f 1917/925/1957 1918/924/1958 1919/919/1959
f 1902/920/1942 1901/919/1941 1918/924/1958
f 1920/577/1960 1605/695/1961 1921/577/1962
f 1605/695/1961 1920/577/1960 1922/695/1963
f 1920/577/1960 1921/577/1962 1923/579/1964
f 1921/577/1962 1924/579/1965 1923/579/1964
f 1925/922/1966 1532/756/1560 1531/755/1559
f 1532/756/1560 1925/922/1966 1926/923/1967
f 1416/702/1442 1927/926/1968 1417/703/1443
f 1928/927/1969 1417/703/1443 1927/926/1968
f 1929/928/1970 1930/929/1971 1931/864/1972
f 1777/861/1815 1776/864/1814 1930/929/1971
f 1932/930/1973 1933/931/1974 1934/932/1975
f 1933/931/1974 1932/930/1973 1935/933/1976
f 1936/548/1977 1937/934/1978 1938/935/1979
f 1938/935/1979 1939/936/1980 1936/548/1977
f 1937/934/1978 1936/548/1977 1940/464/1981
f 1941/931/1982 1942/930/1983 1943/932/1984
f 1942/930/1983 1941/931/1982 1944/933/1985
f 1415/703/1441 1945/927/1986 1946/926/1987
f 1415/703/1441 1946/926/1987 1414/702/1440
f 1947/937/1988 832/437/842 1081/549/1102
f 832/437/842 1947/937/1988 1784/866/1822
f 834/437/844 1948/937/1989 1083/549/1104
f 1948/937/1989 834/437/844 1789/866/1827
f 1949/938/1990 1950/939/1991 1951/940/1992
f 1950/939/1991 1949/938/1990 1952/941/1993
f 1774/863/1994 1950/939/1991 1952/941/1993
f 1774/863/1812 1773/862/1811 1953/939/1995
f 1954/929/1996 1955/928/1997 1956/864/1998
f 1956/864/1998 1772/861/1999 1954/929/1996
f 1957/939/2000 1958/938/2001 1959/940/2002
f 1958/938/2001 1957/939/2000 1960/941/2003
f 1957/939/2000 1779/863/1817 1960/941/2003
f 1957/939/2000 1961/862/2004 1779/863/1817
f 1962/942/2005 1896/916/1936 1963/943/2006
f 1896/916/1936 1897/917/1937 1963/943/2006
f 1866/903/1906 1962/942/2005 1865/902/1905
f 1962/942/2005 1963/943/2006 1865/902/1905
f 1964/943/2007 1899/916/1939 1965/942/2008
f 1899/916/1939 1964/943/2007 1898/917/1938
f 1868/902/1908 1965/942/2008 1867/903/1907
f 1965/942/2008 1868/902/1908 1964/943/2007
f 1966/698/2009 1967/944/2010 1968/945/2011
f 1967/944/2010 1966/698/2009 1393/697/1422
f 1969/946/2012 1970/945/2013 1967/944/2014
f 1969/946/2012 1967/944/2014 1971/947/2015
f 1972/847/2016 1973/946/2016 1971/947/2017
f 1726/847/1765 1971/947/2018 1724/845/1763
f 1974/553/2019 1975/948/2019 1976/949/2020
f 1401/698/1430 1977/944/2021 1399/697/1428
f 1977/944/2021 1401/698/1430 1978/945/2022
f 1979/946/2023 1977/944/2021 1978/945/2022
f 1977/944/2021 1979/946/2023 1980/947/2024
f 1981/847/2025 1980/947/2024 1979/946/2023
f 1980/947/2024 1981/847/2025 1729/845/2026
f 1982/553/2027 1983/949/2028 1984/948/2029
f 1985/950/2030 785/416/789 1986/951/2031
f 785/416/789 1985/950/2030 783/415/787
f 791/416/797 1987/950/2032 1988/951/2033
f 1987/950/2032 791/416/797 788/415/794
f 1205/608/1009 1989/952/2034 1206/609/1228
f 1207/608/1038 1208/609/1229 1990/952/2035
f 1991/953/2036 1992/954/2036 1993/955/2036
f 1994/956/2037 1739/826/1777 1995/957/2038
f 1739/826/1777 1994/956/2037 1740/825/1778
f 1687/826/1726 1996/956/2039 1997/957/2040
f 1996/956/2039 1687/826/1726 1686/825/1725
f 1998/958/2041 959/496/974 1999/959/2042
f 959/496/974 1998/958/2041 958/495/973
f 961/496/976 2000/958/2043 2001/959/2044
f 2000/958/2043 961/496/976 960/495/975
f 2002/960/2045 1852/718/1891 2003/961/2046
f 1852/718/1891 2002/960/2045 1850/898/1889
f 1856/718/1895 2004/960/2047 2005/961/2048
f 2004/960/2047 1856/718/1895 1855/898/1894
f 2006/918/2049 2007/962/2049 2008/963/2050
f 2007/962/2049 2006/918/2049 1903/921/1943
f 1908/918/1948 2009/962/2051 1909/921/1949
f 2009/962/2051 1908/918/1948 2010/963/2052
f 2011/964/2053 2012/965/2054 1541/761/1569
f 2013/966/2055 1541/761/1569 2012/965/2054
f 1541/761/1569 2013/966/2055 1543/763/1571
f 2014/964/2056 1547/761/1575 2015/965/2057
f 1547/761/1575 2016/966/2058 2015/965/2057
f 2016/966/2058 1547/761/1575 1548/763/1576
f 933/307/948 1206/609/1228 1642/378/1677
f 2017/967/2059 1642/378/1677 1206/609/1228
f 935/307/950 1643/378/1678 1208/609/1229
f 1643/378/1678 2018/967/2060 1208/609/1229
f 2019/968/2061 2020/969/2062 403/224/408
f 2019/968/2061 403/224/408 521/286/523
f 1744/851/1782 403/224/408 2020/969/2062
f 403/224/408 1744/851/1782 401/222/406
f 2021/970/2063 2022/971/2064 1165/594/1185
f 1165/594/1185 2023/972/2065 2021/970/2063
f 1165/594/1185 1164/593/1184 2023/972/2065
f 2024/972/2066 1170/593/1190 1171/594/1191
f 1171/594/1191 2025/970/2067 2024/972/2066
f 1171/594/1191 2026/971/2068 2025/970/2067
f 2027/973/2069 1191/602/1214 1193/604/1216
f 1191/602/1214 2027/973/2069 2028/974/2070
f 1197/602/1220 2029/973/2071 1198/604/1221
f 2029/973/2071 1197/602/1220 2030/974/2072
f 2031/975/2073 415/232/421 1749/852/1787
f 1749/852/1787 415/232/421 413/231/419
f 2032/976/2074 415/232/421 2031/975/2073
f 415/232/421 2032/976/2074 536/289/538
f 1499/741/1521 2033/977/2075 1500/742/1522
f 2034/978/2076 1500/742/1522 2033/977/2075
f 2035/977/2077 1497/741/1519 1498/742/1520
f 1498/742/1520 2036/978/2078 2035/977/2077
f 2037/979/2079 2038/980/2080 2039/981/2081
f 2037/979/2079 2040/982/2082 2038/980/2080
f 2040/982/2082 1691/830/1730 2038/980/2080
f 2040/982/2082 1689/828/1728 1691/830/1730
f 2041/983/2083 2037/979/2079 2039/981/2081
f 2041/983/2083 2039/981/2081 2042/984/2084
f 2041/983/2083 2042/984/2084 2043/985/2085
f 2043/985/2085 2042/984/2084 2044/986/2086
f 2045/979/2087 2046/980/2088 2047/982/2089
f 2045/979/2087 2048/981/2090 2046/980/2088
f 2047/982/2089 2046/980/2088 1695/830/1734
f 2047/982/2089 1695/830/1734 1694/828/1733
f 2049/983/2091 2050/984/2092 2048/981/2090
f 2049/983/2091 2048/981/2090 2045/979/2087
f 2050/984/2092 2049/983/2091 2051/985/2093
f 2051/985/2093 2052/986/2094 2050/984/2092
f 2053/987/2095 1608/791/1643 1607/790/1642
f 2053/987/2095 1607/790/1642 2054/988/2096
f 2055/989/2097 2053/987/2095 2054/988/2096
f 2053/987/2095 2055/989/2097 2056/990/2098
f 2057/987/2099 1610/790/1645 1609/791/1644
f 1610/790/1645 2057/987/2099 2058/988/2100
f 2057/987/2099 2059/989/2101 2058/988/2100
f 2059/989/2101 2057/987/2099 2060/990/2102
f 1875/906/1914 1876/907/1915 1835/892/2103
f 2061/890/2104 1835/892/2103 1876/907/1915
f 1839/892/1878 1836/890/1875 2062/907/2105
f 1839/892/1878 2062/907/2105 1877/906/2106
f 1543/763/1571 2063/991/2107 1590/786/1626
f 2063/991/2107 1543/763/1571 2013/966/2055
f 1548/763/1576 2064/991/2108 2016/966/2058
f 2064/991/2108 1548/763/1576 1592/786/1628
f 2065/992/2109 2066/993/2110 923/481/938
f 921/480/936 923/481/938 2066/993/2110
f 911/481/926 908/480/923 2067/993/2111
f 2067/993/2111 2068/992/2112 911/481/926
f 2069/994/2113 2070/995/2114 1527/753/1555
f 1528/754/1556 1527/753/1555 2070/995/2114
f 1890/914/1930 1891/915/1931 2071/996/2115
f 2072/997/2116 2071/996/2115 1891/915/1931
f 2073/995/2117 2074/994/2118 1530/753/1558
f 1530/753/1558 1529/754/1557 2073/995/2117
f 1895/915/1935 1894/914/1934 2075/996/2119
f 2075/996/2119 2076/997/2120 1895/915/1935
f 1669/816/1708 1771/859/1809 1770/860/1808
f 1771/859/1809 1669/816/1708 1666/813/1705
f 1768/859/1806 1748/816/1786 1769/860/1807
f 1748/816/1786 1768/859/1806 1747/813/1785
f 2077/998/2121 2078/681/2121 2079/686/2122
f 2078/681/2121 2077/998/2121 2080/999/2123
f 2081/681/2124 2082/998/2125 2083/686/2126
f 2082/998/2125 2081/681/2124 2084/999/2127
f 1934/932/1975 2085/1000/2128 2086/1001/2129
f 2085/1000/2128 1934/932/1975 1933/931/1974
f 2087/1000/2130 1943/932/1984 2088/1001/2131
f 1943/932/1984 2087/1000/2130 1941/931/1982
f 995/514/1009 996/515/1010 2089/1002/2132
f 2090/886/2133 2091/1003/2134 2092/1004/2135
f 2091/1003/2134 2090/886/2133 2093/1005/2136
f 2093/1005/2136 2090/886/2133 2094/885/2137
f 1023/514/1038 2095/1002/2138 1024/515/1039
f 2096/1006/2139 1081/549/1102 1279/644/1305
f 1081/549/1102 2096/1006/2139 1947/937/1988
f 1083/549/1104 2097/1006/2140 1281/644/1307
f 2097/1006/2140 1083/549/1104 1948/937/1989
f 1753/794/2141 2098/1007/2142 2099/793/2143
f 2098/1007/2142 1753/794/2141 2100/1008/2144
f 1617/794/1652 2101/1007/2145 2102/1008/2146
f 2101/1007/2145 1617/794/1652 1616/793/1651
f 2103/934/2147 2104/548/2148 2105/935/2149
f 2105/935/2149 2104/548/2148 2106/936/2150
f 2107/1009/2151 2108/1009/2152 2109/1010/2153
f 2109/1010/2153 2110/1010/2154 2107/1009/2151
f 2111/1009/2155 2112/1010/2155 2113/1009/2156
f 2112/1010/2155 2111/1009/2155 2114/1010/2157
f 1086/552/1107 1803/876/1842 937/485/952
f 1803/876/1842 1086/552/1107 2115/1011/2158
f 1806/876/2159 1094/552/1114 939/485/954
f 1094/552/1114 1806/876/2159 2116/1011/2160
f 2117/1012/2161 536/289/538 2032/976/2074
f 536/289/538 2117/1012/2161 565/304/568
f 2117/1012/2161 521/286/523 565/304/568
f 2117/1012/2161 2019/968/2061 521/286/523
f 900/475/2162 2118/1013/2163 966/499/981
f 2118/1013/2163 900/475/2162 1860/901/2164
f 2119/1013/2165 916/475/1904 968/499/983
f 916/475/1904 2119/1013/2165 1864/901/1903
f 2120/1014/2166 1155/588/1173 1520/750/1548
f 1155/588/1173 2120/1014/2166 1848/897/1887
f 1849/897/1888 2121/1014/2167 1157/588/1174
f 1526/750/1554 1157/588/1174 2121/1014/2167
f 2122/1015/2168 1457/724/2169 2123/1016/2170
f 2122/1015/2168 2124/723/2171 1457/724/2169
f 2125/1015/2172 1462/724/1485 1459/723/1482
f 2125/1015/2172 2126/1016/2173 1462/724/1485
f 2127/1017/2174 1590/786/1626 2063/991/2107
f 1590/786/1626 2127/1017/2174 1597/788/1633
f 1592/786/1628 2128/1017/2175 2064/991/2108
f 2128/1017/2175 1592/786/1628 1611/788/1646
f 1654/807/1693 1655/808/1694 2129/1018/2176
f 1655/808/1694 2130/1019/2177 2129/1018/2176
f 1644/807/1679 2131/1018/2178 1645/808/1680
f 2132/1019/2179 1645/808/1680 2131/1018/2178
f 2133/1020/2180 1061/537/2181 2134/1020/2182
f 1061/537/2183 2133/1020/2184 2135/537/2185
f 2136/1020/2186 2135/537/2185 2133/1020/2184
f 2135/537/2185 2136/1020/2186 2137/537/2187
f 2138/1020/2188 2137/537/2187 2136/1020/2186
f 2137/537/2187 2138/1020/2188 2139/537/2189
f 2140/537/2190 2141/1020/2191 2142/1020/2192
f 2141/1020/2193 2140/537/2194 2143/537/2195
f 2143/537/2195 2144/1020/2196 2141/1020/2193
f 2144/1020/2196 2143/537/2195 2145/537/2197
f 2145/537/2197 2146/1020/2198 2144/1020/2196
f 2146/1020/2198 2145/537/2197 2147/537/2199
f 2148/1003/2200 2149/886/2201 2150/1004/2202
f 2149/886/2201 2148/1003/2200 2151/1005/2203
f 2152/1021/2204 2153/1022/2205 2154/1023/2206
f 2153/1022/2205 2152/1021/2204 2155/1024/2207
f 1926/923/1967 2154/1023/2206 2153/1022/2205
f 2154/1023/2206 1926/923/1967 1925/922/1966
f 2156/1022/2208 2157/1021/2209 2158/1023/2210
f 2157/1021/2209 2156/1022/2208 2159/1024/2211
f 2158/1023/2210 1905/923/1945 2156/1022/2208
f 1905/923/1945 2158/1023/2210 1904/922/1944
f 2160/1025/2212 1735/849/2213 2161/1026/2214
f 1735/849/2213 2160/1025/2212 1738/848/2215
f 2161/1026/2214 2162/1027/2216 2160/1025/2212
f 2163/1028/2217 2162/1027/2216 2161/1026/2214
f 2163/1028/2217 2026/971/2068 2162/1027/2216
f 2026/971/2068 2163/1028/2217 2025/970/2067
f 2164/1025/2218 2165/849/2219 1731/848/2220
f 2165/849/2219 2164/1025/2218 2166/1026/2221
f 2166/1026/2221 2164/1025/2218 2167/1027/2222
f 2167/1027/2222 2168/1028/2223 2166/1026/2221
f 2022/971/2064 2168/1028/2223 2167/1027/2222
f 2168/1028/2223 2022/971/2064 2021/970/2063
f 2086/1001/2129 2155/1024/2207 2152/1021/2204
f 2155/1024/2207 2086/1001/2129 2085/1000/2128
f 2159/1024/2211 2088/1001/2131 2157/1021/2209
f 2088/1001/2131 2159/1024/2211 2087/1000/2130
f 2169/1029/2224 1955/928/1997 1954/929/1996
f 2170/928/2225 2169/1029/2224 2171/1030/2226
f 1929/928/1970 2172/1029/2227 1930/929/1971
f 2172/1029/2227 1929/928/1970 2173/1030/2228
f 2174/1031/2229 1297/650/1323 2175/1032/2230
f 1297/650/1323 2174/1031/2229 1420/706/1446
f 2174/1031/2229 1423/709/1449 1420/706/1446
f 2174/1031/2229 2176/1033/2231 1423/709/1449
f 2177/1031/2232 1299/650/1325 1424/706/1450
f 1299/650/1325 2177/1031/2232 2178/1032/2233
f 1424/706/1450 1427/709/1453 2177/1031/2232
f 2179/1033/2234 2177/1031/2232 1427/709/1453
f 1883/911/1923 2180/1034/2235 2181/1035/2236
f 2180/1034/2235 1883/911/1923 1882/910/1922
f 2182/1034/2237 1887/911/2238 2183/1035/2239
f 1887/911/2238 2182/1034/2237 2184/910/2240
f 2185/1036/2241 2186/662/2242 2187/1037/2243
f 2186/662/2242 2185/1036/2241 2188/1038/2244
f 2187/1037/2243 2186/662/2242 2189/661/2245
f 2190/1039/2246 2191/1040/2247 2192/1041/2248
f 2191/1040/2247 2190/1039/2246 2193/1042/2249
f 1944/933/1985 2192/1041/2248 2191/1040/2247
f 2191/1040/2247 1942/930/1983 1944/933/1985
f 2071/996/2115 2072/997/2116 2069/994/2113
f 2070/995/2114 2069/994/2113 2072/997/2116
f 2075/996/2119 2074/994/2118 2076/997/2120
f 2074/994/2118 2073/995/2117 2076/997/2120
f 2194/1041/2250 2195/1040/2251 2196/1039/2252
f 2197/1042/2253 2196/1039/2252 2195/1040/2251
f 1935/933/1976 2195/1040/2251 2194/1041/2250
f 1932/930/1973 2195/1040/2251 1935/933/1976
f 2198/1043/2254 966/499/981 2118/1013/2163
f 966/499/981 2198/1043/2254 1072/546/1089
f 2199/1043/2255 968/499/983 1074/546/1091
f 968/499/983 2199/1043/2255 2119/1013/2165
f 1997/957/2040 2034/978/2076 2033/977/2075
f 2034/978/2076 1997/957/2040 1996/956/2039
f 2036/978/2078 1995/957/2038 2035/977/2077
f 1995/957/2038 2036/978/2078 1994/956/2037
f 2200/1044/2256 1597/788/1633 2127/1017/2174
f 1597/788/1633 2200/1044/2256 1537/759/1565
f 1611/788/1646 2201/1044/2257 2128/1017/2175
f 2201/1044/2257 1611/788/1646 1539/759/1567
f 2202/830/2258 1781/865/1819 2203/1045/2259
f 1781/865/1819 2202/830/2258 1780/829/1818
f 1783/865/1821 2204/830/2260 2205/1045/2261
f 2204/830/2260 1783/865/1821 1782/829/1820
f 2206/1046/2262 1986/951/2031 2207/1047/2263
f 2206/1046/2262 1985/950/2030 1986/951/2031
f 2208/1047/2264 1988/951/2033 2209/1046/2265
f 1988/951/2033 1987/950/2032 2209/1046/2265
f 1220/619/1241 2210/1048/2266 2211/1049/2267
f 1220/619/1241 1219/618/1240 2210/1048/2266
f 1228/619/1249 2212/1048/2268 1227/618/1248
f 1228/619/1249 2213/1049/2269 2212/1048/2268
f 2214/1050/2270 1072/546/1089 2198/1043/2254
f 1072/546/1089 2214/1050/2270 1253/632/1272
f 2215/1050/2271 1074/546/1091 1255/632/1274
f 1074/546/1091 2215/1050/2271 2199/1043/2255
f 2216/1051/2272 2217/412/2272 2218/1052/2272
f 2219/398/2273 2220/1052/2274 2221/412/2275
f 2219/398/2273 2222/1053/2276 2220/1052/2274
f 756/395/2277 2222/1053/2276 2219/398/2273
f 2223/1052/2278 2224/398/2278 2225/412/2279
f 2226/412/2280 2227/1051/2280 2228/1052/2280
f 2224/398/2278 2223/1052/2278 2229/1053/2281
f 745/395/2282 2230/398/2283 2229/1053/2281
f 2175/1032/2230 1253/632/1272 2214/1050/2270
f 1253/632/1272 2175/1032/2230 1297/650/1323
f 2178/1032/2233 1255/632/1274 1299/650/1325
f 1255/632/1274 2178/1032/2233 2215/1050/2271
f 2181/1035/2236 1808/878/1849 1807/877/1848
f 2231/878/2284 2181/1035/2236 2180/1034/2235
f 1811/878/1852 2183/1035/2285 1810/877/1851
f 2183/1035/2285 1811/878/1852 2232/1034/2286
f 2233/1054/2287 2044/986/2086 2234/1055/2288
f 2044/986/2086 2233/1054/2287 2043/985/2085
f 2052/986/2094 2235/1054/2289 2236/1055/2290
f 2235/1054/2289 2052/986/2094 2051/985/2093
f 2237/1056/2291 2238/1057/2292 2092/1004/2135
f 2092/1004/2135 2091/1003/2134 2237/1056/2291
f 2239/1056/2293 2150/1004/2202 2240/1057/2294
f 2150/1004/2202 2239/1056/2293 2148/1003/2200
f 2241/1058/2295 2242/1059/2296 2165/849/2297
f 2165/849/2297 2243/1060/2298 2241/1058/2295
f 2244/849/2299 2245/1058/2300 2246/1060/2301
f 2245/1058/2300 2244/849/2299 2247/1059/2302
f 2248/1061/2303 2056/990/2098 2055/989/2097
f 2056/990/2098 2248/1061/2303 2249/1062/2304
f 2060/990/2102 2250/1061/2305 2059/989/2101
f 2250/1061/2305 2060/990/2102 2251/1062/2306
f 2252/1063/2307 2253/940/2308 2254/1064/2309
f 1951/940/1992 2252/1063/2307 1949/938/1990
f 2255/940/2310 2256/1063/2311 2257/1064/2312
f 2256/1063/2311 2255/940/2310 1958/938/2313
f 2258/1065/2314 2259/1065/2315 2260/1066/2314
f 2260/1066/2314 2261/1066/2316 2258/1065/2314
f 2262/1065/2317 2263/1066/2318 2264/1065/2319
f 2263/1066/2318 2262/1065/2317 2265/1066/2320
f 1419/705/2321 2115/1011/2158 1086/552/1107
f 2115/1011/2158 1419/705/2321 2266/1067/2322
f 2116/1011/2160 1438/705/2323 1094/552/1114
f 1438/705/2323 2116/1011/2160 2267/1067/2324
f 1825/887/1864 1826/888/1865 2268/1068/2325
f 2269/1069/2326 2268/1068/2325 1826/888/1865
f 2270/1068/2327 2271/1069/2328 2272/888/2327
f 2270/1068/2327 2272/888/2327 1828/887/2329
f 2273/1070/2330 2274/1071/2331 2275/1072/2332
f 2276/1073/2333 2275/1072/2332 2274/1071/2331
f 2242/1059/2296 2274/1071/2331 2273/1070/2330
f 2241/1058/2295 2274/1071/2331 2242/1059/2296
f 2277/1071/2334 2278/1072/2335 2279/1073/2336
f 2278/1072/2335 2277/1071/2334 2280/1070/2337
f 2280/1070/2337 2277/1071/2334 2247/1059/2302
f 2245/1058/2300 2247/1059/2302 2277/1071/2334
f 2281/1074/2338 1279/644/1305 1515/747/2339
f 1279/644/1305 2281/1074/2338 2096/1006/2139
f 1281/644/1307 2282/1074/2340 1517/747/2341
f 2282/1074/2340 1281/644/1307 2097/1006/2140
f 1713/839/1752 2029/973/2071 2030/974/2072
f 2030/974/2072 1712/838/1751 1713/839/1752
f 1537/759/1565 2266/1067/2322 1419/705/2321
f 2266/1067/2322 1537/759/1565 2200/1044/2256
f 2267/1067/2324 2201/1044/2257 1539/759/1567
f 1539/759/1567 1438/705/2323 2267/1067/2324
f 2283/1075/2342 2284/955/2343 2285/1076/2344
f 2286/1077/2345 2285/1076/2344 2284/955/2343
f 2284/955/2343 2283/1075/2342 2287/953/2346
f 2027/973/2069 1707/839/1746 2028/974/2070
f 2028/974/2070 1707/839/1746 1706/838/1745
f 2288/1078/2347 1759/856/1796 2289/1079/2348
f 1759/856/1796 2288/1078/2347 1760/857/1797
f 1763/856/1800 2290/1078/2349 2291/1079/2350
f 2290/1078/2349 1763/856/1800 1765/857/1802
f 2292/1080/2351 2293/1081/2352 696/370/2353
f 696/370/2353 2294/369/2354 2292/1080/2351
f 2295/1080/2355 696/370/2353 2293/1081/2352
f 2296/369/2356 696/370/2353 2295/1080/2355
f 2297/1082/2357 2298/1083/2358 2234/1055/2288
f 2233/1054/2287 2234/1055/2288 2298/1083/2358
f 2236/1055/2290 2299/1083/2359 2300/1082/2360
f 2299/1083/2359 2236/1055/2290 2235/1054/2289
f 2301/1084/2361 2302/1085/2362 1945/927/1986
f 1945/927/1986 2302/1085/2362 1946/926/1987
f 2303/1084/2363 1928/927/1969 2304/1085/2364
f 1928/927/1969 1927/926/1968 2304/1085/2364
f 1206/609/1228 2305/1086/2365 2017/967/2059
f 1208/609/1229 2018/967/2060 2306/1086/2366
f 2307/1087/2367 2292/1080/2351 2294/369/2354
f 2294/369/2354 978/505/2368 2307/1087/2367
f 2295/1080/2355 2308/1087/2369 2296/369/2356
f 980/505/2370 702/369/2371 2308/1087/2369
f 1449/720/2372 2309/961/2373 2310/718/2374
f 2309/961/2373 1449/720/2372 2311/1088/2375
f 2312/1089/2376 2309/961/2373 2311/1088/2375
f 2309/961/2373 2312/1089/2376 2313/1090/2377
f 2312/1089/2376 2314/1091/2378 2313/1090/2377
f 2314/1091/2378 2312/1089/2376 2315/1092/2379
f 2314/1091/2378 2315/1092/2379 1363/688/1388
f 1363/688/1388 1362/687/1387 2314/1091/2378
f 1452/720/1474 2316/961/2380 2317/1088/2381
f 2316/961/2380 1452/720/1474 1451/718/1473
f 2318/1089/2382 2317/1088/2381 2316/961/2380
f 2318/1089/2382 2316/961/2380 2319/1090/2383
f 2320/1091/2384 2318/1089/2382 2319/1090/2383
f 2318/1089/2382 2320/1091/2384 2321/1092/2385
f 2320/1091/2384 1379/688/2386 2321/1092/2385
f 2322/687/2387 1379/688/2386 2320/1091/2384
f 2323/1093/2388 1812/879/1853 1813/880/1854
f 2323/1093/2388 1813/880/1854 2324/1094/2389
f 2325/1094/2390 1814/880/1855 2326/1093/2391
f 1815/879/1856 2326/1093/2391 1814/880/1855
f 2100/1008/2392 2327/1095/2393 2328/1007/2394
f 2327/1095/2393 2100/1008/2392 2329/1096/2395
f 2102/1008/2146 2330/1095/2396 2331/1096/2397
f 2330/1095/2396 2102/1008/2146 2101/1007/2145
f 2332/1097/2398 2333/1098/2399 2334/692/2400
f 2334/692/2400 2335/593/2401 2332/1097/2398
f 2334/692/2400 1364/689/2402 2335/593/2401
f 2336/1097/2403 2337/692/2403 2338/1098/2404
f 2337/692/2403 2336/1097/2403 2339/593/2405
f 1368/689/1393 1370/692/1395 2339/593/2405
f 2340/1099/2406 2341/1100/2407 1962/942/2005
f 2341/1100/2407 1896/916/1936 1962/942/2005
f 2340/1099/2406 1962/942/2005 1866/903/1906
f 2342/1101/2408 2340/1099/2406 1866/903/1906
f 1866/903/1906 1787/869/2409 2342/1101/2408
f 2343/1102/2410 2342/1101/2408 1787/869/2409
f 1965/942/2008 2344/1100/2411 2345/1099/2412
f 2344/1100/2411 1965/942/2008 1899/916/1939
f 2345/1099/2412 1867/903/1907 1965/942/2008
f 1867/903/1907 2345/1099/2412 2346/1101/2413
f 2346/1101/2413 1790/869/2414 1867/903/1907
f 2346/1101/2413 2347/1102/2415 1790/869/2414
f 2348/428/2416 2349/1103/2416 2350/1051/2416
f 2351/1051/2417 2352/412/2417 2353/428/2417
f 2354/1051/2418 2355/428/2418 2356/412/2418
f 2357/1103/2419 2358/428/2419 2359/1051/2419
f 2360/1104/2420 1061/537/2181 2361/1105/2421
f 1528/754/2422 2361/1105/2421 1061/537/2181
f 2134/1020/2182 1061/537/2181 2360/1104/2420
f 2362/1105/2423 1529/754/2424 2140/537/2425
f 2140/537/2425 2363/1104/2426 2362/1105/2423
f 2140/537/2425 2142/1020/2427 2363/1104/2426
f 2364/1106/2428 1840/893/2429 1843/896/1882
f 1840/893/2429 2364/1106/2428 2365/1107/2430
f 1896/916/1936 2364/1106/2428 1843/896/1882
f 2341/1100/2407 2364/1106/2428 1896/916/1936
f 2365/1107/2430 1820/882/2431 1840/893/2429
f 1820/882/2431 2365/1107/2430 2366/1108/2432
f 2367/1106/2433 1844/893/2434 2368/1107/2435
f 1844/893/2434 2367/1106/2433 1847/896/1886
f 2367/1106/2433 1899/916/1939 1847/896/1886
f 1899/916/1939 2367/1106/2433 2344/1100/2411
f 1844/893/2434 1831/882/2436 2368/1107/2435
f 1831/882/2436 2369/1108/2437 2368/1107/2435
f 2171/1030/2226 2169/1029/2224 2370/1109/2438
f 2370/1109/2438 2371/1110/2439 2171/1030/2226
f 2372/1110/2440 2373/1109/2441 2173/1030/2228
f 2173/1030/2228 2373/1109/2441 2172/1029/2227
f 2374/1111/2442 2375/399/2443 745/395/2282
f 745/395/2282 2229/1053/2281 2374/1111/2442
f 759/399/2444 2376/1111/2445 2377/395/2446
f 756/395/2277 2376/1111/2447 2222/1053/2276
f 2371/1110/2439 2238/1057/2292 2237/1056/2291
f 2371/1110/2439 2370/1109/2438 2238/1057/2292
f 2372/1110/2440 2240/1057/2294 2373/1109/2441
f 2372/1110/2440 2239/1056/2293 2240/1057/2294
f 2243/1060/2298 2378/1026/2448 2379/1112/2449
f 2378/1026/2448 2243/1060/2298 2165/849/2297
f 2380/1026/2450 2246/1060/2301 2381/1112/2451
f 2246/1060/2301 2380/1026/2450 2244/849/2299
f 2382/1113/2452 2383/1114/2453 2384/1115/2454
f 2383/1114/2453 2382/1113/2452 2385/1116/2455
f 2386/1113/2456 2387/1114/2456 2388/1116/2457
f 2387/1114/2456 2386/1113/2456 2389/1115/2458
f 2276/1073/2333 2390/913/2459 2275/1072/2332
f 2390/913/2459 2276/1073/2333 2391/1117/2460
f 2392/913/2461 2279/1073/2336 2278/1072/2335
f 2279/1073/2336 2392/913/2461 2393/1117/2462
f 2394/1118/2463 2123/1016/2170 2395/1119/2464
f 2394/1118/2463 2122/1015/2168 2123/1016/2170
f 2396/1118/2465 2397/1119/2466 2126/1016/2173
f 2126/1016/2173 2125/1015/2172 2396/1118/2465
f 2398/1120/2467 1103/560/1123 2399/1121/2468
f 1103/560/1123 2398/1120/2467 1106/563/1126
f 1109/560/1129 2400/1120/2469 2401/1121/2470
f 2400/1120/2469 1109/560/1129 1110/563/1130
f 2402/1122/2471 2207/1047/2263 2403/1123/2472
f 2207/1047/2263 2402/1122/2471 2206/1046/2262
f 2404/1122/2473 2208/1047/2264 2209/1046/2265
f 2208/1047/2264 2404/1122/2473 2405/1123/2474
f 1517/747/2341 2406/1124/2475 1721/842/2476
f 2406/1124/2475 1517/747/2341 2282/1074/2340
f 2197/1042/2253 2403/1123/2472 2196/1039/2252
f 2403/1123/2472 2197/1042/2253 2402/1122/2471
f 2407/1125/2477 2249/1062/2304 2248/1061/2303
f 2249/1062/2304 2407/1125/2477 2408/1126/2478
f 2409/1127/2479 2408/1126/2478 2407/1125/2477
f 2408/1126/2478 2409/1127/2479 2410/1128/2480
f 2405/1123/2474 2193/1042/2249 2190/1039/2246
f 2193/1042/2249 2405/1123/2474 2404/1122/2473
f 2251/1062/2306 2411/1125/2481 2250/1061/2305
f 2411/1125/2481 2251/1062/2306 2412/1126/2482
f 2412/1126/2482 2413/1127/2483 2411/1125/2481
f 2413/1127/2483 2412/1126/2482 2414/1128/2484
f 2415/1124/2485 1515/747/2339 1719/842/2486
f 1515/747/2339 2415/1124/2485 2281/1074/2338
f 2416/955/2487 2417/1075/2488 2418/1076/2489
f 2418/1076/2489 2419/1077/2490 2416/955/2487
f 2420/1129/2491 2343/1102/2410 2421/854/2492
f 2343/1102/2410 1787/869/2409 2421/854/2492
f 2422/1129/2493 2423/854/2494 2347/1102/2415
f 2347/1102/2415 2423/854/2494 1790/869/2414
f 2424/1130/2495 2425/970/2496 2426/1131/2497
f 2425/970/2496 2424/1130/2495 2427/1028/2498
f 2428/972/2499 2426/1131/2497 2425/970/2496
f 2426/1131/2497 2428/972/2499 2429/1132/2500
f 2025/970/2501 2430/1130/2502 2431/1131/2503
f 2430/1130/2502 2025/970/2501 2432/1028/2504
f 2431/1131/2503 2433/972/2505 2025/970/2501
f 2433/972/2505 2431/1131/2503 2434/1132/2506
f 1705/837/1744 2435/1133/2507 1703/835/1742
f 2435/1133/2507 1705/837/1744 2436/1134/2508
f 2437/1133/2509 1710/837/1749 1709/835/1748
f 1710/837/1749 2437/1133/2509 2438/1134/2510
f 2105/935/2149 2106/936/2150 2439/1135/2511
f 2106/936/2150 2440/1136/2512 2439/1135/2511
f 1939/936/1980 1938/935/1979 2441/1135/2513
f 2441/1135/2513 2442/1136/2514 1939/936/1980
f 2443/1137/2515 2444/1138/2516 2445/581/2517
f 2445/581/2517 2446/620/2518 2443/1137/2515
f 2447/578/2519 2448/620/2519 2449/581/2519
f 1388/578/1416 1387/577/1415 2450/579/2520
f 2451/1139/2521 2452/1140/2521 2453/1141/2521
f 2454/1142/2522 2410/1128/2480 2409/1127/2479
f 2410/1128/2480 2454/1142/2522 2455/1143/2523
f 2414/1128/2484 2454/1142/2524 2413/1127/2483
f 2454/1142/2524 2414/1128/2484 2456/1143/2525
f 2457/1144/2526 1719/842/2486 1785/867/2527
f 1719/842/2486 2457/1144/2526 2415/1124/2485
f 1721/842/2476 2458/1144/2528 1800/867/2529
f 2458/1144/2528 1721/842/2476 2406/1124/2475
f 2366/1108/2432 1785/867/2527 1820/882/2431
f 1785/867/2527 2366/1108/2432 2457/1144/2526
f 1831/882/2436 1800/867/2529 2369/1108/2437
f 1800/867/2529 2458/1144/2528 2369/1108/2437
f 2427/1028/2498 2424/1130/2495 2379/1112/2530
f 2379/1112/2449 2378/1026/2448 2459/1028/2531
f 2460/1026/2532 2381/1112/2451 2461/1028/2532
f 2430/1130/2502 2432/1028/2504 2381/1112/2533
f 2462/710/2534 2463/620/2534 2464/1145/2534
f 2465/620/2535 2466/710/2535 2467/580/2535
f 2468/493/2536 2469/492/2537 2470/1146/2538
f 2471/1147/2539 2468/493/2536 2470/1146/2538
f 2472/493/2540 2473/1147/2541 2474/1146/2542
f 2475/492/2543 2472/493/2540 2474/1146/2542
f 2376/1111/2445 759/399/2444 2476/1148/2544
f 2477/355/2545 2476/1148/2544 759/399/2444
f 2478/1148/2546 2479/355/2547 2480/399/2548
f 2480/399/2548 2374/1111/2442 2478/1148/2546
f 2481/1149/2549 2307/1087/2367 978/505/2368
f 978/505/2368 1344/675/2550 2481/1149/2549
f 2308/1087/2369 2482/1149/2551 980/505/2370
f 2483/675/2552 980/505/2370 2482/1149/2551
f 2361/1105/2421 1528/754/2422 2484/1150/2553
f 2070/995/2554 2484/1150/2553 1528/754/2422
f 2485/1150/2555 2073/995/2556 1529/754/2424
f 1529/754/2424 2362/1105/2423 2485/1150/2555
f 2486/1151/2557 1344/675/2550 1699/833/2558
f 1344/675/2550 2486/1151/2557 2481/1149/2549
f 1346/675/1369 2487/1151/2559 1701/833/1740
f 2487/1151/2559 1346/675/1369 2482/1149/2560
f 2488/1152/2561 1671/818/2562 1621/798/2563
f 1671/818/2562 2488/1152/2561 2489/1153/2564
f 1621/798/2563 2490/1154/2565 2488/1152/2561
f 2490/1154/2565 1621/798/2563 2491/795/2566
f 2491/795/2566 2492/1155/2567 2490/1154/2565
f 2492/1155/2567 2491/795/2566 2493/799/2568
f 1676/818/2569 2494/1152/2570 1633/798/2571
f 2494/1152/2570 1676/818/2569 2495/1153/2572
f 2496/1154/2573 1633/798/2571 2494/1152/2570
f 1633/798/2571 2496/1154/2573 2497/795/2574
f 2498/1155/2575 2497/795/2574 2496/1154/2573
f 2499/795/2576 2498/1155/2575 2500/799/2577
f 2501/662/2578 2502/1036/2579 2503/1037/2580
f 2502/1036/2579 2501/662/2578 2504/1038/2581
f 2470/1146/2538 2505/1156/2582 2471/1147/2539
f 2505/1156/2582 2506/1157/2583 2471/1147/2539
f 2473/1147/2541 2507/1157/2584 2508/1156/2585
f 2508/1156/2585 2474/1146/2542 2473/1147/2541
f 2329/1096/2586 2509/1158/2587 2510/1095/2588
f 2509/1158/2587 2329/1096/2586 2511/1159/2589
f 2512/1158/2590 2331/1096/2397 2330/1095/2396
f 2331/1096/2397 2512/1158/2590 2513/1159/2591
f 2514/1160/2592 1699/833/2558 1674/821/2593
f 1699/833/2558 2514/1160/2592 2486/1151/2557
f 1674/821/2593 2489/1153/2564 2514/1160/2592
f 2489/1153/2564 1674/821/2593 1671/818/2562
f 1701/833/1740 2515/1160/2594 1678/821/2595
f 2515/1160/2594 1701/833/1740 2487/1151/2559
f 2515/1160/2594 2495/1153/2572 1678/821/2595
f 1676/818/2569 1678/821/2595 2495/1153/2572
f 2421/854/2492 2516/823/2596 2420/1129/2491
f 2517/1161/2597 2420/1129/2491 2516/823/2596
f 2422/1129/2598 2518/1161/2599 2519/823/2600
f 2422/1129/2598 2519/823/2600 2520/854/2601
f 2066/993/2110 2065/992/2109 2521/1162/2602
f 2521/1162/2602 2065/992/2109 2522/1119/2603
f 2068/992/2112 2067/993/2111 2523/1162/2604
f 2523/1162/2604 2524/1119/2605 2068/992/2112
f 2525/1163/2606 2526/915/2607 2391/1117/2460
f 2390/913/2459 2391/1117/2460 2526/915/2607
f 2393/1117/2462 2392/913/2461 2527/915/2608
f 2527/915/2608 2528/1163/2609 2393/1117/2462
f 2529/1164/2610 2530/1165/2611 2531/804/2612
f 2530/1165/2611 2532/801/2613 2531/804/2612
f 2530/1165/2614 2533/799/2615 2534/801/2615
f 2493/799/2568 2530/1165/2611 2492/1155/2567
f 2535/804/2616 2536/1165/2617 2537/1164/2618
f 2536/1165/2617 2535/804/2616 2538/801/2619
f 2539/799/2620 2536/1165/2617 2538/801/2619
f 2536/1165/2617 2539/799/2620 2498/1155/2575
f 2540/1166/2621 2506/1157/2583 2541/1167/2622
f 2506/1157/2583 2540/1166/2621 2471/1147/2539
f 1133/574/2623 2471/1147/2539 2540/1166/2621
f 2471/1147/2539 1133/574/2623 2542/493/2624
f 2507/1157/2584 2543/1166/2625 2544/1167/2626
f 2473/1147/2541 2543/1166/2625 2507/1157/2584
f 2543/1166/2625 2473/1147/2541 1128/574/2627
f 1128/574/2627 2473/1147/2541 2472/493/2540
f 2545/1168/2628 2001/959/2044 2546/1169/2629
f 2001/959/2044 2000/958/2043 2546/1169/2629
f 2547/1168/2630 2548/1169/2631 1999/959/2042
f 1999/959/2042 2548/1169/2631 1998/958/2041
f 2516/823/2596 2549/774/2632 2517/1161/2597
f 2550/1170/2633 2517/1161/2597 2549/774/2632
f 2518/1161/2634 2551/1170/2635 2552/774/2636
f 2518/1161/2634 2552/774/2636 2553/823/2637
f 2554/806/2638 2537/1164/2639 2555/1171/2640
f 2537/1164/2639 2554/806/2638 2556/804/2641
f 2555/1171/2642 2557/810/2643 2558/806/2644
f 2557/810/2643 2555/1171/2642 2559/1172/2645
f 2560/249/2646 2561/1141/2646 2562/1140/2646
f 2531/804/2612 2563/806/2647 2529/1164/2610
f 2564/1171/2648 2529/1164/2610 2563/806/2647
f 2565/1172/2649 2564/1171/2648 2566/810/2650
f 2563/806/2647 2566/810/2650 2564/1171/2648
f 2549/774/2632 2567/775/2651 2550/1170/2633
f 2568/1173/2652 2550/1170/2633 2567/775/2651
f 2569/775/2653 2570/774/2654 2551/1170/2635
f 2551/1170/2635 2571/1173/2655 2569/775/2653
f 2476/1148/2544 2477/355/2545 2572/1174/2656
f 2572/1174/2656 2477/355/2545 663/353/2657
f 2573/1174/2658 2574/353/2659 2575/355/2660
f 2575/355/2660 2478/1148/2546 2573/1174/2658
f 2576/1175/2661 2301/1084/2361 2577/1176/2662
f 2301/1084/2361 2576/1175/2661 2302/1085/2362
f 2578/1176/2663 2303/1084/2363 2579/1175/2664
f 2303/1084/2363 2304/1085/2364 2579/1175/2664
f 2580/1177/2665 1306/657/1332 1305/656/1331
f 1306/657/1332 2580/1177/2665 2581/1178/2666
f 2582/1179/2667 2070/995/2554 2072/997/2668
f 2070/995/2554 2582/1179/2667 2484/1150/2553
f 2073/995/2556 2583/1179/2669 2076/997/2670
f 2583/1179/2669 2073/995/2556 2485/1150/2555
f 1312/657/2671 2584/1177/2672 2585/656/2673
f 2584/1177/2672 1312/657/2671 2586/1178/2674
f 2582/1179/2667 2072/997/2668 2525/1163/2675
f 2587/915/2676 2525/1163/2675 2072/997/2668
f 2528/1163/2609 2527/915/2608 2076/997/2670
f 2076/997/2670 2583/1179/2669 2528/1163/2609
f 2588/980/2677 2203/1045/2678 2589/1180/2679
f 2588/980/2677 2590/830/2680 2203/1045/2678
f 2039/981/2681 2038/980/2682 2589/1180/2683
f 2039/981/2681 2589/1180/2683 2591/1181/2684
f 2046/980/2685 2592/1180/2686 2205/1045/2261
f 2205/1045/2261 2204/830/2260 2046/980/2685
f 2048/981/2687 2593/1181/2688 2592/1180/2686
f 2048/981/2687 2592/1180/2686 2046/980/2685
f 2511/1159/2689 2594/1064/2690 2595/1158/2690
f 2254/1064/2309 2511/1159/2589 2252/1063/2307
f 2596/1064/2691 2513/1159/2591 2512/1158/2590
f 2513/1159/2591 2596/1064/2691 2256/1063/2692
f 2597/1182/2693 2577/1176/2662 2598/1183/2694
f 2597/1182/2693 2576/1175/2661 2577/1176/2662
f 2579/1175/2664 2599/1182/2695 2578/1176/2663
f 2600/1183/2696 2578/1176/2663 2599/1182/2695
f 2601/1184/2697 2298/1083/2358 2297/1082/2357
f 2601/1184/2697 2297/1082/2357 2602/1185/2698
f 2601/1184/2697 2602/1185/2698 2603/570/2699
f 2603/570/2699 2604/1186/2700 2601/1184/2697
f 2605/1184/2701 2300/1082/2360 2299/1083/2359
f 2606/1082/2702 2605/1184/2703 2607/1185/2704
f 2605/1184/2703 2608/570/2705 2607/1185/2704
f 2609/1186/2706 2608/570/2705 2605/1184/2703
f 2440/1136/2512 2610/1187/2707 2439/1135/2511
f 2440/1136/2512 2611/1188/2708 2610/1187/2707
f 2442/1136/2514 2612/1187/2709 2613/1188/2710
f 2442/1136/2514 2441/1135/2513 2612/1187/2709
f 2614/1189/2711 2615/1190/2712 2130/1019/2177
f 2130/1019/2177 2615/1190/2712 2129/1018/2176
f 2616/1189/2713 2132/1019/2179 2617/1190/2714
f 2132/1019/2179 2131/1018/2178 2617/1190/2714
f 2604/1186/2700 2618/572/2715 2619/1191/2716
f 2618/572/2715 2604/1186/2700 2603/570/2699
f 2620/572/2717 2609/1186/2706 2621/1191/2718
f 2609/1186/2706 2620/572/2717 2608/570/2705
f 2559/1172/2645 2622/1192/2719 2623/752/2720
f 2559/1172/2645 2623/752/2720 2624/810/2721
f 2566/810/2650 2625/752/2722 2565/1172/2649
f 2626/1192/2723 2565/1172/2649 2625/752/2722
f 1133/574/2623 2627/1193/2724 1210/611/2725
f 2627/1193/2724 1133/574/2623 2540/1166/2621
f 2619/1191/2716 1210/611/2725 2627/1193/2724
f 1210/611/2725 2619/1191/2716 2618/572/2715
f 1128/574/2627 2628/1193/2726 2543/1166/2625
f 2628/1193/2726 1128/574/2627 2629/611/2727
f 2629/611/2727 2621/1191/2718 2628/1193/2726
f 2621/1191/2718 2629/611/2727 2630/572/2728
f 2611/1188/2708 2631/1194/2729 2610/1187/2707
f 2611/1188/2708 2632/1195/2730 2631/1194/2729
f 2613/1188/2710 2633/1194/2731 2634/1195/2732
f 2613/1188/2710 2612/1187/2709 2633/1194/2731
f 2635/1196/2733 2636/1055/2734 2637/1197/2735
f 2638/986/2736 2637/1197/2735 2636/1055/2734
f 2639/1197/2737 2640/1055/2738 2641/1196/2739
f 2640/1055/2738 2639/1197/2737 2642/986/2740
f 2643/1138/2741 2644/1137/2742 2645/581/2743
f 2646/620/2744 2645/581/2743 2644/1137/2742
f 2647/710/2745 2648/1198/2746 2649/620/2747
f 2648/1198/2746 2647/710/2745 2650/1139/2748
f 2651/1199/2749 2652/353/2750 682/362/2751
f 2651/1199/2749 2572/1174/2656 663/353/2657
f 2653/1199/2752 2654/362/2753 2655/353/2754
f 2655/353/2754 2573/1174/2658 2653/1199/2752
f 2656/1200/2755 2657/1201/2756 2658/1202/2757
f 2657/1201/2756 2656/1200/2755 2659/1203/2758
f 2660/1204/2759 2658/1202/2760 2657/1201/2761
f 2658/1202/2760 2660/1204/2759 2661/1205/2762
f 2662/1206/2763 2659/1203/2764 2656/1200/2765
f 2662/1206/2763 2656/1200/2765 2663/1207/2766
f 2664/1208/2767 2662/1206/2768 2663/1207/2769
f 2662/1206/2768 2664/1208/2767 2665/1209/2770
f 2625/752/2722 2666/737/2771 2626/1192/2723
f 2667/1210/2772 2626/1192/2723 2666/737/2771
f 2668/737/2773 2669/752/2774 2622/1192/2719
f 2622/1192/2719 2670/1210/2775 2668/737/2773
f 2567/775/2651 2671/782/2776 2568/1173/2652
f 2672/1211/2777 2568/1173/2652 2671/782/2776
f 2673/782/2778 2674/775/2779 2571/1173/2780
f 2571/1173/2780 2675/1211/2781 2673/782/2778
f 2666/737/2771 2676/735/2782 2667/1210/2772
f 2677/1212/2783 2667/1210/2772 2676/735/2782
f 2678/735/2784 2679/737/2785 2670/1210/2775
f 2670/1210/2775 2680/1212/2786 2678/735/2784
f 2384/1115/2454 2681/1213/2787 2682/1178/2788
f 2681/1213/2787 2384/1115/2454 2383/1114/2453
f 2683/1213/2789 2389/1115/2790 2684/1178/2791
f 2389/1115/2790 2683/1213/2789 2685/1114/2792
f 2614/1189/2711 2323/1093/2388 2324/1094/2389
f 2614/1189/2711 2324/1094/2389 2615/1190/2712
f 2617/1190/2714 2325/1094/2390 2616/1189/2713
f 2326/1093/2391 2616/1189/2713 2325/1094/2390
f 1586/784/1622 2686/1214/2793 1587/785/1623
f 2686/1214/2793 1586/784/1622 2687/1215/2794
f 2688/1216/2795 2689/1215/2796 2690/1217/2797
f 2687/1215/2794 2688/1216/2798 2686/1214/2793
f 2690/1217/2797 2286/1077/2799 2688/1216/2795
f 2286/1077/2799 2690/1217/2797 2691/1076/2800
f 2692/784/2801 2693/1214/2802 2694/1215/2803
f 2693/1214/2802 2692/784/2801 1588/785/2804
f 2695/1216/2805 2694/1215/2803 2693/1214/2802
f 2696/1215/2806 2695/1216/2807 2697/1217/2808
f 2419/1077/2490 2697/1217/2808 2695/1216/2807
f 2698/1217/2809 2419/1077/2490 2418/1076/2489
f 2699/992/2810 2700/1218/2811 2395/1119/2464
f 2395/1119/2464 2700/1218/2811 2394/1118/2463
f 2701/1218/2812 2702/992/2813 2397/1119/2466
f 2397/1119/2466 2396/1118/2465 2701/1218/2812
f 2703/1219/2814 2704/1220/2815 2705/1221/2816
f 2705/1221/2816 2704/1220/2815 2706/1222/2817
f 2703/1219/2814 2707/1223/2818 2704/1220/2815
f 2708/1224/2819 2707/1223/2818 2703/1219/2814
f 2705/1221/2820 2706/1222/2821 2709/1225/2822
f 2709/1225/2822 2706/1222/2821 2710/1226/2823
f 2665/1209/2824 2709/1225/2825 2710/1226/2826
f 2709/1225/2825 2665/1209/2824 2664/1208/2827
f 2711/1227/2828 2707/1223/2818 2708/1224/2819
f 2707/1223/2818 2711/1227/2828 2712/1228/2829
f 2713/1229/2830 2712/1228/2829 2711/1227/2828
f 2712/1228/2829 2713/1229/2830 2714/1230/2831
f 2715/1231/2832 2714/1230/2831 2713/1229/2830
f 2714/1230/2831 2715/1231/2832 2716/1232/2833
f 2715/1231/2832 2717/1233/2834 2716/1232/2833
f 2718/1234/2835 2717/1233/2834 2715/1231/2832
f 2718/1234/2835 2719/1235/2836 2717/1233/2834
f 2720/1236/2837 2719/1235/2836 2718/1234/2835
f 2720/1236/2837 2721/1237/2838 2719/1235/2836
f 2722/1238/2839 2721/1237/2838 2720/1236/2837
f 2723/1239/2840 2721/1237/2838 2722/1238/2839
f 2721/1237/2838 2723/1239/2840 2724/1240/2841
f 2725/428/2842 2726/1103/2843 2727/1103/2844
f 2725/428/2842 2727/1103/2844 2728/428/2845
f 2729/1103/2846 2728/428/2845 2727/1103/2844
f 2728/428/2845 2729/1103/2846 2730/428/2847
f 2731/1103/2848 2732/428/2849 2733/428/2850
f 2734/1103/2851 2732/428/2849 2731/1103/2848
f 2733/428/2850 2735/1103/2852 2731/1103/2848
f 2735/1103/2852 2733/428/2850 2736/428/2853
f 2632/1195/2730 2737/1241/2854 2738/1242/2855
f 2632/1195/2730 2738/1242/2855 2631/1194/2729
f 2739/1243/2856 2738/1242/2855 2737/1241/2854
f 2738/1242/2855 2739/1243/2856 2740/1244/2857
f 2634/1195/2732 2741/1242/2858 2742/1241/2859
f 2741/1242/2858 2634/1195/2732 2633/1194/2731
f 2741/1242/2858 2743/1243/2860 2742/1241/2859
f 2743/1243/2860 2741/1242/2858 2744/1244/2861
f 2676/735/2782 2745/736/2862 2677/1212/2783
f 2746/1245/2863 2677/1212/2783 2745/736/2862
f 2747/736/2864 2748/735/2865 2680/1212/2866
f 2680/1212/2866 2749/1245/2867 2747/736/2864
f 2637/1197/2735 2638/986/2736 2750/1246/2868
f 2750/1246/2868 2638/986/2736 2751/984/2869
f 2642/986/2740 2639/1197/2737 2752/1246/2870
f 2752/1246/2871 2753/984/2872 2754/986/2872
f 2751/984/2869 2591/1181/2684 2750/1246/2868
f 2751/984/2869 2039/981/2681 2591/1181/2684
f 2050/984/2873 2593/1181/2688 2048/981/2687
f 2050/984/2873 2752/1246/2874 2593/1181/2688
f 2755/1247/2875 682/362/2751 798/420/2876
f 2755/1247/2875 2651/1199/2749 682/362/2751
f 2756/1248/2877 798/420/2876 801/423/2878
f 2755/1247/2875 798/420/2876 2756/1248/2877
f 2756/1248/2877 801/423/2878 2757/1249/2879
f 2757/1249/2879 801/423/2878 803/425/810
f 1341/674/1364 2757/1249/2879 803/425/810
f 2757/1249/2879 1341/674/1364 2758/1250/2880
f 1106/563/1126 2758/1250/2880 1341/674/1364
f 2758/1250/2880 1106/563/1126 2398/1120/2467
f 2759/1247/2881 810/420/2882 2760/362/2883
f 2760/362/2883 2653/1199/2752 2759/1247/2881
f 810/420/2882 2761/1248/2884 811/423/2885
f 2761/1248/2884 810/420/2882 2759/1247/2881
f 2762/1249/2886 811/423/2885 2761/1248/2884
f 811/423/2885 2762/1249/2886 813/425/821
f 2762/1249/2886 1342/674/1365 813/425/821
f 1342/674/1365 2762/1249/2886 2763/1250/2887
f 2763/1250/2887 1110/563/1130 1342/674/1365
f 1110/563/1130 2763/1250/2887 2400/1120/2469
f 2764/1251/2888 2309/961/2889 2313/1090/2890
f 2003/961/2046 2764/1251/2891 2002/960/2045
f 2764/1251/2888 2313/1090/2890 2314/1091/2892
f 2314/1091/2892 2765/1252/2893 2764/1251/2888
f 2766/961/2894 2767/1251/2895 2319/1090/2896
f 2767/1251/2895 2766/961/2894 2004/960/2897
f 2767/1251/2895 2768/1091/2898 2319/1090/2896
f 2768/1091/2898 2767/1251/2895 2769/1252/2899
f 2504/1038/2581 2770/1253/2900 2502/1036/2579
f 2504/1038/2581 2771/1254/2901 2770/1253/2900
f 2188/1038/2244 2185/1036/2241 2772/1253/2902
f 2772/1253/2902 2773/1254/2903 2188/1038/2244
f 2745/736/2862 2774/744/2904 2746/1245/2863
f 2775/1255/2905 2746/1245/2863 2774/744/2904
f 2776/744/2906 2749/1245/2907 2777/1255/2908
f 2776/744/2906 2778/736/2909 2749/1245/2907
f 2521/1162/2602 2522/1119/2603 2779/1256/2910
f 2522/1119/2603 2780/1016/2911 2779/1256/2910
f 2781/1109/2912 2782/1257/2913 2783/1057/2914
f 2781/1109/2912 2784/1258/2915 2782/1257/2913
f 2785/1029/2916 2784/1258/2915 2781/1109/2912
f 2785/1029/2916 2786/1259/2917 2784/1258/2915
f 2524/1119/2605 2523/1162/2604 2787/1256/2918
f 2787/1256/2919 2788/1016/2920 2789/1119/2920
f 2790/1109/2921 2791/1257/2922 2792/1258/2923
f 2790/1109/2921 2793/1057/2924 2791/1257/2922
f 2794/1109/2925 2792/1258/2926 2795/1029/2927
f 2795/1029/2927 2792/1258/2926 2796/1259/2928
f 2797/1260/2929 2798/785/2930 2799/1261/2930
f 2799/1261/2930 2798/785/2930 2800/1214/2931
f 2801/1261/2932 2802/1214/2933 2803/785/2934
f 2803/785/2934 2804/1260/2935 2801/1261/2932
f 2783/1057/2914 2782/1257/2913 2805/1262/2936
f 2806/1057/2937 2805/1262/2938 2807/1004/2937
f 2808/1004/2939 2809/1262/2940 2810/1057/2941
f 2793/1057/2924 2809/1262/2942 2791/1257/2922
f 2774/744/2904 2811/779/2943 2775/1255/2905
f 2812/1263/2944 2775/1255/2905 2811/779/2943
f 2812/1263/2944 2811/779/2943 2813/1264/2945
f 2814/779/2946 2777/1255/2947 2815/1263/2948
f 2814/779/2946 2816/744/2949 2777/1255/2947
f 2815/1263/2950 2817/1264/2951 2818/779/2951
f 2819/1265/2952 2820/1266/2953 2821/1267/2954
f 2820/1266/2953 2819/1265/2952 2822/1268/2955
f 2823/1269/2956 2821/1267/2954 2820/1266/2953
f 2824/1267/2957 2823/1269/2958 2825/1270/2959
f 2826/1271/2960 2825/1270/2959 2823/1269/2958
f 2827/1270/2961 2826/1271/2960 2828/1272/2961
f 2829/1272/2962 2826/1271/2960 2830/1138/2962
f 2643/1138/2741 2826/1271/2960 2644/1137/2742
f 2831/1265/2963 2832/1266/2964 2833/1268/2965
f 2832/1266/2964 2831/1265/2963 2834/1267/2966
f 2834/1267/2966 2835/1269/2967 2832/1266/2964
f 2835/1269/2967 2834/1267/2966 2836/1270/2968
f 2836/1270/2968 2837/1271/2969 2835/1269/2967
f 2837/1271/2969 2836/1270/2968 2838/1272/2970
f 2839/1138/2971 2837/1271/2969 2838/1272/2970
f 2837/1271/2969 2839/1138/2971 2443/1137/2972
f 2840/1140/2973 2841/1139/2973 2842/710/2973
f 2672/1211/2777 2671/782/2776 2843/1273/2974
f 2675/1211/2975 2844/1273/2976 2845/782/2976
f 2846/1274/2977 2684/1178/2978 2847/657/2979
f 2684/1178/2978 2846/1274/2977 2848/1213/2980
f 2682/1178/2788 2849/1274/2981 2850/657/2982
f 2849/1274/2981 2682/1178/2788 2681/1213/2787
f 2851/1275/2983 2852/401/2984 2797/1260/2929
f 2853/785/2985 2797/1260/2929 2852/401/2984
f 2804/1260/2935 2803/785/2934 2854/401/2986
f 2854/401/2986 2855/1275/2987 2804/1260/2935
f 2856/1276/2988 2857/1277/2989 2858/1278/2990
f 2856/1276/2988 2858/1278/2990 2859/1279/2991
f 2860/1280/2992 2856/1276/2988 2859/1279/2991
f 2861/1276/2993 2862/1280/2993 2863/1281/2993
f 2864/1276/2994 2865/1278/2995 2866/1277/2996
f 2865/1278/2995 2864/1276/2994 2867/1279/2997
f 2864/1276/2994 2868/1280/2998 2867/1279/2997
f 2864/1276/2999 2869/1281/3000 2870/1280/3000
f 2771/1254/2901 2871/1282/3001 2770/1253/2900
f 2771/1254/2901 2872/1283/3002 2871/1282/3001
f 2773/1254/2903 2873/1282/3003 2874/1283/3004
f 2773/1254/2903 2772/1253/2902 2873/1282/3003
f 2875/1284/3005 2876/1214/3006 2877/1216/3007
f 2875/1284/3005 2878/1261/3008 2800/1214/3009
f 2879/1284/3010 2802/1214/2933 2801/1261/2932
f 2879/1284/3010 2880/1216/3011 2881/1214/3011
f 2739/1243/2856 2882/1285/3012 2740/1244/2857
f 2882/1285/3012 2883/1286/3013 2740/1244/2857
f 2743/1243/2860 2744/1244/2861 2884/1285/3014
f 2885/1286/3015 2884/1285/3014 2744/1244/2861
f 2886/130/3016 2887/1287/3017 2888/313/3018
f 2887/1287/3017 2886/130/3016 2889/1288/3019
f 2890/47/3020 2889/1288/3019 2886/130/3016
f 2889/1288/3019 2890/47/3020 2891/1289/3021
f 2892/130/3022 2893/1287/3023 2894/1288/3024
f 2893/1287/3023 2892/130/3022 2895/313/3025
f 2894/1288/3024 2896/47/3026 2897/130/3027
f 2896/47/3026 2894/1288/3024 2898/1289/3028
f 2891/1289/3021 2899/50/3029 2900/1290/3030
f 2899/50/3029 2891/1289/3021 2890/47/3020
f 2436/1134/2508 2901/1291/3031 2435/1133/2507
f 2901/1291/3031 2436/1134/2508 2902/1292/3032
f 2547/1168/2630 2902/1292/3032 2548/1169/2631
f 2902/1292/3032 2547/1168/2630 2901/1291/3031
f 2438/1134/2510 2437/1133/2509 2903/1291/3033
f 2903/1291/3033 2904/1292/3034 2438/1134/2510
f 2904/1292/3034 2545/1168/2628 2546/1169/2629
f 2545/1168/2628 2904/1292/3034 2903/1291/3033
f 2905/50/3035 2898/1289/3028 2906/1290/3036
f 2898/1289/3028 2905/50/3035 2907/47/3037
f 2908/50/3038 2906/1290/3039 2909/96/3038
f 2910/1178/3040 2911/1293/3041 2912/1115/3042
f 2911/1293/3041 2910/1178/3040 2580/1177/3043
f 2913/1294/3044 2914/555/3045 2915/1295/3045
f 2916/1294/3046 2917/1295/3047 2918/555/3046
f 2919/1293/3048 2920/1178/3049 2921/1115/3050
f 2586/1178/3051 2919/1293/3052 2922/1177/3053
f 2923/1296/3054 2924/992/3055 2925/481/3056
f 2699/992/2810 2923/1296/3054 2700/1218/2811
f 2926/992/3057 2927/1296/3058 2928/481/3059
f 2927/1296/3058 2926/992/3057 2701/1218/3060
f 2929/1297/3061 2930/1298/3062 2931/1299/3063
f 2931/1299/3063 2932/1300/3064 2929/1297/3061
f 2933/1300/3065 2934/1299/3066 2935/1297/3067
f 2935/1297/3067 2934/1299/3066 2936/1298/3068
f 2937/1301/3069 2938/1302/3070 2939/1303/3071
f 2940/1304/3072 2939/1303/3071 2938/1302/3070
f 2941/1305/3073 2939/1303/3071 2940/1304/3072
f 2942/1301/3074 2943/1303/3075 2944/1302/3076
f 2943/1303/3075 2945/1304/3077 2944/1302/3076
f 2943/1303/3075 2946/1305/3078 2945/1304/3077
f 2947/1306/3079 2948/299/3080 2949/387/3081
f 2949/387/3081 2950/1307/3082 2947/1306/3079
f 2951/657/3083 2952/1308/3084 2953/655/3085
f 2952/1308/3084 2951/657/3083 2849/1274/2981
f 2954/1308/3086 2955/657/3087 2956/655/3088
f 2847/657/2979 2954/1308/3086 2846/1274/2977
f 2957/299/3089 2958/1306/3090 2959/387/3091
f 2960/387/3092 2958/1306/3093 2961/1307/3092
f 2962/1309/3094 2930/1298/3062 2929/1297/3061
f 2963/1298/3095 2962/1309/3096 2964/1310/3097
f 2965/1309/3098 2966/1298/3099 2967/1310/3100
f 2936/1298/3101 2965/1309/3102 2968/1297/3103
f 2969/96/3104 2970/1311/3104 2971/50/3104
f 2972/593/3105 2973/1312/3106 2974/689/3106
f 2975/1313/3107 2974/689/3106 2973/1312/3106
f 2976/1314/3108 2977/1315/3109 2978/1316/3110
f 2977/1315/3109 2976/1314/3108 2979/1317/3111
f 2872/1283/3002 2978/1316/3110 2977/1315/3109
f 2872/1283/3002 2977/1315/3109 2871/1282/3001
f 2980/1314/3112 2981/1315/3113 2982/1317/3114
f 2981/1315/3113 2980/1314/3112 2983/1316/3115
f 2874/1283/3004 2981/1315/3113 2983/1316/3115
f 2981/1315/3113 2874/1283/3004 2873/1282/3003
f 2984/1318/3116 2985/1216/3117 2986/1077/3118
f 2984/1318/3119 2987/1284/3120 2877/1216/3007
f 2988/1318/3121 2989/1077/3122 2990/1216/3123
f 2990/1216/3123 2879/1284/3010 2988/1318/3121
f 2991/689/3124 2992/1313/3125 2993/1312/3126
f 2991/689/3124 2993/1312/3126 2994/593/3127
f 2992/1313/3125 2991/689/3124 2995/691/3128
f 2996/1004/3129 2997/1319/3130 2998/886/3131
f 2997/1319/3130 2996/1004/3129 2805/1262/3132
f 2999/1319/3133 3000/1004/3134 3001/886/3135
f 2808/1004/2939 2999/1319/3133 2809/1262/2940
f 3002/1141/3136 3003/249/3136 3004/251/3136
f 3005/1320/3137 3006/1321/3138 3007/1300/3139
f 3007/1300/3139 2931/1299/3140 3005/1320/3137
f 3008/724/3141 3009/1322/3142 3010/1016/3143
f 2780/1016/3144 3009/1322/3142 3011/1256/3145
f 3012/1016/3146 3013/1322/3147 3014/724/3148
f 3012/1016/3146 2787/1256/3149 3013/1322/3147
f 3015/687/3150 3016/1323/3151 2765/1252/2893
f 2765/1252/2893 2314/1091/2892 3015/687/3150
f 3017/684/3152 3016/1323/3151 3015/687/3150
f 3018/1324/3153 3016/1323/3151 3017/684/3152
f 3017/684/3152 2080/999/3154 3018/1324/3153
f 2080/999/3154 3017/684/3152 3019/681/3155
f 2322/687/3156 2769/1252/3157 3020/1323/3158
f 2769/1252/3157 2322/687/3156 2320/1091/3159
f 3021/684/3160 3022/687/3161 3020/1323/3162
f 3020/1323/3162 3023/1324/3163 3021/684/3160
f 2084/999/3164 3021/684/3160 3023/1324/3163
f 3024/684/3165 2084/999/2127 2081/681/2124
f 3025/731/3166 3026/1325/3167 3027/456/3168
f 3027/456/3168 3026/1325/3167 3028/1326/3169
f 3025/731/3166 3029/1327/3170 3026/1325/3167
f 3029/1327/3170 3025/731/3166 3030/727/3171
f 3031/1325/3172 3032/731/3173 3033/456/3174
f 3033/456/3174 3034/1326/3175 3031/1325/3172
f 3035/731/3176 3036/1327/3177 3037/727/3178
f 3036/1327/3177 3035/731/3176 3031/1325/3172
f 3038/1275/3179 3039/401/3180 3040/1275/3181
f 3039/401/3180 3038/1275/3179 3041/401/3182
f 3039/401/3180 2851/1275/2983 3040/1275/3181
f 2851/1275/2983 3039/401/3180 2852/401/2984
f 3042/401/3183 3043/1275/3184 3044/1275/3185
f 3043/1275/3184 3042/401/3183 3045/401/3186
f 3042/401/3183 3044/1275/3185 2855/1275/2987
f 2855/1275/2987 2854/401/2986 3042/401/3183
f 3046/313/3187 3047/1328/3188 3048/189/3189
f 3047/1328/3188 3046/313/3187 2887/1287/3190
f 2895/313/3025 3049/1328/3191 2893/1287/3023
f 3049/1328/3191 2895/313/3025 3050/189/3192
f 2940/1304/3072 2883/1286/3013 2941/1305/3073
f 2882/1285/3012 2941/1305/3073 2883/1286/3013
f 3051/544/3193 3052/1329/3194 3053/872/3195
f 3052/1329/3194 3051/544/3193 3054/1330/3196
f 3055/544/3197 3056/1329/3198 3057/1330/3199
f 3056/1329/3198 3055/544/3197 3058/872/3200
f 2945/1304/3077 2946/1305/3078 2885/1286/3015
f 2946/1305/3078 2884/1285/3014 2885/1286/3015
f 3059/1331/3201 3060/1332/3202 3061/1333/3203
f 3059/1331/3201 3061/1333/3203 3062/1334/3204
f 3060/1332/3202 3059/1331/3201 3063/1335/3205
f 3063/1335/3206 3064/1336/3207 3065/1332/3208
f 3066/1337/3209 3067/1338/3210 3068/1334/3211
f 3068/1334/3211 3061/1333/3212 3066/1337/3209
f 3069/1334/3213 3070/1333/3214 3071/1331/3214
f 3072/1332/3215 3071/1331/3214 3070/1333/3214
f 3073/1333/3216 3069/1334/3217 3074/1337/3218
f 3075/1338/3219 3074/1337/3218 3069/1334/3217
f 3076/1336/3220 3077/1335/3221 3078/1332/3222
f 3079/1331/3223 3072/1332/3224 3077/1335/3225
f 3080/1339/3226 2979/1317/3111 2976/1314/3108
f 2979/1317/3111 3080/1339/3226 3081/1340/3227
f 3082/1339/3228 2982/1317/3114 3083/1340/3229
f 2982/1317/3114 3082/1339/3228 2980/1314/3112
f 3084/857/3230 3085/1341/3231 3086/1078/3232
f 3085/1341/3231 3084/857/3230 3087/1342/3233
f 3087/1342/3233 3084/857/3230 3088/1343/3234
f 3089/1318/3235 2986/1077/3118 3090/1344/3236
f 3091/955/3237 3090/1344/3236 2986/1077/3118
f 3092/1344/3238 3093/955/3239 3094/1077/3240
f 3094/1077/3240 2988/1318/3121 3092/1344/3238
f 3095/1345/3241 3096/727/3242 3097/725/3243
f 3030/727/3171 3095/1345/3241 3029/1327/3170
f 3098/727/3244 3099/1345/3245 3100/725/3246
f 3099/1345/3245 3098/727/3244 3036/1327/3177
f 3101/1346/3247 2964/1310/3097 2962/1309/3096
f 3102/1310/3248 3101/1346/3249 3103/1347/3248
f 3104/1346/3250 3105/1310/3251 3106/1347/3252
f 2967/1310/3253 3104/1346/3250 3107/1309/3254
f 3108/544/3255 3057/1330/3199 3109/344/3256
f 3110/1348/3257 3109/344/3256 3057/1330/3199
f 3111/1349/3258 2953/655/3085 2952/1308/3084
f 3112/655/3259 3111/1349/3260 3113/652/3259
f 3114/1349/3261 3115/655/3262 3116/652/3263
f 2956/655/3088 3114/1349/3264 2954/1308/3086
f 2958/1306/3090 2957/299/3089 3117/1350/3265
f 3118/297/3266 3117/1350/3265 2957/299/3089
f 3119/1350/3267 3120/297/3268 3121/299/3269
f 3121/299/3269 2947/1306/3270 3119/1350/3267
f 3122/1321/3271 3123/1320/3272 3124/1300/3273
f 3125/1299/3274 2933/1300/3275 3123/1320/3276
f 3122/1321/3277 3126/1351/3278 3127/1320/3278
f 3128/1352/3279 3081/1340/3227 3080/1339/3226
f 3081/1340/3227 3128/1352/3279 3129/1353/3280
f 3130/1352/3281 3083/1340/3229 3131/1353/3282
f 3083/1340/3229 3130/1352/3281 3082/1339/3228
f 3132/857/3283 3133/1343/3284 3134/858/3285
f 3133/1343/3284 3132/857/3283 3135/1342/3286
f 3132/857/3283 3136/1341/3287 3135/1342/3286
f 3136/1341/3287 3132/857/3283 3137/1078/3288
f 3138/1354/3289 3139/1355/3290 3140/1356/3291
f 3141/344/3292 3142/1348/3293 3054/1330/3196
f 3141/344/3292 3054/1330/3196 3051/544/3193
f 3142/1348/3293 3141/344/3292 3143/340/3294
f 3144/1357/3295 3145/1358/3296 3097/725/3243
f 3097/725/3243 3145/1358/3296 3095/1345/3241
f 3146/1358/3297 3147/1357/3298 3100/725/3246
f 3100/725/3246 3099/1345/3245 3146/1358/3297
f 3148/1049/3299 3149/1359/3300 3150/1360/3301
f 3149/1359/3300 3148/1049/3299 3151/1048/3302
f 3152/1359/3303 3153/1049/3303 3154/1360/3304
f 3153/1049/3303 3152/1359/3303 3155/1048/3305
f 3156/1361/3306 3144/1357/3295 3157/1362/3307
f 3144/1357/3295 3156/1361/3306 3145/1358/3296
f 3156/1361/3306 3157/1362/3307 3158/1363/3308
f 3159/1364/3309 3156/1361/3306 3158/1363/3308
f 3160/1361/3310 3147/1357/3298 3146/1358/3297
f 3147/1357/3298 3160/1361/3310 3161/1362/3311
f 3161/1362/3311 3160/1361/3310 3162/1363/3312
f 3163/1364/3313 3162/1363/3312 3160/1361/3310
f 3034/1326/3175 3033/456/3174 3164/364/3314
f 3164/364/3314 3165/1365/3315 3034/1326/3175
f 3166/1366/3316 3167/1367/3317 3168/1368/3318
f 3167/1367/3317 3166/1366/3316 3169/1369/3319
f 3170/1370/3320 3171/1369/3321 3172/1371/3322
f 3169/1369/3323 3170/1370/3320 3173/1367/3324
f 3174/1367/3325 3175/1366/3326 3176/1368/3327
f 3175/1366/3326 3174/1367/3325 3177/1369/3328
f 3178/1370/3329 3177/1369/3328 3174/1367/3325
f 3179/1369/3330 3178/1370/3329 3180/1371/3331
f 3067/1338/3210 3066/1337/3209 3181/1372/3332
f 3182/1372/3333 3183/1373/3333 3184/1338/3333
f 3185/1373/3334 3186/1372/3334 3187/1338/3334
f 3188/1337/3335 3075/1338/3336 3189/1372/3337
f 3190/1374/3338 3053/872/3195 3052/1329/3194
f 3191/872/3339 3190/1374/3340 3192/873/3341
f 3058/872/3200 3193/1374/3342 3056/1329/3198
f 3193/1374/3342 3058/872/3200 3194/873/3343
f 3195/1375/3344 3196/1376/3345 3197/1347/3346
f 3197/1347/3346 3101/1346/3249 3195/1375/3344
f 3198/1346/3347 3106/1347/3252 3199/1375/3348
f 3199/1375/3348 3106/1347/3252 3200/1376/3349
f 3201/435/3350 3202/404/3351 3203/1377/3352
f 3201/435/3350 3203/1377/3352 3204/1378/3353
f 3205/1378/3354 3206/1377/3355 3207/435/3356
f 3208/404/3357 3207/435/3356 3206/1377/3355
f 3209/364/3358 3210/1365/3359 3211/342/3360
f 3209/364/3358 3028/1326/3361 3210/1365/3359
f 3212/456/3362 3028/1326/3361 3209/364/3358
f 3213/1351/3363 3214/1379/3363 3215/1320/3363
f 3216/1380/3364 3217/691/3364 3218/689/3364
f 3219/404/3365 3220/347/3366 3221/1381/3367
f 3202/404/3351 3221/1381/3368 3203/1377/3352
f 3206/1377/3355 3222/1381/3369 3208/404/3357
f 3223/347/3370 3224/404/3370 3222/1381/3371
f 2822/1268/2955 3225/1382/3372 3226/1383/3373
f 3225/1382/3372 2822/1268/2955 2819/1265/2952
f 3227/1382/3374 2833/1268/3375 3228/1383/3376
f 2833/1268/3375 3227/1382/3374 3229/1265/3377
f 3230/1384/3378 3231/1385/3379 3232/1386/3380
f 3230/1384/3378 3233/1387/3381 3231/1385/3379
f 3233/1387/3382 3234/1388/3383 3235/1385/3384
f 3234/1388/3383 3233/1387/3382 3236/1389/3385
f 3237/1390/3386 3234/1388/3383 3236/1389/3385
f 3238/781/3387 3239/1391/3388 3240/1392/3388
f 3238/781/3389 3241/1173/3390 3242/1391/3390
f 3243/781/3391 3244/1392/3392 3245/1391/3393
f 3246/1173/3394 3243/781/3391 3245/1391/3393
f 3247/1384/3395 3248/1386/3396 3249/1385/3397
f 3249/1385/3397 3250/1387/3398 3247/1384/3395
f 3251/1388/3399 3250/1387/3398 3249/1385/3397
f 3252/1387/3400 3251/1388/3401 3253/1389/3402
f 3253/1389/3402 3251/1388/3401 3254/1390/3403
f 3255/1393/3404 3256/347/3405 3257/329/3406
f 3255/1393/3404 3221/1381/3367 3220/347/3366
f 3258/329/3407 3259/347/3408 3260/1393/3409
f 3259/347/3408 3222/1381/3371 3260/1393/3409
f 3261/1394/3410 3262/1395/3411 3263/1396/3412
f 3262/1395/3411 3261/1394/3410 3264/1397/3413
f 3265/1396/3414 3262/1395/3415 3266/1398/3416
f 3266/1398/3416 3262/1395/3415 3267/1399/3417
f 3268/1398/3418 3267/1399/3419 3269/1400/3420
f 3269/1400/3420 3267/1399/3419 3270/1401/3421
f 3271/1394/3422 3272/1395/3423 3273/1397/3424
f 3272/1395/3423 3271/1394/3422 3274/1396/3425
f 3272/1395/3423 3274/1396/3425 3275/1398/3426
f 3275/1398/3427 3276/1399/3428 3277/1395/3429
f 3276/1399/3428 3275/1398/3427 3278/1400/3430
f 3278/1400/3431 3279/1401/3432 3280/1399/3433
f 3281/1402/3434 3282/329/3435 3283/327/3436
f 3281/1402/3437 3255/1393/3404 3257/329/3406
f 3284/1402/3438 3285/327/3439 3286/329/3440
f 3286/329/3440 3260/1393/3409 3284/1402/3438
f 3287/953/3441 3288/1403/3442 3289/955/3443
f 3091/955/3237 3288/1403/3442 3090/1344/3236
f 3290/1403/3444 3291/953/3445 3093/955/3239
f 3093/955/3239 3092/1344/3238 3290/1403/3444
f 3196/1376/3345 3195/1375/3344 3292/1404/3446
f 3292/1404/3447 3293/1405/3448 3294/1376/3449
f 3295/1129/3450 3296/822/3450 3297/853/3451
f 3296/822/3450 3295/1129/3450 3298/1161/3452
f 3299/822/3453 3300/1129/3454 3301/853/3455
f 3300/1129/3454 3299/822/3453 3302/1161/3456
f 3303/1375/3457 3200/1376/3458 3304/1404/3459
f 3305/1405/3460 3304/1404/3459 3200/1376/3458
f 3306/902/3461 3307/1101/3462 3308/870/3463
f 3308/870/3463 3307/1101/3462 3309/1102/3464
f 3310/902/3465 3311/870/3466 3312/1101/3467
f 3311/870/3466 3313/1102/3468 3312/1101/3467
f 3314/722/3469 3315/1406/3470 3316/724/3471
f 3008/724/3141 3315/1406/3472 3317/1322/3473
f 3318/724/3474 3319/1406/3475 3320/722/3476
f 3318/724/3474 3013/1322/3477 3319/1406/3475
f 3321/822/3478 3298/1161/3452 3322/772/3479
f 3322/772/3479 3298/1161/3452 3323/1170/3480
f 3302/1161/3456 3299/822/3453 3324/772/3481
f 3324/772/3481 3325/1170/3482 3326/1161/3483
f 3327/1407/3484 2925/481/3056 3328/1408/3485
f 2925/481/3056 3327/1407/3484 2923/1296/3054
f 3327/1407/3484 3328/1408/3485 3329/187/3486
f 3330/1409/3487 3327/1407/3484 3329/187/3486
f 3331/1407/3488 2928/481/3059 2927/1296/3058
f 2928/481/3059 3331/1407/3488 3332/1408/3489
f 3331/1407/3488 3333/187/3490 3332/1408/3489
f 3334/1409/3491 3333/187/3490 3331/1407/3488
f 3335/1099/3492 3336/902/3493 3337/943/3494
f 3306/902/3461 3335/1099/3492 3338/1101/3495
f 3339/902/3496 3340/1099/3497 3341/943/3498
f 3340/1099/3497 3339/902/3496 3312/1101/3467
f 3342/1410/3499 3343/327/3500 3344/321/3501
f 3342/1410/3499 3281/1402/3434 3283/327/3436
f 3345/1410/3502 3285/327/3439 3284/1402/3438
f 3345/1410/3503 3346/321/3504 3347/327/3505
f 3348/868/3506 3349/1144/3507 3350/1108/3508
f 3350/1108/3508 3351/883/3509 3348/868/3506
f 3352/868/3510 3353/1108/3511 3354/1144/3512
f 3353/1108/3511 3352/868/3510 3355/883/3513
f 3048/189/3189 3047/1328/3188 3356/1411/3514
f 3356/1411/3514 3357/185/3515 3358/189/3516
f 3049/1328/3191 3050/189/3192 3359/1411/3517
f 3359/1411/3517 3050/189/3192 3360/185/3518
f 3361/772/3519 3323/1170/3480 3362/773/3520
f 3362/773/3520 3323/1170/3480 3363/1173/3521
f 3363/1173/3521 3238/781/3522 3364/773/3523
f 3324/772/3481 3365/773/3524 3325/1170/3482
f 3365/773/3524 3366/1173/3525 3367/1170/3525
f 3368/781/3526 3246/1173/3527 3365/773/3524
f 3369/1100/3528 3370/943/3529 3371/917/3530
f 3337/943/3494 3369/1100/3531 3372/1099/3532
f 3309/1102/3464 3373/853/3533 3374/870/3533
f 3297/853/3534 3309/1102/3535 3375/1129/3536
f 3376/1100/3537 3377/917/3538 3378/943/3539
f 3376/1100/3537 3378/943/3539 3340/1099/3497
f 3379/853/3540 3313/1102/3468 3311/870/3466
f 3380/1102/3541 3379/853/3540 3300/1129/3454
f 3381/1144/3542 3382/843/3543 3383/1124/3544
f 3382/843/3543 3381/1144/3542 3348/868/3506
f 3384/843/3545 3385/1144/3546 3386/1124/3547
f 3354/1144/3548 3384/843/3545 3387/868/3549
f 3204/1378/3550 3388/461/3551 3389/435/3552
f 3388/461/3551 3204/1378/3550 3390/1412/3553
f 3391/1106/3554 3392/917/3555 3393/895/3556
f 3371/917/3530 3391/1106/3554 3394/1100/3557
f 3395/1106/3558 3377/917/3538 3376/1100/3537
f 3396/917/3559 3395/1106/3558 3397/895/3560
f 3398/461/3561 3205/1378/3354 3207/435/3356
f 3205/1378/3354 3398/461/3561 3399/1412/3562
f 3399/1412/3562 3398/461/3561 3400/691/3563
f 3401/1107/3564 3402/895/3565 3403/894/3566
f 3393/895/3556 3401/1107/3564 3404/1106/3567
f 3405/883/3568 3401/1107/3564 3403/894/3566
f 3405/883/3568 3350/1108/3508 3406/1107/3568
f 3407/748/3569 3408/1074/3570 3409/1124/3571
f 3409/1124/3571 3382/843/3572 3407/748/3569
f 3410/1107/3573 3397/895/3560 3395/1106/3558
f 3411/895/3574 3410/1107/3573 3412/894/3574
f 3410/1107/3573 3413/883/3575 3414/894/3575
f 3355/883/3576 3410/1107/3573 3415/1108/3577
f 3416/1074/3578 3417/748/3579 3418/1124/3580
f 3386/1124/3547 3417/748/3581 3419/843/3582
f 3420/1413/3583 3421/1414/3583 3422/1351/3583
f 3423/1384/3584 3232/1386/3585 3424/1415/3586
f 3425/1416/3587 3424/1415/3586 3232/1386/3585
f 3426/1417/3588 3427/1368/3589 3428/1418/3589
f 3429/1366/3590 3168/1368/3318 3426/1417/3591
f 3430/1351/3592 3431/1379/3592 3432/1413/3592
f 3248/1386/3396 3247/1384/3395 3433/1415/3593
f 3433/1415/3594 3434/1416/3595 3435/1386/3595
f 3176/1368/3327 3175/1366/3326 3436/1417/3596
f 3437/1368/3597 3436/1417/3598 3438/1418/3599
f 3439/1419/3600 3129/1353/3280 3440/1420/3601
f 3129/1353/3280 3128/1352/3279 3440/1420/3601
f 3441/1420/3602 3131/1353/3282 3442/1419/3603
f 3441/1420/3602 3130/1352/3281 3131/1353/3282
f 3443/1380/3604 3444/691/3604 3445/461/3604
f 3446/1421/3605 3447/778/3605 3448/1263/3605
f 3449/1421/3606 3450/1263/3606 3451/778/3606
f 3452/1422/3607 3453/340/3607 3454/344/3607
f 3455/1115/3608 3456/1423/3609 3457/1113/3610
f 3456/1423/3609 3455/1115/3608 2911/1293/3611
f 3458/1423/3612 3459/1115/3613 3460/1113/3614
f 2921/1115/3615 3458/1423/3612 3461/1293/3616
f 3462/1424/3617 3463/608/3618 3464/1425/3619
f 3465/342/3620 3466/1426/3621 3467/364/3622
f 3468/1424/3623 3469/1425/3623 3470/608/3624
f 3471/1427/3625 3342/1410/3499 3344/321/3501
f 3471/1427/3625 3344/321/3501 3472/323/3626
f 3473/406/3627 3471/1427/3625 3472/323/3626
f 3471/1427/3625 3473/406/3627 3474/1428/3628
f 3475/1427/3629 3346/321/3504 3345/1410/3503
f 3476/321/3630 3475/1427/3631 3477/323/3630
f 3475/1427/3629 3478/406/3632 3479/323/3633
f 3478/406/3632 3475/1427/3629 3480/1428/3634
f 3481/1429/3635 3482/1430/3636 3483/1431/3637
f 3482/1430/3636 3481/1429/3635 3484/1432/3638
f 3485/1397/3639 3483/1431/3637 3482/1430/3636
f 3486/1431/3640 3485/1397/3641 3261/1394/3642
f 3487/1429/3643 3488/1430/3644 3489/1432/3645
f 3488/1430/3644 3487/1429/3643 3490/1431/3646
f 3273/1397/3647 3491/1431/3648 3492/1394/3648
f 3490/1431/3649 3273/1397/3647 3493/1430/3650
f 3494/1006/3651 3495/645/3652 3496/1074/3653
f 3416/1074/3578 3495/645/3652 3497/748/3654
f 3498/1433/3655 3499/701/3656 3500/1434/3657
f 3499/701/3656 3498/1433/3655 3501/569/3658
f 3502/1433/3659 3503/701/3660 3504/569/3661
f 3503/701/3660 3502/1433/3659 3505/1434/3662
f 3506/645/3663 3507/1006/3664 3508/1074/3665
f 3508/1074/3665 3407/748/3569 3506/645/3663
f 3474/1428/3666 3501/569/3658 3498/1433/3655
f 3509/569/3667 3474/1428/3628 3473/406/3627
f 3480/1428/3634 3510/569/3668 3511/406/3668
f 3504/569/3661 3480/1428/3634 3502/1433/3659
f 3512/1413/3669 3513/1414/3669 3514/1435/3669
f 3515/1435/3670 3516/1436/3670 3517/1413/3670
f 3518/886/3671 3519/1437/3672 3520/885/3673
f 3519/1437/3672 3518/886/3671 2997/1319/3674
f 3521/1437/3675 3001/886/3676 3522/885/3677
f 3001/886/3676 3521/1437/3675 3523/1319/3678
f 2796/1259/3679 3524/929/3680 3525/1029/3681
f 3524/929/3680 2796/1259/3679 3526/1438/3682
f 3527/1355/3683 3528/962/3684 3529/1354/3683
f 3527/1355/3683 3529/1354/3683 3530/1356/3685
f 3531/1354/3686 3532/962/3686 3533/963/3686
f 3534/1439/3687 3535/1354/3322 3536/963/3687
f 3537/963/3688 3538/1354/3331 3539/1439/3329
f 3540/962/3689 3541/1354/3689 3542/963/3690
f 3138/1354/3289 3543/962/3691 3139/1355/3290
f 3438/1418/3599 3436/1417/3598 3544/1440/3692
f 3545/1035/3693 3546/1441/3694 3547/911/3695
f 3546/1441/3694 3545/1035/3693 3548/1442/3696
f 3549/1035/3697 3550/1441/3697 3551/1442/3698
f 3550/1441/3697 3549/1035/3697 3552/911/3699
f 3553/1440/3700 3554/1443/3700 3555/1444/3701
f 3554/1443/3700 3553/1440/3700 3556/1417/3702
f 3557/1415/3703 3425/1416/3704 3558/1435/3703
f 3559/1436/3705 3560/1435/3705 3425/1416/3706
f 3561/1435/3707 3562/1436/3708 3563/1416/3709
f 3563/1416/3709 3433/1415/3710 3561/1435/3707
f 3564/1445/3711 3565/1446/3712 3566/427/3713
f 3567/1400/3714 3270/1401/3715 3568/1447/3716
f 3568/1447/3716 3270/1401/3715 3569/1448/3717
f 3279/1401/3432 3278/1400/3431 3570/1447/3718
f 3570/1447/3718 3571/1448/3719 3572/1401/3719
f 3064/1336/3207 3063/1335/3206 3573/905/3720
f 3574/1336/3721 3575/904/3721 3576/1449/3722
f 3577/1444/3723 3578/1450/3723 3579/1440/3723
f 3580/1116/3724 3581/1113/3724 3582/1451/3724
f 3583/1452/3725 3584/1453/3725 3585/1372/3725
f 3586/1372/3726 3587/1373/3726 3588/1452/3726
f 3589/342/3727 3590/1426/3727 3591/1426/3728
f 3590/1426/3727 3589/342/3727 3592/342/3729
f 3593/342/3730 3466/1426/3621 3465/342/3620
f 3466/1426/3621 3593/342/3730 3594/1426/3731
f 3595/846/3732 3596/845/3733 3597/1454/3734
f 3595/846/3732 3597/1454/3734 3598/1455/3735
f 3595/846/3736 3599/1454/3737 3600/845/3738
f 3599/1454/3737 3595/846/3736 3598/1455/3739
f 3356/1411/3514 3330/1409/3487 3357/185/3515
f 3329/187/3486 3357/185/3515 3330/1409/3487
f 3601/1452/3740 3602/1453/3740 3603/1444/3740
f 3360/185/3518 3334/1409/3491 3359/1411/3517
f 3334/1409/3491 3360/185/3518 3333/187/3490
f 3604/1444/3741 3605/1450/3741 3606/1452/3741
f 3607/1456/3742 3608/1457/3743 3609/1458/3744
f 3608/1457/3743 3607/1456/3742 3610/1459/3745
f 3611/1456/3746 3612/1457/3747 3613/1459/3748
f 3612/1457/3749 3614/1456/3750 3615/1458/3750
f 3616/1460/3751 3617/1461/3752 3618/161/3753
f 3616/1460/3751 3618/161/3753 3619/348/3754
f 3620/652/3755 3616/1460/3751 3619/348/3754
f 3616/1460/3751 3620/652/3755 3111/1349/3756
f 3621/1460/3757 3622/161/3758 3623/1461/3759
f 3622/161/3758 3621/1460/3757 3624/348/3760
f 3621/1460/3761 3625/652/3762 3626/348/3762
f 3116/652/3263 3621/1460/3763 3114/1349/3261
f 3627/909/3764 3628/908/3764 3629/1462/3764
f 3192/873/3341 3630/1463/3765 3631/1464/3766
f 3190/1374/3340 3630/1463/3765 3192/873/3341
f 3630/1463/3765 3287/953/3441 3631/1464/3766
f 3287/953/3441 3630/1463/3765 3288/1403/3442
f 3632/1463/3767 3194/873/3343 3633/1464/3768
f 3194/873/3343 3632/1463/3767 3193/1374/3342
f 3291/953/3445 3632/1463/3767 3633/1464/3768
f 3632/1463/3767 3291/953/3445 3290/1403/3444
f 3634/1465/3769 3484/1432/3638 3481/1429/3635
f 3634/1465/3770 3635/1466/3771 3636/1432/3772
f 3637/1429/3773 3489/1432/3774 3638/1465/3775
f 3639/1466/3776 3638/1465/3775 3489/1432/3774
f 3640/1467/3777 3641/1468/3778 3642/1462/3779
f 3641/1468/3778 3640/1467/3777 3643/1079/3780
f 3644/1079/3781 3645/1078/3782 3646/1468/3781
f 3647/1469/3783 3648/1425/3783 3649/1470/3784
f 3650/1469/3785 3651/1470/3786 3652/1425/3787
f 3653/1451/3788 3654/1471/3788 3655/1116/3789
f 3654/1471/3788 3653/1451/3788 3656/634/3790
f 3657/1462/3791 3658/1472/3792 3659/909/3793
f 3658/1472/3792 3657/1462/3791 3660/1468/3794
f 3661/1438/3795 3662/929/3796 3663/861/3797
f 3664/1259/3798 3662/929/3796 3661/1438/3795
f 3665/929/3799 3664/1259/3798 2785/1029/3800
f 3666/906/3801 3667/1473/3802 3668/1474/3803
f 3668/1474/3803 3669/892/3804 3666/906/3801
f 3667/1473/3802 3666/906/3801 3670/601/3805
f 3670/601/3805 3671/1475/3806 3672/1473/3806
f 3136/1341/3287 3137/1078/3288 3673/1476/3807
f 3137/1078/3288 3674/1477/3808 3673/1476/3807
f 3674/1477/3808 3137/1078/3288 3675/1467/3809
f 3676/1472/3810 3674/1477/3808 3675/1467/3809
f 3676/1472/3810 3677/1478/3811 3678/1477/3812
f 3679/1477/3813 3086/1078/3232 3680/1476/3814
f 3086/1078/3232 3085/1341/3231 3680/1476/3814
f 3086/1078/3232 3679/1477/3813 3681/1467/3815
f 3681/1467/3815 3679/1477/3813 3682/1472/3816
f 3683/1478/3817 3682/1472/3816 3679/1477/3813
f 3684/550/3818 3685/937/3819 3686/1006/3820
f 3686/1006/3820 3506/645/3663 3684/550/3818
f 3687/937/3821 3688/550/3822 3689/1006/3823
f 3494/1006/3824 3688/550/3822 3690/645/3825
f 3691/478/3826 3692/1479/3827 3693/510/3828
f 3692/1479/3827 3691/478/3826 3694/1480/3829
f 3695/510/3830 3692/1479/3827 3696/722/3830
f 3314/722/3469 3692/1479/3827 3697/1406/3831
f 3698/478/3832 3699/1479/3833 3700/1480/3834
f 3699/1479/3833 3698/478/3832 3701/510/3835
f 3702/722/3836 3699/1479/3833 3701/510/3835
f 3703/1479/3837 3702/722/3838 3319/1406/3839
f 3704/1097/3840 3705/1098/3840 3706/1481/3840
f 3707/858/3841 3708/1482/3841 3709/857/3841
f 3710/1483/3842 3635/1466/3771 3634/1465/3770
f 3711/1466/3843 3710/1483/3844 3712/1484/3843
f 3713/1483/3845 3714/1466/3846 3715/1484/3847
f 3639/1466/3848 3713/1483/3845 3716/1465/3849
f 3226/1383/3850 3717/1485/3851 3718/1486/3852
f 3717/1485/3851 3226/1383/3850 3225/1382/3853
f 3719/1485/3854 3228/1383/3855 3720/1486/3856
f 3228/1383/3855 3719/1485/3854 3721/1382/3857
f 3722/1474/3858 3723/892/3859 3724/1487/3859
f 3725/889/3860 3724/1487/3859 3723/892/3859
f 3668/1474/3803 3726/1487/3861 3669/892/3804
f 3726/1487/3862 3727/889/3863 3728/892/3864
f 3729/1488/3865 3730/427/3865 3731/1446/3865
f 3732/427/3866 3733/1488/3866 3734/1489/3866
f 3735/1488/3867 3736/1490/3867 3737/1445/3867
f 3738/1491/3868 3470/608/3869 3739/306/3870
f 3470/608/3869 3738/1491/3868 3740/1424/3871
f 3741/1491/3872 3463/608/3618 3462/1424/3617
f 3463/608/3618 3741/1491/3872 3742/306/3873
f 3743/1277/3874 3744/1278/3874 3745/1492/3874
f 3746/1481/3875 3747/1362/3875 3748/1493/3876
f 3747/1362/3875 3746/1481/3875 3749/1098/3877
f 3750/1494/3878 3751/908/3879 3752/911/3880
f 3752/911/3880 3546/1441/3881 3750/1494/3878
f 3753/908/3882 3754/1494/3883 3755/911/3884
f 3756/1441/3885 3552/911/3886 3754/1494/3883
f 3757/635/3887 3758/634/3887 3759/1451/3887
f 3760/1484/3888 3761/1495/3889 3762/1496/3890
f 3761/1495/3889 3760/1484/3888 3710/1483/3891
f 3763/1495/3892 3764/1484/3893 3765/1496/3894
f 3715/1484/3895 3763/1495/3896 3766/1483/3897
f 3767/877/3898 3548/1442/3696 3545/1035/3693
f 3768/1442/3899 3767/877/3900 3769/1497/3901
f 3770/1498/3902 3771/487/3902 3772/865/3902
f 3551/1442/3903 3773/877/3904 3774/1035/3905
f 3773/877/3904 3551/1442/3903 3775/1497/3906
f 3776/1499/3907 3777/1500/3908 3778/1489/3909
f 3778/1489/3910 3779/1445/3911 3776/1499/3912
f 3780/1500/3913 3781/1501/3914 3782/1502/3915
f 3780/1500/3913 3776/1499/3916 3781/1501/3914
f 3782/1502/3915 3781/1501/3914 3783/1496/3917
f 3783/1496/3917 3761/1495/3889 3784/1502/3918
f 3785/1503/3919 3610/1459/3745 3786/1504/3920
f 3610/1459/3745 3785/1503/3919 3787/1457/3921
f 3613/1459/3748 3788/1503/3922 3789/1504/3923
f 3788/1503/3922 3613/1459/3748 3612/1457/3747
f 3790/1489/3924 3791/1499/3925 3564/1445/3926
f 3792/1500/3927 3791/1499/3928 3790/1489/3929
f 3793/1499/3930 3792/1500/3927 3794/1501/3931
f 3795/1502/3932 3794/1501/3931 3792/1500/3927
f 3796/1501/3933 3795/1502/3934 3797/1496/3933
f 3798/1495/3935 3765/1496/3936 3795/1502/3932
f 3799/1473/3937 3800/906/3938 3801/1474/3939
f 3802/892/3940 3722/1474/3941 3800/906/3938
f 3803/906/3942 3799/1473/3943 3804/601/3944
f 3805/1475/3945 3804/601/3944 3799/1473/3943
f 3806/601/3946 3805/1475/3947 3807/529/3946
f 3751/908/3948 3677/1478/3811 3676/1472/3810
f 3808/1478/3949 3751/908/3879 3750/1494/3878
f 3683/1478/3817 3753/908/3950 3682/1472/3816
f 3753/908/3950 3683/1478/3817 3809/1494/3951
f 3564/1445/3926 3810/427/3952 3811/1489/3952
f 3565/1446/3712 3564/1445/3711 3812/1490/3953
f 3813/1505/3954 3814/1506/3955 3815/1506/3956
f 3816/937/3957 3817/438/3958 3818/866/3959
f 3817/438/3958 3816/937/3957 3684/550/3960
f 3819/438/3961 3820/937/3962 3821/866/3963
f 3687/937/3821 3819/438/3961 3822/550/3964
f 3823/1505/3965 3824/1506/3966 3825/1505/3967
f 3824/1506/3966 3823/1505/3965 3826/1506/3968
f 3813/1505/3954 3827/1505/3969 3814/1506/3955
f 3828/1507/3970 3829/1508/3971 3830/1509/3972
f 3829/1508/3971 3828/1507/3970 3831/1510/3973
f 3832/1507/3974 3833/1508/3975 3834/1510/3976
f 3833/1508/3975 3832/1507/3974 3835/1509/3977
f 3836/740/3978 3837/739/3979 3838/592/3980
f 3839/591/3981 3838/592/3980 3837/739/3979
f 3840/288/3982 3837/739/3979 3836/740/3978
f 3837/739/3979 3840/288/3982 3841/287/3983
f 3838/592/3980 3842/591/3984 3843/739/3985
f 3838/592/3980 3843/739/3985 3836/740/3978
f 3843/739/3985 3840/288/3982 3836/740/3978
f 3840/288/3982 3843/739/3985 3844/287/3986
f 3814/1506/3955 3827/1505/3969 3845/1511/3987
f 3845/1511/3988 3846/1512/3989 3847/1506/3990
f 3824/1506/3991 3848/1511/3992 3849/1505/3993
f 3848/1511/3992 3824/1506/3991 3850/1512/3994
f 3846/1512/3989 3845/1511/3988 3851/1513/3995
f 3851/1513/3996 3852/1514/3997 3853/1512/3998
f 3854/1511/3999 3850/1512/4000 3855/1513/4001
f 3855/1513/4001 3850/1512/4000 3856/1514/4002
f 3857/1357/4003 3858/1493/4004 3859/728/4004
f 3860/1493/4005 3857/1357/4003 3861/1481/4005
f 3862/1513/4006 3856/1514/4007 3863/1515/4008
f 3864/1516/4009 3863/1515/4008 3856/1514/4007
f 3852/1514/3997 3851/1513/3996 3865/1515/4010
f 3865/1515/4010 3866/1516/4011 3867/1514/4012
f 3868/1517/4013 3869/1518/4014 3520/885/3673
f 3520/885/3673 3519/1437/3672 3868/1517/4013
f 3870/1518/4015 3871/1517/4016 3522/885/4017
f 3872/1437/4018 3522/885/4017 3871/1517/4016
f 3873/725/4019 3874/728/4019 3875/1493/4019
f 3876/1486/4020 3877/1519/4021 3878/1295/4022
f 3877/1519/4021 3876/1486/4020 3717/1485/4023
f 3879/1520/4024 3880/1295/4024 3877/1519/4025
f 3881/1519/4026 3882/1486/4027 3883/1295/4028
f 3720/1486/4029 3881/1519/4026 3884/1485/4030
f 3885/1520/4031 3886/1519/4031 3883/1295/4032
f 3887/1521/4033 3888/1522/4034 3150/1360/3301
f 3150/1360/3301 3149/1359/3300 3887/1521/4033
f 3888/1522/4034 3887/1521/4033 3889/1523/4035
f 3887/1521/4033 3890/1524/4036 3889/1523/4035
f 3891/1522/4037 3892/1521/4038 3154/1360/4039
f 3154/1360/4039 3892/1521/4038 3893/1359/4040
f 3894/1523/4041 3892/1521/4038 3891/1522/4037
f 3895/1521/4042 3894/1523/4041 3896/1524/4043
f 3897/1515/4044 3864/1516/4045 3898/1525/4046
f 3899/1526/4047 3898/1525/4046 3864/1516/4045
f 3866/1516/4011 3865/1515/4010 3900/1525/4048
f 3900/1525/4049 3901/1526/4050 3902/1516/4050
f 3903/589/4051 3904/14/4052 3905/13/4053
f 3904/14/4052 3903/589/4051 3906/590/4054
f 3906/590/4054 3903/589/4051 3839/591/3981
f 3838/592/3980 3839/591/3981 3903/589/4051
f 3907/14/4055 3903/589/4051 3905/13/4053
f 3903/589/4051 3907/14/4055 3908/590/4056
f 3903/589/4051 3908/590/4056 3842/591/3984
f 3903/589/4051 3842/591/3984 3838/592/3980
f 3909/1527/4057 3910/1528/4058 3911/1529/4059
f 3910/1528/4058 3439/1419/3600 3911/1529/4059
f 3911/1529/4059 3439/1419/3600 3440/1420/3601
f 3912/1527/4060 3913/1529/4061 3914/1528/4062
f 3442/1419/3603 3914/1528/4062 3913/1529/4061
f 3913/1529/4061 3441/1420/3602 3442/1419/3603
f 3915/858/4063 3916/1482/4063 3917/680/4063
f 3918/954/4064 3919/953/4064 3920/1530/4064
f 3921/276/4065 3922/275/4066 3923/473/4067
f 3922/275/4066 3924/472/4068 3923/473/4067
f 3922/275/4066 3925/473/4069 3924/472/4068
f 3925/473/4069 3922/275/4066 3926/276/4070
f 3617/1461/4071 3927/124/4072 3928/161/4073
f 3927/124/4072 3617/1461/4071 3929/1531/4074
f 3623/1461/3759 3622/161/3758 3930/124/4075
f 3623/1461/3759 3930/124/4075 3931/1531/4076
f 3932/1532/4077 3739/306/4078 3933/383/4079
f 3739/306/4078 3932/1532/4077 3934/1491/4080
f 3935/1532/4081 3742/306/3873 3741/1491/3872
f 3742/306/3873 3935/1532/4081 3936/383/4082
f 3937/885/4083 3938/884/4083 3939/1533/4083
f 3940/337/4084 3941/866/4085 1535/757/4086
f 3821/866/3963 3940/337/4084 3942/438/4087
f 3943/866/4088 3944/337/4089 1535/757/4090
f 3944/337/4089 3943/866/4088 3817/438/4091
f 3945/1534/4092 3946/1535/4093 3947/1536/4094
f 3946/1535/4093 3948/1537/4095 3947/1536/4094
f 3949/1536/4096 3950/1535/4097 3951/1534/4098
f 3950/1535/4097 3949/1536/4096 3952/1537/4099
f 3953/1538/4100 3786/1504/4101 3954/1539/4102
f 3786/1504/4101 3953/1538/4100 3955/1503/4103
f 3789/1504/3923 3956/1538/4104 3957/1539/4105
f 3956/1538/4104 3789/1504/3923 3788/1503/3922
f 3958/249/4106 3959/1139/4106 3960/251/4106
f 3961/1524/4107 3962/1540/4107 3963/1523/4107
f 3964/1540/4108 3965/1524/4108 3966/1523/4108
f 3967/1518/4109 3968/1533/4109 3969/884/4110
f 3968/1533/4109 3967/1518/4109 3970/891/4111
f 3971/124/4112 3929/1531/4074 3972/126/4113
f 3972/126/4113 3929/1531/4074 3973/1541/4114
f 3931/1531/4076 3930/124/4075 3974/126/4115
f 3974/126/4115 3975/1541/4116 3931/1531/4076
f 3976/1542/4117 3977/1543/4118 3978/1544/4119
f 3977/1543/4118 3976/1542/4117 3979/1545/4120
f 3976/1542/4117 3978/1544/4119 3980/1546/4121
f 3980/1546/4121 3981/1547/4122 3976/1542/4117
f 3981/1547/4122 3980/1546/4121 3982/1548/4123
f 3983/1510/4124 3981/1547/4122 3982/1548/4123
f 3981/1547/4122 3983/1510/4124 3828/1507/4125
f 3984/1542/4126 3985/1543/4127 3986/1545/4128
f 3985/1543/4127 3984/1542/4126 3987/1544/4129
f 3984/1542/4126 3988/1546/4130 3987/1544/4129
f 3989/1547/4131 3988/1546/4130 3984/1542/4126
f 3988/1546/4130 3989/1547/4131 3990/1548/4132
f 3989/1547/4133 3991/1510/4134 3992/1548/4134
f 3834/1510/3976 3989/1547/4135 3832/1507/3974
f 3993/1549/4136 3994/23/4137 3995/1550/4138
f 3994/23/4137 3993/1549/4136 3996/25/4139
f 3997/25/4140 3998/1549/4141 3999/23/4142
f 4000/1550/4143 3999/23/4142 3998/1549/4141
f 4001/1350/4144 3118/297/4145 4002/1551/4146
f 4002/1551/4146 3118/297/4145 4003/302/4147
f 4004/1551/4148 4003/302/4149 4005/1552/4150
f 4005/1552/4150 4003/302/4149 4006/612/4151
f 4007/1552/4152 4006/612/4153 4008/1553/4154
f 4008/1553/4154 4006/612/4153 4009/614/4155
f 4010/1553/4156 4009/614/4157 4011/1554/4158
f 4011/1554/4158 4009/614/4157 4012/616/4159
f 4013/619/4160 4011/1554/4158 4012/616/4159
f 4014/1554/4161 4013/619/4160 4015/1555/4162
f 4015/1555/4162 4013/619/4160 4016/1049/4163
f 4017/1555/4164 4016/1049/4163 4018/1556/4164
f 4019/1551/4165 3120/297/3268 3119/1350/3267
f 4019/1551/4165 4020/302/4166 4021/297/4167
f 4022/1552/4168 4020/302/4166 4019/1551/4165
f 4022/1552/4168 4023/612/4169 4024/302/4170
f 4025/1553/4171 4023/612/4169 4022/1552/4168
f 4026/612/4172 4025/1553/4173 4027/614/4174
f 4028/1554/4175 4027/614/4174 4025/1553/4173
f 4029/614/4176 4028/1554/4177 4030/616/4176
f 4028/1554/4178 4031/619/4179 4032/616/4180
f 4031/619/4179 4028/1554/4178 4033/1555/4181
f 4033/1555/4182 4034/1049/4183 4035/619/4184
f 4034/1049/4183 4033/1555/4182 4036/1556/4185
f 4037/1530/4186 4038/1464/4186 4039/954/4187
f 4038/1464/4186 4037/1530/4186 4040/874/4188
f 4041/1557/4189 4042/274/4190 4043/276/4191
f 4041/1557/4189 4043/276/4191 4044/1558/4192
f 4042/274/4190 4041/1557/4189 4045/271/4193
f 4046/1559/4194 4045/271/4193 4041/1557/4189
f 4047/1558/4195 4048/536/4196 4049/1560/4197
f 4048/536/4196 4047/1558/4195 4043/276/4198
f 4050/1561/4199 4049/1560/4197 4048/536/4196
f 4051/1560/4200 4050/1561/4199 4052/1562/4200
f 4053/1388/4201 3237/1390/4202 4054/1069/4201
f 4055/1390/4203 4056/1068/4204 4057/1069/4205
f 4058/1563/4206 4056/1068/4207 4055/1390/4208
f 4059/1558/4209 4060/276/4210 4061/1557/4211
f 4062/274/4212 4061/1557/4211 4060/276/4210
f 4063/271/4213 4061/1557/4211 4062/274/4212
f 4064/1557/4214 4063/271/4215 4065/1559/4214
f 4066/1558/4216 4067/1560/4217 4068/536/4218
f 4060/276/4210 4059/1558/4209 4068/536/4219
f 4067/1560/4217 4069/1561/4220 4068/536/4218
f 4069/1561/4220 4067/1560/4217 4070/1562/4221
f 4071/1562/4222 4072/1564/4223 4073/1565/4224
f 4072/1564/4223 4071/1562/4222 4050/1561/4225
f 4074/1487/4226 3725/889/4227 4075/1517/4226
f 3869/1518/4014 3868/1517/4013 3725/889/4228
f 3727/889/4229 3871/1517/4016 3870/1518/4015
f 3726/1487/4230 4076/1517/4231 3727/889/4232
f 4077/891/4233 4078/889/4233 4079/1533/4233
f 4080/1068/4234 4081/1563/4235 3254/1390/4236
f 3254/1390/4237 4082/1069/4238 4080/1068/4239
f 3254/1390/3403 3251/1388/3401 4083/1069/4240
f 4084/1566/4241 4085/1567/4242 4086/1526/4243
f 3899/1526/4244 4085/1567/4245 4087/1525/4246
f 4088/1526/4247 4089/1567/4248 4090/1566/4249
f 4088/1526/4247 3900/1525/4250 4089/1567/4248
f 4070/1562/4221 4091/1564/4251 4069/1561/4220
f 4091/1564/4251 4070/1562/4221 4092/1565/4252
f 3650/1469/3785 4093/1568/4253 3651/1470/3786
f 4093/1568/4253 4094/1569/4254 3651/1470/3786
f 4095/1469/4255 3649/1470/4256 4096/1568/4257
f 4097/1569/4258 4096/1568/4257 3649/1470/4256
f 4098/877/4259 3775/1497/4260 4099/637/4261
f 4099/637/4261 3775/1497/4260 4100/1570/4262
f 4101/635/4263 4102/1571/4264 4103/1572/4265
f 4102/1571/4264 4101/635/4263 4104/1471/4266
f 3457/1113/4267 4102/1571/4264 4104/1471/4266
f 4105/1571/4268 3457/1113/3610 3456/1423/3609
f 4106/635/4269 4107/1571/4270 4108/1471/4271
f 4107/1571/4270 4106/635/4269 4109/1572/4272
f 4107/1571/4270 3460/1113/4273 4108/1471/4271
f 3460/1113/4273 4107/1571/4270 4110/1423/4274
f 4111/1573/4275 4112/861/4275 4113/929/4275
f 4114/680/4276 4115/1574/4277 4116/858/4278
f 4114/680/4276 4117/1575/4279 4115/1574/4277
f 4118/679/4280 4117/1575/4279 4114/680/4276
f 4119/1570/4281 4120/637/4282 4121/532/4283
f 4120/637/4282 4119/1570/4281 4122/1497/4284
f 4123/637/4285 4122/1497/4284 3767/877/4286
f 4124/680/4287 4125/1575/4288 4126/679/4289
f 4124/680/4287 4127/1574/4290 4125/1575/4288
f 4128/873/4291 4129/874/4291 4130/1530/4291
f 4131/1576/4292 4132/1577/4292 4133/1578/4292
f 4134/386/4293 4135/471/4294 4136/470/4295
f 4136/470/4295 4137/385/4296 4134/386/4293
f 4138/471/4297 4139/386/4298 4136/470/4295
f 4136/470/4295 4139/386/4298 4137/385/4296
f 3923/473/4067 3924/472/4068 4135/471/4294
f 3924/472/4068 4136/470/4295 4135/471/4294
f 3924/472/4068 3925/473/4069 4138/471/4297
f 3924/472/4068 4138/471/4297 4136/470/4295
f 4140/679/4299 4141/1579/4300 4142/841/4301
f 4141/1579/4300 4140/679/4299 4125/1575/4302
f 4143/1579/4303 4144/679/4304 4145/841/4305
f 4118/679/4306 4143/1579/4307 4146/1575/4308
f 4147/947/4309 4148/944/4310 4149/1580/4309
f 4147/947/4309 4149/1580/4309 4150/1581/4311
f 4151/845/4312 4152/947/4312 4150/1581/4313
f 3596/845/3733 4150/1581/4314 4153/1454/4315
f 4154/947/4316 4155/1580/4317 4156/944/4318
f 4155/1580/4317 4154/947/4316 4157/1581/4319
f 4158/845/4320 4157/1581/4319 4154/947/4316
f 4159/1581/4321 4158/845/4322 3599/1454/4323
f 4160/1582/4324 4161/1578/4325 4162/1577/4326
f 4163/334/4327 1535/757/4090 3944/337/4089
f 1535/757/4328 4164/334/4329 4165/337/4329
f 4166/1565/4330 4167/1583/4331 4168/1584/4332
f 4167/1583/4331 4166/1565/4330 4072/1564/4333
f 4169/1585/4334 4170/1336/4334 4171/1449/4335
f 4172/1336/4336 4173/1585/4336 4174/905/4336
f 4175/1335/4337 3076/1336/4338 4176/905/4337
f 4092/1565/4252 4177/1583/4339 4091/1564/4251
f 4177/1583/4339 4092/1565/4252 4178/1584/4340
f 4179/841/4341 4180/1586/4342 4181/777/4343
f 4180/1586/4342 4179/841/4341 4141/1579/4300
f 4182/1586/4344 4183/841/4345 4184/777/4346
f 4145/841/4305 4182/1586/4344 4185/1579/4347
f 4186/1587/4348 3954/1539/4102 4187/1588/4349
f 3954/1539/4102 4186/1587/4348 3953/1538/4100
f 3957/1539/4105 4188/1587/4350 4189/1588/4351
f 4188/1587/4350 3957/1539/4105 3956/1538/4104
f 3973/1541/4352 4190/278/4353 4191/126/4354
f 4190/278/4353 3973/1541/4352 4192/1589/4355
f 4193/278/4356 3975/1541/4116 3974/126/4115
f 3975/1541/4116 4193/278/4356 4194/1589/4357
f 4195/1590/4358 4196/239/4359 4197/242/4360
f 4195/1590/4358 4197/242/4360 4198/1591/4361
f 3936/383/4362 4198/1591/4361 4197/242/4360
f 4199/1591/4363 3936/383/4082 3935/1532/4081
f 4200/904/4364 4201/1336/4364 4202/905/4364
f 3951/1534/4098 3950/1535/4097 4203/1592/4365
f 4204/1534/4366 4203/1592/4367 4205/1593/4368
f 4206/1591/4369 4207/242/4370 4208/1590/4371
f 4209/239/4372 4208/1590/4371 4207/242/4370
f 3933/383/4079 4210/1591/4373 4211/1532/4373
f 4206/1591/4369 3933/383/4374 4207/242/4370
f 4212/1593/4375 4213/1592/4376 4214/1534/4377
f 3945/1534/4378 4213/1592/4376 4215/1535/4379
f 4216/1491/4380 4217/1568/4381 4218/306/4348
f 4093/1568/4253 4216/1491/4382 4094/1569/4254
f 4219/1568/4383 4220/1491/4384 4221/306/4385
f 4220/1491/4384 4219/1568/4383 4097/1569/4386
f 4222/1594/4387 4223/532/4388 4224/637/4389
f 3979/1545/4120 4225/1595/4390 3977/1543/4118
f 4225/1595/4390 3979/1545/4120 4226/1596/4391
f 3986/1545/4128 4227/1595/4392 4228/1596/4393
f 4227/1595/4392 3986/1545/4128 3985/1543/4127
f 4134/386/4293 4137/385/4296 4229/309/4394
f 4137/385/4296 4230/308/4395 4229/309/4394
f 4139/386/4298 4231/309/4396 4137/385/4296
f 4137/385/4296 4231/309/4396 4230/308/4395
f 4232/1597/4397 4233/1598/4398 4234/1599/4399
f 4234/1599/4399 4235/1600/4400 4232/1597/4397
f 4232/1597/4401 4236/1601/4402 4237/1598/4403
f 4236/1601/4402 4232/1597/4401 4238/1602/4404
f 4238/1602/4404 4239/1603/4405 4240/1601/4406
f 4239/1603/4405 4238/1602/4404 4241/1604/4407
f 4241/1604/4408 4242/1566/4409 4243/1603/4409
f 4084/1566/4241 4241/1604/4410 4244/1567/4411
f 4245/1598/4412 4246/1597/4413 4247/1599/4414
f 4247/1599/4414 4246/1597/4413 4248/1600/4415
f 4249/1601/4416 4246/1597/4413 4245/1598/4412
f 4250/1597/4417 4249/1601/4418 4251/1602/4419
f 4252/1603/4420 4251/1602/4419 4249/1601/4418
f 4253/1602/4421 4252/1603/4422 4254/1604/4421
f 4255/1604/4423 4090/1566/4249 4089/1567/4248
f 4256/1566/4424 4255/1604/4425 4252/1603/4426
f 4257/529/4427 4258/1605/4427 4259/601/4427
f 4260/532/4428 4261/1594/4429 4262/1594/4428
f 4260/532/4428 4262/1594/4428 4263/532/4430
f 4223/532/4388 4222/1594/4387 4264/532/4431
f 4264/532/4431 4222/1594/4387 4265/1594/4431
f 4266/487/4432 4267/1606/4433 4268/865/4434
f 4269/1606/4435 4270/487/4435 4271/1607/4435
f 4272/777/4436 4273/1608/4437 4274/730/4438
f 4273/1608/4437 4272/777/4436 4180/1586/4439
f 4275/1608/4440 4276/777/4441 4277/730/4442
f 4184/777/4443 4275/1608/4444 4278/1586/4445
f 4178/1584/4340 4279/1609/4446 4177/1583/4339
f 4279/1609/4446 4178/1584/4340 4280/1610/4447
f 4281/1584/4448 4282/1609/4449 4283/1610/4450
f 4282/1609/4449 4281/1584/4448 4167/1583/4451
f 4284/1480/4452 4285/389/4453 4286/1611/4454
f 4285/389/4453 4284/1480/4452 3691/478/4455
f 4287/389/4456 4288/1480/4457 4289/1611/4458
f 3700/1480/4459 4287/389/4456 4290/478/4460
f 4291/242/4461 4292/1591/4462 4218/306/4348
f 4292/1591/4462 4216/1491/4380 4218/306/4348
f 4293/242/4463 4221/306/4385 4294/1591/4464
f 4294/1591/4464 4221/306/4385 4220/1491/4384
f 4295/1294/4465 4296/949/4465 4297/1612/4466
f 4298/1294/4467 4299/1612/4468 4300/949/4469
f 4301/730/4470 4302/1613/4471 4303/699/4472
f 4302/1613/4471 4301/730/4470 4273/1608/4473
f 4277/730/4474 4304/1613/4475 4305/1608/4476
f 4304/1613/4475 4277/730/4474 4306/699/4477
f 4307/1614/4478 4308/1540/4479 4309/1524/4479
f 4310/1540/4480 4311/1615/4480 4312/1523/4480
f 4313/1540/4481 4314/1614/4482 4315/1524/4483
f 4316/1523/4484 4317/1615/4484 4318/1540/4484
f 4319/1616/4485 4189/1588/4351 4188/1587/4350
f 4319/1616/4485 4188/1587/4350 4320/1617/4486
f 4321/1616/4487 4186/1587/4348 4187/1588/4349
f 4186/1587/4348 4321/1616/4487 4322/1617/4488
f 4323/699/4489 4324/1618/4490 4325/697/4491
f 4324/1618/4490 4323/699/4489 4302/1613/4471
f 4326/697/4492 4324/1618/4493 4327/944/4492
f 4148/944/4494 4324/1618/4495 4328/1580/4496
f 4306/699/4477 4329/1618/4497 4330/1613/4498
f 4329/1618/4497 4306/699/4477 4331/697/4499
f 4332/944/4500 4329/1618/4497 4331/697/4499
f 4333/1618/4501 4332/944/4502 4155/1580/4503
f 4334/293/4504 4335/294/4505 4230/308/4395
f 4229/309/4394 4230/308/4395 4335/294/4505
f 4230/308/4395 4231/309/4396 4336/294/4506
f 4230/308/4395 4336/294/4506 4334/293/4504
f 4337/1619/4507 3952/1537/4099 3949/1536/4096
f 4338/1537/4508 4337/1619/4507 4339/1620/4508
f 4340/1621/4509 4341/1622/4510 4342/1620/4511
f 4337/1619/4512 4340/1621/4509 4342/1620/4511
f 4343/1623/4513 4341/1622/4510 4340/1621/4509
f 4344/1622/4514 4343/1623/4515 4345/1624/4514
f 4346/1624/4516 3830/1509/3972 3829/1508/3971
f 3830/1509/3972 4346/1624/4516 4343/1623/4517
f 3947/1536/4094 3948/1537/4095 4347/1619/4518
f 4347/1619/4518 3948/1537/4095 4348/1620/4519
f 4349/1621/4520 4350/1620/4521 4351/1622/4522
f 4347/1619/4518 4348/1620/4519 4349/1621/4523
f 4349/1621/4520 4351/1622/4522 4352/1623/4524
f 4352/1623/4524 4351/1622/4522 4353/1624/4525
f 4353/1624/4525 3835/1509/4526 4352/1623/4524
f 3835/1509/4526 4353/1624/4525 4354/1508/4527
f 4355/487/4528 4356/1498/4528 4357/1607/4528
f 4358/1520/4529 4359/1612/4530 4360/598/4530
f 4360/598/4530 4359/1612/4530 4361/1625/4531
f 4361/1625/4532 4362/391/4533 4363/598/4534
f 4364/1520/4535 4365/598/4536 4366/1612/4535
f 4365/598/4537 4367/1625/4538 4368/1612/4539
f 4367/1625/4538 4365/598/4537 4369/391/4540
f 4370/177/4541 4371/1626/4542 4209/239/4543
f 4371/1626/4542 4370/177/4541 4372/1627/4544
f 4209/239/4543 4371/1626/4542 4373/1628/4545
f 4209/239/4543 4373/1628/4545 4374/1590/4546
f 4375/177/4547 4376/1626/4548 4377/1627/4549
f 4196/239/4550 4376/1626/4548 4375/177/4547
f 4376/1626/4548 4196/239/4550 4378/1628/4551
f 4196/239/4359 4195/1590/4358 4379/1628/4552
f 4380/1629/4553 4372/1627/4554 4381/1630/4555
f 4372/1627/4554 4380/1629/4553 4382/1626/4556
f 4381/1630/4555 4383/1631/4557 4384/1629/4558
f 4383/1631/4557 4381/1630/4555 4385/1632/4559
f 4377/1627/4549 4386/1629/4560 4387/1630/4561
f 4386/1629/4560 4377/1627/4549 4376/1626/4548
f 4388/1631/4562 4387/1630/4561 4386/1629/4560
f 4387/1630/4561 4388/1631/4562 4385/1632/4563
f 4389/150/4564 4390/151/4565 4334/293/4504
f 4335/294/4505 4334/293/4504 4390/151/4565
f 4391/151/4566 4334/293/4504 4336/294/4506
f 4334/293/4504 4391/151/4566 4389/150/4564
f 4392/1633/4567 4283/1610/4450 4282/1609/4449
f 4393/1610/4568 4392/1633/4567 4394/1634/4569
f 4280/1610/4447 4395/1633/4570 4279/1609/4446
f 4395/1633/4570 4280/1610/4447 4396/1634/4571
f 4397/1635/4572 4398/938/4573 4399/938/4574
f 4398/938/4573 4397/1635/4572 4400/1635/4575
f 4401/938/4576 4402/1635/4577 4403/938/4578
f 4402/1635/4577 4401/938/4576 4404/1635/4579
f 4405/182/4580 3841/287/3983 3840/288/3982
f 3841/287/3983 4405/182/4580 4406/271/4581
f 4406/271/4581 4405/182/4580 4407/274/4582
f 4408/179/4583 4407/274/4582 4405/182/4580
f 4407/274/4582 4408/179/4583 3921/276/4065
f 3922/275/4066 3921/276/4065 4408/179/4583
f 3844/287/3986 4405/182/4580 3840/288/3982
f 4405/182/4580 3844/287/3986 4409/271/4584
f 4405/182/4580 4409/271/4584 4410/274/4585
f 4405/182/4580 4410/274/4585 4408/179/4583
f 3926/276/4070 4408/179/4583 4410/274/4585
f 4408/179/4583 3926/276/4070 3922/275/4066
f 4411/1636/4586 4412/1637/4587 4413/1638/4588
f 4412/1637/4587 4411/1636/4586 4414/1639/4589
f 4412/1637/4587 4414/1639/4589 4415/1492/4590
f 4415/1492/4591 4416/1277/4592 4417/1637/4592
f 4418/1277/4593 4419/1492/4593 4420/1278/4593
f 4421/1640/4594 4422/1008/4595 4423/794/4596
f 4422/1008/4595 4421/1640/4594 4424/1641/4597
f 4425/1640/4598 4426/1008/4599 4427/1641/4600
f 4426/1008/4599 4425/1640/4598 4428/794/4601
f 4429/145/4602 4430/1642/4603 4291/242/4461
f 4430/1642/4603 4292/1591/4462 4291/242/4461
f 4293/242/4463 4431/1642/4604 4432/145/4605
f 4431/1642/4604 4293/242/4463 4294/1591/4464
f 4103/1572/4265 4433/636/4606 4101/635/4263
f 4433/636/4606 4103/1572/4265 4434/1643/4607
f 4424/1641/4597 4435/1096/4608 4436/1008/4609
f 4435/1096/4608 4424/1641/4597 4437/1644/4610
f 4438/636/4611 4109/1572/4272 4106/635/4269
f 4439/1572/4612 4438/636/4613 4440/1643/4614
f 4441/1641/4615 4442/1096/4616 4443/1644/4617
f 4442/1096/4616 4441/1641/4615 4426/1008/4599
f 4444/1645/4618 4445/270/4619 4446/1559/4620
f 4445/270/4621 4045/271/4193 4046/1559/4194
f 4445/270/4619 4444/1645/4618 4447/272/4622
f 4448/1646/4623 4447/272/4622 4444/1645/4618
f 4449/1549/4624 4447/272/4622 4448/1646/4623
f 4450/272/4625 4449/1549/4626 3997/25/4140
f 4451/1645/4627 4452/1559/4628 4453/270/4629
f 4453/270/4629 4452/1559/4628 4063/271/4630
f 4454/272/4631 4451/1645/4627 4453/270/4629
f 4455/1645/4632 4454/272/4631 4456/1646/4632
f 4454/272/4633 4457/1549/4634 4458/1646/4635
f 3993/1549/4136 4454/272/4631 4459/25/4636
f 4460/1647/4637 4226/1596/4391 4461/1648/4638
f 4226/1596/4391 4460/1647/4637 4225/1595/4390
f 4462/1649/4639 4460/1647/4637 4461/1648/4638
f 4463/1647/4640 4462/1649/4641 4464/1650/4642
f 4462/1649/4641 4465/1651/4643 4464/1650/4642
f 4465/1651/4643 4462/1649/4641 4466/1652/4644
f 4228/1596/4393 4467/1647/4645 4468/1648/4646
f 4467/1647/4645 4228/1596/4393 4227/1595/4392
f 4467/1647/4645 4469/1649/4647 4468/1648/4646
f 4469/1649/4647 4467/1647/4645 4470/1650/4648
f 4471/1651/4649 4469/1649/4647 4470/1650/4648
f 4469/1649/4647 4471/1651/4649 4472/1652/4650
f 4473/1653/4651 4474/1654/4652 4475/1655/4653
f 4474/1654/4652 4473/1653/4651 4476/1656/4654
f 4477/1654/4655 4478/1653/4656 4479/1655/4657
f 4478/1653/4656 4477/1654/4655 4480/1656/4658
f 4307/1614/4659 4481/1655/4660 4482/1540/4660
f 4475/1655/4653 4307/1614/4661 4483/1653/4662
f 4484/1655/4663 4314/1614/4482 4313/1540/4481
f 4485/1614/4664 4484/1655/4663 4478/1653/4665
f 4486/1637/4666 4487/1636/4667 4488/1638/4668
f 4487/1636/4667 4486/1637/4666 4489/1639/4669
f 4489/1639/4670 4486/1637/4671 4490/1492/4672
f 4490/1492/4673 4486/1637/4674 4491/1277/4675
f 4319/1616/4485 4320/1617/4486 4492/1657/4676
f 4492/1657/4676 4320/1617/4486 4493/1658/4677
f 4494/1657/4678 4322/1617/4488 4321/1616/4487
f 4322/1617/4488 4494/1657/4678 4495/1658/4679
f 4476/1656/4680 4496/1638/4681 4497/1654/4681
f 4413/1638/4588 4476/1656/4682 4498/1636/4683
f 4499/1638/4684 4480/1656/4658 4477/1654/4655
f 4500/1656/4685 4499/1638/4686 4487/1636/4687
f 4434/1643/4607 4501/794/4688 4433/636/4606
f 4423/794/4689 4434/1643/4690 4502/1640/4691
f 4503/794/4692 4440/1643/4614 4438/636/4613
f 4504/1643/4693 4503/794/4694 4425/1640/4695
f 4505/1635/4696 4399/938/4574 4506/938/4697
f 4399/938/4574 4505/1635/4696 4397/1635/4572
f 4403/938/4578 4507/1635/4698 4508/938/4699
f 4507/1635/4698 4403/938/4578 4402/1635/4577
f 4509/1632/4700 4510/1631/4701 4511/1659/4702
f 4511/1659/4702 4510/1631/4701 4512/1660/4703
f 4512/1660/4703 4513/1661/4704 4511/1659/4702
f 4513/1661/4704 4512/1660/4703 4514/1662/4705
f 4515/1661/4706 4516/1660/4707 4517/1659/4708
f 4516/1660/4707 4515/1661/4706 4518/1662/4709
f 4517/1659/4708 4516/1660/4707 4510/1631/4701
f 4517/1659/4708 4510/1631/4701 4509/1632/4700
f 4519/1663/4710 4520/1664/4711 4515/1661/4706
f 4515/1661/4706 4520/1664/4711 4518/1662/4709
f 4519/1663/4710 4431/1642/4604 4520/1664/4711
f 4431/1642/4604 4519/1663/4710 4432/145/4605
f 4430/1642/4603 4521/1663/4712 4522/1664/4713
f 4521/1663/4712 4430/1642/4603 4429/145/4602
f 4513/1661/4704 4522/1664/4713 4521/1663/4712
f 4513/1661/4704 4514/1662/4705 4522/1664/4713
f 4523/1611/4714 4362/391/4533 4361/1625/4532
f 4524/391/4715 4523/1611/4716 4285/389/4717
f 4369/391/4718 4525/1611/4719 4526/1625/4720
f 4289/1611/4721 4369/391/4722 4527/389/4723
f 4395/1633/4570 4396/1634/4571 4528/1665/4724
f 4528/1665/4724 4396/1634/4571 4529/1666/4725
f 4529/1666/4725 4530/1667/4726 4528/1665/4724
f 4530/1667/4726 4529/1666/4725 4531/1668/4727
f 4394/1634/4569 4392/1633/4567 4532/1665/4728
f 4532/1665/4729 4533/1666/4730 4534/1634/4731
f 4535/1667/4732 4533/1666/4730 4532/1665/4729
f 4536/1666/4733 4535/1667/4734 4537/1668/4733
f 4538/146/4735 4539/147/4736 4389/150/4564
f 4390/151/4565 4389/150/4564 4539/147/4736
f 4540/147/4737 4389/150/4564 4391/151/4566
f 4389/150/4564 4540/147/4737 4538/146/4735
f 4538/146/4735 4541/62/4738 4539/147/4736
f 4541/62/4738 4538/146/4735 4542/61/4739
f 4543/62/4740 4538/146/4735 4540/147/4737
f 4538/146/4735 4543/62/4740 4542/61/4739
f 4505/1635/4696 4506/938/4697 4544/1063/4741
f 4437/1644/4742 4545/1159/4743 4546/1096/4744
f 4545/1159/4743 4437/1644/4742 4547/1669/4745
f 4548/1159/4746 4443/1644/4617 4442/1096/4616
f 4549/1644/4747 4548/1159/4746 4550/1669/4747
f 4551/1670/4748 4552/1671/4749 4553/1672/4750
f 4552/1671/4749 4551/1670/4748 4554/1673/4751
f 4555/1674/4752 4554/1673/4751 4551/1670/4748
f 4554/1673/4751 4555/1674/4752 4556/1675/4753
f 4557/1676/4754 4553/1672/4750 4552/1671/4749
f 4553/1672/4750 4557/1676/4754 4558/1677/4755
f 4495/1658/4679 4558/1677/4755 4557/1676/4754
f 4558/1677/4755 4495/1658/4679 4494/1657/4678
f 4559/1670/4756 4560/1673/4757 4555/1674/4752
f 4555/1674/4752 4560/1673/4757 4556/1675/4753
f 4559/1670/4756 4561/1671/4758 4560/1673/4757
f 4561/1671/4758 4559/1670/4756 4562/1672/4759
f 4562/1672/4759 4563/1676/4760 4561/1671/4758
f 4564/1677/4761 4563/1676/4760 4562/1672/4759
f 4563/1676/4760 4564/1677/4761 4493/1658/4677
f 4492/1657/4676 4493/1658/4677 4564/1677/4761
f 4565/1678/4762 4566/1063/4762 4567/938/4763
f 4568/1669/4764 4566/1063/4762 4565/1678/4762
f 4569/1063/4765 4568/1669/4764 4548/1159/4766
f 4547/1669/4767 4570/1063/4768 4571/1159/4769
f 4570/1063/4768 4547/1669/4767 4572/1678/4770
f 4573/1679/4771 4574/1680/4772 4575/1681/4773
f 4574/1680/4772 4573/1679/4771 4576/1682/4774
f 4575/1681/4773 4577/1683/4775 4573/1679/4771
f 4578/1680/4776 4579/1679/4777 4575/1681/4778
f 4575/1681/4778 4579/1679/4777 4577/1683/4779
f 4579/1679/4777 4578/1680/4776 4580/1682/4780
f 4581/1684/4781 4582/1685/4782 4583/1686/4783
f 4582/1685/4782 4581/1684/4781 4584/1687/4784
f 4583/1686/4783 4582/1685/4782 4585/1688/4785
f 4583/1686/4783 4585/1688/4785 4586/1689/4786
f 4585/1688/4785 4587/1686/4787 4586/1689/4786
f 4588/1685/4788 4587/1686/4787 4585/1688/4785
f 4588/1685/4788 4589/1684/4789 4587/1686/4787
f 4589/1684/4789 4588/1685/4788 4590/1687/4790
f 4576/1682/4774 4466/1652/4644 4574/1680/4772
f 4591/1690/4791 4466/1652/4644 4576/1682/4774
f 4466/1652/4644 4591/1690/4791 4465/1651/4643
f 4472/1652/4650 4580/1682/4780 4578/1680/4776
f 4580/1682/4780 4472/1652/4650 4592/1690/4792
f 4592/1690/4792 4472/1652/4650 4471/1651/4649
f 4541/62/4738 4542/61/4739 4593/60/4793
f 4593/60/4793 4542/61/4739 4594/63/4794
f 4595/60/4795 4542/61/4739 4543/62/4740
f 4542/61/4739 4595/60/4795 4594/63/4794
f 4596/55/4793 4597/57/4796 4598/56/4797
f 4599/55/4795 4598/56/4797 4597/57/4796
f 4205/1593/4368 4203/1592/4367 4600/1691/4798
f 4601/1593/4799 4600/1691/4800 4602/1692/4799
f 4212/1593/4801 4603/1691/4802 4604/1592/4803
f 4603/1691/4802 4212/1593/4801 4605/1692/4804
f 4606/1550/4805 4607/20/4806 4608/1693/4807
f 4606/1550/4805 3994/23/4808 4607/20/4806
f 4609/1693/4809 4610/20/4810 4611/1550/4811
f 4610/20/4812 4612/23/4813 4000/1550/4814
f 4613/1694/4815 4614/1691/4815 4605/1692/4816
f 4615/1694/4817 4616/1692/4818 4600/1691/4819
f 4617/10/4820 4618/12/4821 4619/11/4822
f 3905/13/4823 4619/11/4822 4618/12/4821
f 4619/11/4822 3905/13/4823 3904/14/4824
f 4617/10/4820 4620/11/4825 4618/12/4821
f 4620/11/4825 3905/13/4823 4618/12/4821
f 3905/13/4823 4620/11/4825 3907/14/4826
f 4621/1695/4827 4622/1693/4827 4607/20/4828
f 4623/1695/4829 4624/20/4829 4609/1693/4830
